INSERT INTO auth.users (instance_id,id,aud,role,email,encrypted_password,email_confirmed_at,invited_at,confirmation_token,confirmation_sent_at,recovery_token,recovery_sent_at,email_change_token_new,email_change,email_change_sent_at,last_sign_in_at,raw_app_meta_data,raw_user_meta_data,is_super_admin,created_at,updated_at,phone,phone_confirmed_at,phone_change,phone_change_token,phone_change_sent_at,email_change_token_current,email_change_confirm_status,banned_until,reauthentication_token,reauthentication_sent_at,is_sso_user,deleted_at,is_anonymous) VALUES ('00000000-0000-0000-0000-000000000000', '0f5d546a-dd80-5406-a005-a4f3061b9fb4', 'authenticated', 'authenticated', 'test.user1@tickit.com', 'Declinguam utenim voluptas si quis inpore voluptatem, et omni expetum tament esse.', '2024-12-09T17:55:09.674Z', NULL, NULL, NULL, NULL, '2024-12-09T17:55:09.674Z', NULL, NULL, NULL, '2024-12-09T17:55:09.674Z', '{"provider":"email","providers":["email"]}', '{}', NULL, '2024-12-09T17:55:09.674Z', '2024-12-09T17:55:09.674Z', NULL, NULL, NULL, NULL, NULL, NULL, 0, NULL, NULL, NULL, 'f', NULL, 'f'), ('00000000-0000-0000-0000-000000000000', '5fef9e7c-116a-5504-a6ae-d16f4442d448', 'authenticated', 'authenticated', 'test.user2@tickit.com', 'Nota nec quietus quid per errore ipsa etriaque, graviora dicam inum potitat isse distinac docertiman placeat.', '2024-12-09T17:55:09.674Z', NULL, NULL, NULL, NULL, '2024-12-09T17:55:09.674Z', NULL, NULL, NULL, '2024-12-09T17:55:09.674Z', '{"provider":"email","providers":["email"]}', '{}', NULL, '2024-12-09T17:55:09.674Z', '2024-12-09T17:55:09.674Z', NULL, NULL, NULL, NULL, NULL, NULL, 0, NULL, NULL, NULL, 'f', NULL, 'f'), ('00000000-0000-0000-0000-000000000000', '5ac46069-d153-5b50-a0be-8a017d379243', 'authenticated', 'authenticated', 'test.user3@tickit.com', 'Viverire quid valla iudicartif molesse gerendam esse, tenta sapere rebus ii consed nec ne.', '2024-12-09T17:55:09.674Z', NULL, NULL, NULL, NULL, '2024-12-09T17:55:09.674Z', NULL, NULL, NULL, '2024-12-09T17:55:09.674Z', '{"provider":"email","providers":["email"]}', '{}', NULL, '2024-12-09T17:55:09.674Z', '2024-12-09T17:55:09.674Z', NULL, NULL, NULL, NULL, NULL, NULL, 0, NULL, NULL, NULL, 'f', NULL, 'f'), ('00000000-0000-0000-0000-000000000000', '5f2c632c-1003-5d3e-94f5-6085899aa359', 'authenticated', 'authenticated', 'test.user4@tickit.com', 'Sumit es quaeso endas iis neque non dolore, cum integrisque cum confecerun cum.', '2024-12-09T17:55:09.674Z', NULL, NULL, NULL, NULL, '2024-12-09T17:55:09.674Z', NULL, NULL, NULL, '2024-12-09T17:55:09.674Z', '{"provider":"email","providers":["email"]}', '{}', NULL, '2024-12-09T17:55:09.674Z', '2024-12-09T17:55:09.674Z', NULL, NULL, NULL, NULL, NULL, NULL, 0, NULL, NULL, NULL, 'f', NULL, 'f'), ('00000000-0000-0000-0000-000000000000', '71c8f57c-aae5-5ac8-8fc0-a1ff399b17b8', 'authenticated', 'authenticated', 'test.user5@tickit.com', 'Aut ea posset cum dissentanta, distinere discipitaq quae graeci debitem.', '2024-12-09T17:55:09.674Z', NULL, NULL, NULL, NULL, '2024-12-09T17:55:09.674Z', NULL, NULL, NULL, '2024-12-09T17:55:09.674Z', '{"provider":"email","providers":["email"]}', '{}', NULL, '2024-12-09T17:55:09.674Z', '2024-12-09T17:55:09.674Z', NULL, NULL, NULL, NULL, NULL, NULL, 0, NULL, NULL, NULL, 'f', NULL, 'f'), ('00000000-0000-0000-0000-000000000000', '815c84a1-9088-5e6f-b1ab-0853285c0e5d', 'authenticated', 'authenticated', 'test.user6@tickit.com', 'Patriam se poterea etiam hic divelabor non l.', '2024-12-09T17:55:09.674Z', NULL, NULL, NULL, NULL, '2024-12-09T17:55:09.674Z', NULL, NULL, NULL, '2024-12-09T17:55:09.674Z', '{"provider":"email","providers":["email"]}', '{}', NULL, '2024-12-09T17:55:09.674Z', '2024-12-09T17:55:09.674Z', NULL, NULL, NULL, NULL, NULL, NULL, 0, NULL, NULL, NULL, 'f', NULL, 'f'), ('00000000-0000-0000-0000-000000000000', 'f14ee7a7-b3f9-561d-8cf7-983293f0008f', 'authenticated', 'authenticated', 'test.user7@tickit.com', 'Eo quid correcus eam molest motus et sola.', '2024-12-09T17:55:09.674Z', NULL, NULL, NULL, NULL, '2024-12-09T17:55:09.674Z', NULL, NULL, NULL, '2024-12-09T17:55:09.674Z', '{"provider":"email","providers":["email"]}', '{}', NULL, '2024-12-09T17:55:09.674Z', '2024-12-09T17:55:09.674Z', NULL, NULL, NULL, NULL, NULL, NULL, 0, NULL, NULL, NULL, 'f', NULL, 'f'), ('00000000-0000-0000-0000-000000000000', 'e4153ca5-d012-5995-bad4-086731587974', 'authenticated', 'authenticated', 'test.user8@tickit.com', 'A nis voluptatem ista nam iteraliq non recus.', '2024-12-09T17:55:09.674Z', NULL, NULL, NULL, NULL, '2024-12-09T17:55:09.674Z', NULL, NULL, NULL, '2024-12-09T17:55:09.674Z', '{"provider":"email","providers":["email"]}', '{}', NULL, '2024-12-09T17:55:09.674Z', '2024-12-09T17:55:09.674Z', NULL, NULL, NULL, NULL, NULL, NULL, 0, NULL, NULL, NULL, 'f', NULL, 'f'), ('00000000-0000-0000-0000-000000000000', '8bb5337a-4ae8-5fe9-834c-d09e97c220b7', 'authenticated', 'authenticated', 'test.user9@tickit.com', 'Adverterror quisquam potest abilest tibus etur sumus detractis, industria intelleger parargueren qua pugnantibus gravisse nondum et.', '2024-12-09T17:55:09.674Z', NULL, NULL, NULL, NULL, '2024-12-09T17:55:09.674Z', NULL, NULL, NULL, '2024-12-09T17:55:09.674Z', '{"provider":"email","providers":["email"]}', '{}', NULL, '2024-12-09T17:55:09.674Z', '2024-12-09T17:55:09.674Z', NULL, NULL, NULL, NULL, NULL, NULL, 0, NULL, NULL, NULL, 'f', NULL, 'f'), ('00000000-0000-0000-0000-000000000000', 'b36ab93a-34cf-5d2f-8309-1f65466da6f0', 'authenticated', 'authenticated', 'test.user10@tickit.com', 'Voluptatis nihil quam fruuntur ab voluptate tollitterror.', '2024-12-09T17:55:09.674Z', NULL, NULL, NULL, NULL, '2024-12-09T17:55:09.674Z', NULL, NULL, NULL, '2024-12-09T17:55:09.674Z', '{"provider":"email","providers":["email"]}', '{}', NULL, '2024-12-09T17:55:09.674Z', '2024-12-09T17:55:09.674Z', NULL, NULL, NULL, NULL, NULL, NULL, 0, NULL, NULL, NULL, 'f', NULL, 'f'), ('00000000-0000-0000-0000-000000000000', '44315cac-0a3d-513e-ae25-923183abdce2', 'authenticated', 'authenticated', 'test.user11@tickit.com', 'Esse ratione stare nimium sentenda sint sua suis.', '2024-12-09T17:55:09.674Z', NULL, NULL, NULL, NULL, '2024-12-09T17:55:09.674Z', NULL, NULL, NULL, '2024-12-09T17:55:09.674Z', '{"provider":"email","providers":["email"]}', '{}', NULL, '2024-12-09T17:55:09.674Z', '2024-12-09T17:55:09.674Z', NULL, NULL, NULL, NULL, NULL, NULL, 0, NULL, NULL, NULL, 'f', NULL, 'f'), ('00000000-0000-0000-0000-000000000000', 'bc6c992f-6177-5b38-a99d-4c1f8bf2d0e3', 'authenticated', 'authenticated', 'test.user12@tickit.com', 'Locis tranquillae erudines monet quod sed.', '2024-12-09T17:55:09.674Z', NULL, NULL, NULL, NULL, '2024-12-09T17:55:09.674Z', NULL, NULL, NULL, '2024-12-09T17:55:09.674Z', '{"provider":"email","providers":["email"]}', '{}', NULL, '2024-12-09T17:55:09.674Z', '2024-12-09T17:55:09.674Z', NULL, NULL, NULL, NULL, NULL, NULL, 0, NULL, NULL, NULL, 'f', NULL, 'f'), ('00000000-0000-0000-0000-000000000000', '5ca75a8e-3605-5166-aa74-4e2e2fc0beef', 'authenticated', 'authenticated', 'test.user13@tickit.com', 'Inestiam qui volupletior facilius a maloribus foedusus quo.', '2024-12-09T17:55:09.674Z', NULL, NULL, NULL, NULL, '2024-12-09T17:55:09.674Z', NULL, NULL, NULL, '2024-12-09T17:55:09.674Z', '{"provider":"email","providers":["email"]}', '{}', NULL, '2024-12-09T17:55:09.674Z', '2024-12-09T17:55:09.674Z', NULL, NULL, NULL, NULL, NULL, NULL, 0, NULL, NULL, NULL, 'f', NULL, 'f'), ('00000000-0000-0000-0000-000000000000', '12b3f6e4-8e09-5767-b1ce-9d45589acea2', 'authenticated', 'authenticated', 'test.user14@tickit.com', 'Ensa acundo aeque iud effecta puerilia.', '2024-12-09T17:55:09.674Z', NULL, NULL, NULL, NULL, '2024-12-09T17:55:09.674Z', NULL, NULL, NULL, '2024-12-09T17:55:09.674Z', '{"provider":"email","providers":["email"]}', '{}', NULL, '2024-12-09T17:55:09.674Z', '2024-12-09T17:55:09.674Z', NULL, NULL, NULL, NULL, NULL, NULL, 0, NULL, NULL, NULL, 'f', NULL, 'f'), ('00000000-0000-0000-0000-000000000000', '461f046b-b8af-5c8e-95dd-0f9194531ecb', 'authenticated', 'authenticated', 'test.user15@tickit.com', 'Sit sola me dubium aegritatur poris tantopero nec.', '2024-12-09T17:55:09.674Z', NULL, NULL, NULL, NULL, '2024-12-09T17:55:09.674Z', NULL, NULL, NULL, '2024-12-09T17:55:09.674Z', '{"provider":"email","providers":["email"]}', '{}', NULL, '2024-12-09T17:55:09.674Z', '2024-12-09T17:55:09.674Z', NULL, NULL, NULL, NULL, NULL, NULL, 0, NULL, NULL, NULL, 'f', NULL, 'f'), ('00000000-0000-0000-0000-000000000000', 'dce623ef-801d-54b0-a2df-9358c082e29e', 'authenticated', 'authenticated', 'test.user16@tickit.com', 'Asper venerit potest versuum quaerenimpet.', '2024-12-09T17:55:09.674Z', NULL, NULL, NULL, NULL, '2024-12-09T17:55:09.674Z', NULL, NULL, NULL, '2024-12-09T17:55:09.674Z', '{"provider":"email","providers":["email"]}', '{}', NULL, '2024-12-09T17:55:09.674Z', '2024-12-09T17:55:09.674Z', NULL, NULL, NULL, NULL, NULL, NULL, 0, NULL, NULL, NULL, 'f', NULL, 'f'), ('00000000-0000-0000-0000-000000000000', '82d62e5d-3a42-5fcc-8eba-42d842fea91a', 'authenticated', 'authenticated', 'test.user17@tickit.com', 'Maiorem pendetraxis ine quod quodsi.', '2024-12-09T17:55:09.674Z', NULL, NULL, NULL, NULL, '2024-12-09T17:55:09.674Z', NULL, NULL, NULL, '2024-12-09T17:55:09.674Z', '{"provider":"email","providers":["email"]}', '{}', NULL, '2024-12-09T17:55:09.674Z', '2024-12-09T17:55:09.674Z', NULL, NULL, NULL, NULL, NULL, NULL, 0, NULL, NULL, NULL, 'f', NULL, 'f'), ('00000000-0000-0000-0000-000000000000', '4906cefc-1eec-5209-9bcc-28e8cf7c862a', 'authenticated', 'authenticated', 'test.user18@tickit.com', 'Turi torquate libid est placet.', '2024-12-09T17:55:09.674Z', NULL, NULL, NULL, NULL, '2024-12-09T17:55:09.674Z', NULL, NULL, NULL, '2024-12-09T17:55:09.674Z', '{"provider":"email","providers":["email"]}', '{}', NULL, '2024-12-09T17:55:09.674Z', '2024-12-09T17:55:09.674Z', NULL, NULL, NULL, NULL, NULL, NULL, 0, NULL, NULL, NULL, 'f', NULL, 'f'), ('00000000-0000-0000-0000-000000000000', 'c9ea0237-6687-557a-b9a6-7641ce93392e', 'authenticated', 'authenticated', 'test.user19@tickit.com', 'Eo legerigim litterum levat et quem praeclaret hoc, quippiam hosti celeret nostra dissentiar officille quam.', '2024-12-09T17:55:09.674Z', NULL, NULL, NULL, NULL, '2024-12-09T17:55:09.674Z', NULL, NULL, NULL, '2024-12-09T17:55:09.674Z', '{"provider":"email","providers":["email"]}', '{}', NULL, '2024-12-09T17:55:09.674Z', '2024-12-09T17:55:09.674Z', NULL, NULL, NULL, NULL, NULL, NULL, 0, NULL, NULL, NULL, 'f', NULL, 'f'), ('00000000-0000-0000-0000-000000000000', '698b6e50-7060-5752-b30f-c3c5d2ee3400', 'authenticated', 'authenticated', 'test.user20@tickit.com', 'Ex munere cum diis novum et igit, fructu mihi meo bonum mensae contenta non.', '2024-12-09T17:55:09.674Z', NULL, NULL, NULL, NULL, '2024-12-09T17:55:09.674Z', NULL, NULL, NULL, '2024-12-09T17:55:09.674Z', '{"provider":"email","providers":["email"]}', '{}', NULL, '2024-12-09T17:55:09.674Z', '2024-12-09T17:55:09.674Z', NULL, NULL, NULL, NULL, NULL, NULL, 0, NULL, NULL, NULL, 'f', NULL, 'f'), ('00000000-0000-0000-0000-000000000000', 'f50300db-d620-587a-a6c0-46d7f9ace912', 'authenticated', 'authenticated', 'test.user21@tickit.com', 'Si possit contentiae potere andi vertat, tant epicur delecticiam peritatem putas quamvis priventur suscipitaq.', '2024-12-09T17:55:09.674Z', NULL, NULL, NULL, NULL, '2024-12-09T17:55:09.674Z', NULL, NULL, NULL, '2024-12-09T17:55:09.674Z', '{"provider":"email","providers":["email"]}', '{}', NULL, '2024-12-09T17:55:09.674Z', '2024-12-09T17:55:09.674Z', NULL, NULL, NULL, NULL, NULL, NULL, 0, NULL, NULL, NULL, 'f', NULL, 'f'), ('00000000-0000-0000-0000-000000000000', '05eee4fe-379a-5426-9023-edc77e045168', 'authenticated', 'authenticated', 'test.user22@tickit.com', 'Non quae res afferation sit locos.', '2024-12-09T17:55:09.674Z', NULL, NULL, NULL, NULL, '2024-12-09T17:55:09.674Z', NULL, NULL, NULL, '2024-12-09T17:55:09.674Z', '{"provider":"email","providers":["email"]}', '{}', NULL, '2024-12-09T17:55:09.674Z', '2024-12-09T17:55:09.674Z', NULL, NULL, NULL, NULL, NULL, NULL, 0, NULL, NULL, NULL, 'f', NULL, 'f'), ('00000000-0000-0000-0000-000000000000', '3b2bfa08-09d7-5968-a3d8-4fe62753f511', 'authenticated', 'authenticated', 'test.user23@tickit.com', 'Quis num scriptore consum haec perspicuum hoc, inquam cognostris ipsam qui estiae facilii.', '2024-12-09T17:55:09.674Z', NULL, NULL, NULL, NULL, '2024-12-09T17:55:09.674Z', NULL, NULL, NULL, '2024-12-09T17:55:09.674Z', '{"provider":"email","providers":["email"]}', '{}', NULL, '2024-12-09T17:55:09.674Z', '2024-12-09T17:55:09.674Z', NULL, NULL, NULL, NULL, NULL, NULL, 0, NULL, NULL, NULL, 'f', NULL, 'f'), ('00000000-0000-0000-0000-000000000000', 'a866962c-13a6-52c8-965b-d859c0325cb5', 'authenticated', 'authenticated', 'test.user24@tickit.com', 'Non etiam ipsistatem iam quam.', '2024-12-09T17:55:09.674Z', NULL, NULL, NULL, NULL, '2024-12-09T17:55:09.674Z', NULL, NULL, NULL, '2024-12-09T17:55:09.674Z', '{"provider":"email","providers":["email"]}', '{}', NULL, '2024-12-09T17:55:09.674Z', '2024-12-09T17:55:09.674Z', NULL, NULL, NULL, NULL, NULL, NULL, 0, NULL, NULL, NULL, 'f', NULL, 'f'), ('00000000-0000-0000-0000-000000000000', '6f72baed-b6f1-5fb7-a370-fb32611b758b', 'authenticated', 'authenticated', 'test.user25@tickit.com', 'Possunt ad even erieturos natur loco nulla.', '2024-12-09T17:55:09.674Z', NULL, NULL, NULL, NULL, '2024-12-09T17:55:09.674Z', NULL, NULL, NULL, '2024-12-09T17:55:09.674Z', '{"provider":"email","providers":["email"]}', '{}', NULL, '2024-12-09T17:55:09.674Z', '2024-12-09T17:55:09.674Z', NULL, NULL, NULL, NULL, NULL, NULL, 0, NULL, NULL, NULL, 'f', NULL, 'f');
INSERT INTO auth.identities (provider_id,user_id,identity_data,provider,last_sign_in_at,created_at,updated_at,id) VALUES ('0f5d546a-dd80-5406-a005-a4f3061b9fb4', '0f5d546a-dd80-5406-a005-a4f3061b9fb4', '{"sub":"0f5d546a-dd80-5406-a005-a4f3061b9fb4","email":"test.user1@tickit.com"}', 'email', '2024-12-09T17:55:09.674Z', '2024-12-09T17:55:09.674Z', '2024-12-09T17:55:09.674Z', 'eb2b4a57-df1b-56a8-8a95-ca16989907f9'), ('5fef9e7c-116a-5504-a6ae-d16f4442d448', '5fef9e7c-116a-5504-a6ae-d16f4442d448', '{"sub":"5fef9e7c-116a-5504-a6ae-d16f4442d448","email":"test.user2@tickit.com"}', 'email', '2024-12-09T17:55:09.674Z', '2024-12-09T17:55:09.674Z', '2024-12-09T17:55:09.674Z', 'bf14d652-75df-5656-b5df-0c02c3fcb486'), ('5ac46069-d153-5b50-a0be-8a017d379243', '5ac46069-d153-5b50-a0be-8a017d379243', '{"sub":"5ac46069-d153-5b50-a0be-8a017d379243","email":"test.user3@tickit.com"}', 'email', '2024-12-09T17:55:09.674Z', '2024-12-09T17:55:09.674Z', '2024-12-09T17:55:09.674Z', '11b0d55f-744b-56a3-86fb-0e7442ced8ab'), ('5f2c632c-1003-5d3e-94f5-6085899aa359', '5f2c632c-1003-5d3e-94f5-6085899aa359', '{"sub":"5f2c632c-1003-5d3e-94f5-6085899aa359","email":"test.user4@tickit.com"}', 'email', '2024-12-09T17:55:09.674Z', '2024-12-09T17:55:09.674Z', '2024-12-09T17:55:09.674Z', '150a7299-a959-56d7-8725-7badd0539282'), ('71c8f57c-aae5-5ac8-8fc0-a1ff399b17b8', '71c8f57c-aae5-5ac8-8fc0-a1ff399b17b8', '{"sub":"71c8f57c-aae5-5ac8-8fc0-a1ff399b17b8","email":"test.user5@tickit.com"}', 'email', '2024-12-09T17:55:09.674Z', '2024-12-09T17:55:09.674Z', '2024-12-09T17:55:09.674Z', 'f4ad20e8-b55c-5bbf-a193-1bcd2de34826'), ('815c84a1-9088-5e6f-b1ab-0853285c0e5d', '815c84a1-9088-5e6f-b1ab-0853285c0e5d', '{"sub":"815c84a1-9088-5e6f-b1ab-0853285c0e5d","email":"test.user6@tickit.com"}', 'email', '2024-12-09T17:55:09.674Z', '2024-12-09T17:55:09.674Z', '2024-12-09T17:55:09.674Z', '4a9491f7-7963-5a23-b99b-6c31bd80efdb'), ('f14ee7a7-b3f9-561d-8cf7-983293f0008f', 'f14ee7a7-b3f9-561d-8cf7-983293f0008f', '{"sub":"f14ee7a7-b3f9-561d-8cf7-983293f0008f","email":"test.user7@tickit.com"}', 'email', '2024-12-09T17:55:09.674Z', '2024-12-09T17:55:09.674Z', '2024-12-09T17:55:09.674Z', '5766cc39-9c14-5701-84d0-46944ab9e232'), ('e4153ca5-d012-5995-bad4-086731587974', 'e4153ca5-d012-5995-bad4-086731587974', '{"sub":"e4153ca5-d012-5995-bad4-086731587974","email":"test.user8@tickit.com"}', 'email', '2024-12-09T17:55:09.674Z', '2024-12-09T17:55:09.674Z', '2024-12-09T17:55:09.674Z', '15d24f08-a02e-52e5-abea-0bad1856598b'), ('8bb5337a-4ae8-5fe9-834c-d09e97c220b7', '8bb5337a-4ae8-5fe9-834c-d09e97c220b7', '{"sub":"8bb5337a-4ae8-5fe9-834c-d09e97c220b7","email":"test.user9@tickit.com"}', 'email', '2024-12-09T17:55:09.674Z', '2024-12-09T17:55:09.674Z', '2024-12-09T17:55:09.674Z', '0b7111ca-b02a-5aa9-88c9-7d9d4480cb90'), ('b36ab93a-34cf-5d2f-8309-1f65466da6f0', 'b36ab93a-34cf-5d2f-8309-1f65466da6f0', '{"sub":"b36ab93a-34cf-5d2f-8309-1f65466da6f0","email":"test.user10@tickit.com"}', 'email', '2024-12-09T17:55:09.674Z', '2024-12-09T17:55:09.674Z', '2024-12-09T17:55:09.674Z', '9b271e1e-57a9-59cd-b639-0cdc1c4407a6'), ('44315cac-0a3d-513e-ae25-923183abdce2', '44315cac-0a3d-513e-ae25-923183abdce2', '{"sub":"44315cac-0a3d-513e-ae25-923183abdce2","email":"test.user11@tickit.com"}', 'email', '2024-12-09T17:55:09.674Z', '2024-12-09T17:55:09.674Z', '2024-12-09T17:55:09.674Z', '3282d533-7f68-5e89-86fa-fc8677b4d9bd'), ('bc6c992f-6177-5b38-a99d-4c1f8bf2d0e3', 'bc6c992f-6177-5b38-a99d-4c1f8bf2d0e3', '{"sub":"bc6c992f-6177-5b38-a99d-4c1f8bf2d0e3","email":"test.user12@tickit.com"}', 'email', '2024-12-09T17:55:09.674Z', '2024-12-09T17:55:09.674Z', '2024-12-09T17:55:09.674Z', 'e5e7b2ff-595a-5539-9fb0-ec6255c0c86e'), ('5ca75a8e-3605-5166-aa74-4e2e2fc0beef', '5ca75a8e-3605-5166-aa74-4e2e2fc0beef', '{"sub":"5ca75a8e-3605-5166-aa74-4e2e2fc0beef","email":"test.user13@tickit.com"}', 'email', '2024-12-09T17:55:09.674Z', '2024-12-09T17:55:09.674Z', '2024-12-09T17:55:09.674Z', '244decd4-56cd-5734-b941-d66796602506'), ('12b3f6e4-8e09-5767-b1ce-9d45589acea2', '12b3f6e4-8e09-5767-b1ce-9d45589acea2', '{"sub":"12b3f6e4-8e09-5767-b1ce-9d45589acea2","email":"test.user14@tickit.com"}', 'email', '2024-12-09T17:55:09.674Z', '2024-12-09T17:55:09.674Z', '2024-12-09T17:55:09.674Z', 'e5f41202-4a9b-502f-a407-03d4b21cdb9b'), ('461f046b-b8af-5c8e-95dd-0f9194531ecb', '461f046b-b8af-5c8e-95dd-0f9194531ecb', '{"sub":"461f046b-b8af-5c8e-95dd-0f9194531ecb","email":"test.user15@tickit.com"}', 'email', '2024-12-09T17:55:09.674Z', '2024-12-09T17:55:09.674Z', '2024-12-09T17:55:09.674Z', '82cc8dcd-0ef0-551d-bf62-4d5bf76a19ca'), ('dce623ef-801d-54b0-a2df-9358c082e29e', 'dce623ef-801d-54b0-a2df-9358c082e29e', '{"sub":"dce623ef-801d-54b0-a2df-9358c082e29e","email":"test.user16@tickit.com"}', 'email', '2024-12-09T17:55:09.674Z', '2024-12-09T17:55:09.674Z', '2024-12-09T17:55:09.674Z', '85ede0d4-70df-5f88-ac82-244045023055'), ('82d62e5d-3a42-5fcc-8eba-42d842fea91a', '82d62e5d-3a42-5fcc-8eba-42d842fea91a', '{"sub":"82d62e5d-3a42-5fcc-8eba-42d842fea91a","email":"test.user17@tickit.com"}', 'email', '2024-12-09T17:55:09.674Z', '2024-12-09T17:55:09.674Z', '2024-12-09T17:55:09.674Z', '59ff2003-d1fc-59ed-8961-019cd572ab0f'), ('4906cefc-1eec-5209-9bcc-28e8cf7c862a', '4906cefc-1eec-5209-9bcc-28e8cf7c862a', '{"sub":"4906cefc-1eec-5209-9bcc-28e8cf7c862a","email":"test.user18@tickit.com"}', 'email', '2024-12-09T17:55:09.674Z', '2024-12-09T17:55:09.674Z', '2024-12-09T17:55:09.674Z', 'fe6d4d2a-cbd2-5ce5-a914-6240b07a1643'), ('c9ea0237-6687-557a-b9a6-7641ce93392e', 'c9ea0237-6687-557a-b9a6-7641ce93392e', '{"sub":"c9ea0237-6687-557a-b9a6-7641ce93392e","email":"test.user19@tickit.com"}', 'email', '2024-12-09T17:55:09.674Z', '2024-12-09T17:55:09.674Z', '2024-12-09T17:55:09.674Z', 'ad292526-3a03-5d78-8cb8-cf4608ba0599'), ('698b6e50-7060-5752-b30f-c3c5d2ee3400', '698b6e50-7060-5752-b30f-c3c5d2ee3400', '{"sub":"698b6e50-7060-5752-b30f-c3c5d2ee3400","email":"test.user20@tickit.com"}', 'email', '2024-12-09T17:55:09.674Z', '2024-12-09T17:55:09.674Z', '2024-12-09T17:55:09.674Z', 'c1d58780-c7c4-5231-8bd9-68c1280cfd44'), ('f50300db-d620-587a-a6c0-46d7f9ace912', 'f50300db-d620-587a-a6c0-46d7f9ace912', '{"sub":"f50300db-d620-587a-a6c0-46d7f9ace912","email":"test.user21@tickit.com"}', 'email', '2024-12-09T17:55:09.674Z', '2024-12-09T17:55:09.674Z', '2024-12-09T17:55:09.674Z', 'b3f3e73a-772f-50c9-8e5f-90e013abda24'), ('05eee4fe-379a-5426-9023-edc77e045168', '05eee4fe-379a-5426-9023-edc77e045168', '{"sub":"05eee4fe-379a-5426-9023-edc77e045168","email":"test.user22@tickit.com"}', 'email', '2024-12-09T17:55:09.674Z', '2024-12-09T17:55:09.674Z', '2024-12-09T17:55:09.674Z', '44fdc9c3-d2a3-513a-9bd7-d42822ac4fdb'), ('3b2bfa08-09d7-5968-a3d8-4fe62753f511', '3b2bfa08-09d7-5968-a3d8-4fe62753f511', '{"sub":"3b2bfa08-09d7-5968-a3d8-4fe62753f511","email":"test.user23@tickit.com"}', 'email', '2024-12-09T17:55:09.674Z', '2024-12-09T17:55:09.674Z', '2024-12-09T17:55:09.674Z', '2f72e7c5-ea3c-52ba-9f0b-77ef4bd1b8d5'), ('a866962c-13a6-52c8-965b-d859c0325cb5', 'a866962c-13a6-52c8-965b-d859c0325cb5', '{"sub":"a866962c-13a6-52c8-965b-d859c0325cb5","email":"test.user24@tickit.com"}', 'email', '2024-12-09T17:55:09.674Z', '2024-12-09T17:55:09.674Z', '2024-12-09T17:55:09.674Z', '24572959-8631-5e0d-b8e0-b120e971fcca'), ('6f72baed-b6f1-5fb7-a370-fb32611b758b', '6f72baed-b6f1-5fb7-a370-fb32611b758b', '{"sub":"6f72baed-b6f1-5fb7-a370-fb32611b758b","email":"test.user25@tickit.com"}', 'email', '2024-12-09T17:55:09.674Z', '2024-12-09T17:55:09.674Z', '2024-12-09T17:55:09.674Z', '2b16a32d-0374-586f-af46-75cb2cd22e52');
UPDATE AUTH.USERS
        SET
            ENCRYPTED_PASSWORD = extensions.crypt('123', extensions.gen_salt('bf'));
UPDATE AUTH.USERS
        SET
            CONFIRMATION_TOKEN = '',
            RECOVERY_TOKEN = '',
            EMAIL_CHANGE = '',
            EMAIL_CHANGE_TOKEN_NEW = '',
            PHONE_CHANGE_TOKEN = '',
            PHONE_CHANGE = '',
            EMAIL_CHANGE_TOKEN_CURRENT = '',
            REAUTHENTICATION_TOKEN = '';
UPDATE public.profile
            SET
                first_name = 'Leon',
                last_name = 'Gorczany'
            WHERE
                user_id = '0f5d546a-dd80-5406-a005-a4f3061b9fb4';
INSERT INTO public.user_role (
                    user_id,
                    role_id
                ) VALUES (
                    '0f5d546a-dd80-5406-a005-a4f3061b9fb4',
                    1
                );
INSERT INTO public.user_role (
                    user_id,
                    role_id
                ) VALUES (
                    '0f5d546a-dd80-5406-a005-a4f3061b9fb4',
                    2
                );
INSERT INTO public.user_role (
                    user_id,
                    role_id
                ) VALUES (
                    '0f5d546a-dd80-5406-a005-a4f3061b9fb4',
                    3
                );
UPDATE public.profile
            SET
                first_name = 'Leanne',
                last_name = 'Price'
            WHERE
                user_id = '5fef9e7c-116a-5504-a6ae-d16f4442d448';
INSERT INTO public.user_role (
                user_id,
                role_id
            ) VALUES (
                '5fef9e7c-116a-5504-a6ae-d16f4442d448',
                2
            );
UPDATE public.profile
            SET
                first_name = 'Ryley',
                last_name = 'Wiza'
            WHERE
                user_id = '5ac46069-d153-5b50-a0be-8a017d379243';
INSERT INTO public.user_role (
                user_id,
                role_id
            ) VALUES (
                '5ac46069-d153-5b50-a0be-8a017d379243',
                1
            );
UPDATE public.profile
            SET
                first_name = 'Charles',
                last_name = 'Rohan'
            WHERE
                user_id = '5f2c632c-1003-5d3e-94f5-6085899aa359';
INSERT INTO public.user_role (
                user_id,
                role_id
            ) VALUES (
                '5f2c632c-1003-5d3e-94f5-6085899aa359',
                1
            );
UPDATE public.profile
            SET
                first_name = 'Viviane',
                last_name = 'Purdy'
            WHERE
                user_id = '71c8f57c-aae5-5ac8-8fc0-a1ff399b17b8';
UPDATE public.profile
                    SET
                        is_active = FALSE
                    WHERE
                        user_id = '71c8f57c-aae5-5ac8-8fc0-a1ff399b17b8';
INSERT INTO public.user_role (
                user_id,
                role_id
            ) VALUES (
                '71c8f57c-aae5-5ac8-8fc0-a1ff399b17b8',
                3
            );
UPDATE public.profile
            SET
                first_name = 'Frances',
                last_name = 'Gusikowski'
            WHERE
                user_id = '815c84a1-9088-5e6f-b1ab-0853285c0e5d';
INSERT INTO public.user_role (
                user_id,
                role_id
            ) VALUES (
                '815c84a1-9088-5e6f-b1ab-0853285c0e5d',
                2
            );
UPDATE public.profile
            SET
                first_name = 'Luis',
                last_name = 'Fay'
            WHERE
                user_id = 'f14ee7a7-b3f9-561d-8cf7-983293f0008f';
INSERT INTO public.user_role (
                user_id,
                role_id
            ) VALUES (
                'f14ee7a7-b3f9-561d-8cf7-983293f0008f',
                2
            );
UPDATE public.profile
            SET
                first_name = 'Riley',
                last_name = 'Lesch'
            WHERE
                user_id = 'e4153ca5-d012-5995-bad4-086731587974';
UPDATE public.profile
                    SET
                        is_active = FALSE
                    WHERE
                        user_id = 'e4153ca5-d012-5995-bad4-086731587974';
INSERT INTO public.user_role (
                user_id,
                role_id
            ) VALUES (
                'e4153ca5-d012-5995-bad4-086731587974',
                1
            );
UPDATE public.profile
            SET
                first_name = 'Reina',
                last_name = 'Jast'
            WHERE
                user_id = '8bb5337a-4ae8-5fe9-834c-d09e97c220b7';
INSERT INTO public.user_role (
                user_id,
                role_id
            ) VALUES (
                '8bb5337a-4ae8-5fe9-834c-d09e97c220b7',
                3
            );
UPDATE public.profile
            SET
                first_name = 'Felix',
                last_name = 'Stamm'
            WHERE
                user_id = 'b36ab93a-34cf-5d2f-8309-1f65466da6f0';
INSERT INTO public.user_role (
                user_id,
                role_id
            ) VALUES (
                'b36ab93a-34cf-5d2f-8309-1f65466da6f0',
                3
            );
UPDATE public.profile
            SET
                first_name = 'Lloyd',
                last_name = 'Koelpin'
            WHERE
                user_id = '44315cac-0a3d-513e-ae25-923183abdce2';
INSERT INTO public.user_role (
                user_id,
                role_id
            ) VALUES (
                '44315cac-0a3d-513e-ae25-923183abdce2',
                3
            );
UPDATE public.profile
            SET
                first_name = 'Israel',
                last_name = 'Cremin'
            WHERE
                user_id = 'bc6c992f-6177-5b38-a99d-4c1f8bf2d0e3';
INSERT INTO public.user_role (
                user_id,
                role_id
            ) VALUES (
                'bc6c992f-6177-5b38-a99d-4c1f8bf2d0e3',
                1
            );
UPDATE public.profile
            SET
                first_name = 'Preston',
                last_name = 'Feeney'
            WHERE
                user_id = '5ca75a8e-3605-5166-aa74-4e2e2fc0beef';
INSERT INTO public.user_role (
                user_id,
                role_id
            ) VALUES (
                '5ca75a8e-3605-5166-aa74-4e2e2fc0beef',
                3
            );
UPDATE public.profile
            SET
                first_name = 'Bertrand',
                last_name = 'Mraz'
            WHERE
                user_id = '12b3f6e4-8e09-5767-b1ce-9d45589acea2';
INSERT INTO public.user_role (
                user_id,
                role_id
            ) VALUES (
                '12b3f6e4-8e09-5767-b1ce-9d45589acea2',
                2
            );
UPDATE public.profile
            SET
                first_name = 'Macie',
                last_name = 'Jakubowski'
            WHERE
                user_id = '461f046b-b8af-5c8e-95dd-0f9194531ecb';
INSERT INTO public.user_role (
                user_id,
                role_id
            ) VALUES (
                '461f046b-b8af-5c8e-95dd-0f9194531ecb',
                1
            );
UPDATE public.profile
            SET
                first_name = 'Doris',
                last_name = 'Lueilwitz'
            WHERE
                user_id = 'dce623ef-801d-54b0-a2df-9358c082e29e';
INSERT INTO public.user_role (
                user_id,
                role_id
            ) VALUES (
                'dce623ef-801d-54b0-a2df-9358c082e29e',
                1
            );
UPDATE public.profile
            SET
                first_name = 'Nestor',
                last_name = 'Stanton'
            WHERE
                user_id = '82d62e5d-3a42-5fcc-8eba-42d842fea91a';
INSERT INTO public.user_role (
                user_id,
                role_id
            ) VALUES (
                '82d62e5d-3a42-5fcc-8eba-42d842fea91a',
                3
            );
UPDATE public.profile
            SET
                first_name = 'Mona',
                last_name = 'Bashirian'
            WHERE
                user_id = '4906cefc-1eec-5209-9bcc-28e8cf7c862a';
INSERT INTO public.user_role (
                user_id,
                role_id
            ) VALUES (
                '4906cefc-1eec-5209-9bcc-28e8cf7c862a',
                1
            );
UPDATE public.profile
            SET
                first_name = 'Chelsea',
                last_name = 'White'
            WHERE
                user_id = 'c9ea0237-6687-557a-b9a6-7641ce93392e';
INSERT INTO public.user_role (
                user_id,
                role_id
            ) VALUES (
                'c9ea0237-6687-557a-b9a6-7641ce93392e',
                1
            );
UPDATE public.profile
            SET
                first_name = 'Mateo',
                last_name = 'Crist'
            WHERE
                user_id = '698b6e50-7060-5752-b30f-c3c5d2ee3400';
INSERT INTO public.user_role (
                user_id,
                role_id
            ) VALUES (
                '698b6e50-7060-5752-b30f-c3c5d2ee3400',
                3
            );
UPDATE public.profile
            SET
                first_name = 'Chloe',
                last_name = 'Daugherty'
            WHERE
                user_id = 'f50300db-d620-587a-a6c0-46d7f9ace912';
UPDATE public.profile
                    SET
                        is_active = FALSE
                    WHERE
                        user_id = 'f50300db-d620-587a-a6c0-46d7f9ace912';
INSERT INTO public.user_role (
                user_id,
                role_id
            ) VALUES (
                'f50300db-d620-587a-a6c0-46d7f9ace912',
                2
            );
UPDATE public.profile
            SET
                first_name = 'Gregorio',
                last_name = 'Emard'
            WHERE
                user_id = '05eee4fe-379a-5426-9023-edc77e045168';
INSERT INTO public.user_role (
                user_id,
                role_id
            ) VALUES (
                '05eee4fe-379a-5426-9023-edc77e045168',
                2
            );
UPDATE public.profile
            SET
                first_name = 'Laurel',
                last_name = 'O''Keefe'
            WHERE
                user_id = '3b2bfa08-09d7-5968-a3d8-4fe62753f511';
INSERT INTO public.user_role (
                user_id,
                role_id
            ) VALUES (
                '3b2bfa08-09d7-5968-a3d8-4fe62753f511',
                2
            );
UPDATE public.profile
            SET
                first_name = 'Ressie',
                last_name = 'Jaskolski'
            WHERE
                user_id = 'a866962c-13a6-52c8-965b-d859c0325cb5';
INSERT INTO public.user_role (
                user_id,
                role_id
            ) VALUES (
                'a866962c-13a6-52c8-965b-d859c0325cb5',
                2
            );
UPDATE public.profile
            SET
                first_name = 'Eldridge',
                last_name = 'Armstrong'
            WHERE
                user_id = '6f72baed-b6f1-5fb7-a370-fb32611b758b';
INSERT INTO public.user_role (
                user_id,
                role_id
            ) VALUES (
                '6f72baed-b6f1-5fb7-a370-fb32611b758b',
                2
            );
INSERT INTO public.project (id,name,created_at,created_by,updated_at,updated_by) VALUES (101, 'Minatque composset eadem igenti', '2020-08-12T19:35:44.000Z', NULL, '2020-11-07T22:34:27.000Z', NULL), (102, 'Aut iudicarbit sunt a', '2020-03-11T02:43:18.000Z', NULL, '2020-10-26T09:55:34.000Z', NULL), (103, 'Hoc', '2020-08-28T19:38:13.000Z', NULL, '2020-11-19T22:46:39.000Z', NULL), (104, 'Arridenim', '2020-04-20T03:05:32.000Z', NULL, '2020-05-09T04:53:11.000Z', NULL), (105, 'Aut', '2020-02-02T01:55:47.000Z', NULL, '2020-05-05T04:58:57.000Z', NULL), (106, 'Maxim enim tuo quia causa', '2020-09-01T08:53:55.000Z', NULL, '2020-11-03T22:37:53.000Z', NULL), (107, 'Bene fieri ob aut', '2020-04-24T03:32:45.000Z', NULL, '2020-02-10T01:08:37.000Z', NULL), (108, 'Ea contra collegunt mox tribuatur', '2020-03-27T14:59:53.000Z', NULL, '2020-09-25T20:57:13.000Z', NULL), (109, 'Etura inquit depravat modi am', '2020-02-10T01:06:17.000Z', NULL, '2020-03-07T02:18:05.000Z', NULL), (110, 'Aeterista ne eturum', '2020-10-14T09:39:10.000Z', NULL, '2020-09-21T08:38:10.000Z', NULL), (111, 'Accesseren', '2020-07-27T06:25:19.000Z', NULL, '2020-12-24T11:47:24.000Z', NULL), (112, 'Eo placebas susciplinar illa claristimum', '2020-12-04T23:59:45.000Z', NULL, '2020-12-08T11:45:16.000Z', NULL), (113, 'Am conficerit alique', '2020-04-20T15:13:56.000Z', NULL, '2020-03-19T14:38:39.000Z', NULL), (114, 'Fore omnesque quam', '2020-02-06T13:57:57.000Z', NULL, '2020-06-14T17:18:58.000Z', NULL), (115, 'Iuber quibus dilignorat sensibus', '2020-06-22T06:01:24.000Z', NULL, '2020-09-01T21:09:39.000Z', NULL), (116, 'Eorum te gloriose', '2020-08-08T19:52:27.000Z', NULL, '2020-12-24T12:13:23.000Z', NULL), (117, 'Facile qua itore affecere id', '2020-10-06T09:46:43.000Z', NULL, '2020-05-05T16:29:07.000Z', NULL), (118, 'Pulchraeque fructu quo', '2020-10-18T21:18:02.000Z', NULL, '2020-02-02T01:06:58.000Z', NULL), (119, 'Inter', '2020-02-22T13:17:34.000Z', NULL, '2020-05-17T04:27:14.000Z', NULL), (120, 'Collegendi ea', '2020-05-05T04:47:32.000Z', NULL, '2020-12-20T11:47:33.000Z', NULL), (121, 'Dolorem rem es sed manum', '2020-10-22T09:42:13.000Z', NULL, '2020-12-12T23:30:46.000Z', NULL), (122, 'Alientium aliquantur tam se voluptas', '2020-09-17T08:28:54.000Z', NULL, '2020-08-08T07:17:30.000Z', NULL), (123, 'Quod earum civium', '2020-03-23T02:09:29.000Z', NULL, '2020-06-06T17:38:04.000Z', NULL), (124, 'Omnia se bonis in', '2020-01-21T12:38:06.000Z', NULL, '2020-02-10T01:42:59.000Z', NULL), (125, 'Praeclare omnesque itis', '2020-10-26T22:07:13.000Z', NULL, '2020-01-09T12:49:40.000Z', NULL), (126, 'Diutur et etur non laudem', '2020-07-27T18:33:28.000Z', NULL, '2020-12-29T00:00:30.000Z', NULL), (127, 'Fore memor', '2020-06-26T17:32:13.000Z', NULL, '2020-06-18T06:00:10.000Z', NULL), (128, 'Viverque', '2020-06-18T05:22:32.000Z', NULL, '2020-09-05T08:47:55.000Z', NULL), (129, 'Est et contra parum es', '2020-02-14T13:24:32.000Z', NULL, '2020-08-04T19:35:50.000Z', NULL), (130, 'Iucunturbam non probitatem', '2020-05-05T16:18:18.000Z', NULL, '2020-10-06T09:37:39.000Z', NULL), (131, 'Ut', '2020-09-21T08:23:58.000Z', NULL, '2020-11-23T10:27:16.000Z', NULL), (132, 'Abo', '2020-07-15T06:57:17.000Z', NULL, '2020-12-08T23:27:13.000Z', NULL), (133, 'Labefficiun atomnia vis albucius tandum', '2020-03-07T14:03:30.000Z', NULL, '2020-01-17T00:55:30.000Z', NULL), (134, 'Autem', '2020-05-21T04:18:47.000Z', NULL, '2020-08-20T19:27:22.000Z', NULL), (135, 'Ini hostempernan', '2020-11-15T10:23:11.000Z', NULL, '2020-02-06T13:40:00.000Z', NULL), (136, 'Nec', '2020-04-20T03:31:38.000Z', NULL, '2020-04-12T15:36:45.000Z', NULL), (137, 'Putant inum expetus nisi physiciscuntur', '2020-06-26T17:20:28.000Z', NULL, '2020-10-14T09:35:41.000Z', NULL), (138, 'Nec ob', '2020-03-03T02:36:18.000Z', NULL, '2020-04-08T15:03:42.000Z', NULL), (139, 'In dolor et censet et', '2020-02-14T01:20:55.000Z', NULL, '2020-08-24T19:35:08.000Z', NULL), (140, 'Eum autem quo frequentiam', '2020-12-24T12:13:16.000Z', NULL, '2020-09-01T08:56:35.000Z', NULL), (141, 'Seritatum possunt omita quarum conectam', '2020-07-23T06:39:28.000Z', NULL, '2020-07-03T07:02:19.000Z', NULL), (142, 'Res currerum metu ani inis', '2020-01-13T12:51:28.000Z', NULL, '2020-11-11T23:11:42.000Z', NULL), (143, 'Cum nullam', '2020-10-14T09:22:30.000Z', NULL, '2020-08-04T07:32:27.000Z', NULL), (144, 'Si iis transferam', '2020-02-22T01:18:57.000Z', NULL, '2020-06-02T17:47:47.000Z', NULL), (145, 'Iucunum locus graeca etiam sint', '2020-08-28T07:44:37.000Z', NULL, '2020-08-08T19:55:57.000Z', NULL), (146, 'Ne praesererib', '2020-01-25T00:04:36.000Z', NULL, '2020-06-26T05:57:03.000Z', NULL), (147, 'Sint ad pulcherrimiq', '2020-08-08T07:32:04.000Z', NULL, '2020-01-25T12:47:15.000Z', NULL), (148, 'Auctorum um videm amurque certatem', '2020-12-09T00:10:05.000Z', NULL, '2020-12-04T11:36:00.000Z', NULL), (149, 'Certe divincias magni homincorpus amicat', '2020-06-18T17:23:14.000Z', NULL, '2020-08-08T19:27:52.000Z', NULL), (150, 'Utrum', '2020-12-20T23:41:02.000Z', NULL, '2020-04-20T15:06:00.000Z', NULL);
UPDATE public.project SET created_by = '71c8f57c-aae5-5ac8-8fc0-a1ff399b17b8', updated_by = 'b36ab93a-34cf-5d2f-8309-1f65466da6f0' WHERE id = 101;
UPDATE public.project SET created_by = 'c9ea0237-6687-557a-b9a6-7641ce93392e', updated_by = '44315cac-0a3d-513e-ae25-923183abdce2' WHERE id = 102;
UPDATE public.project SET created_by = '4906cefc-1eec-5209-9bcc-28e8cf7c862a', updated_by = '5ac46069-d153-5b50-a0be-8a017d379243' WHERE id = 103;
UPDATE public.project SET created_by = '5fef9e7c-116a-5504-a6ae-d16f4442d448', updated_by = 'b36ab93a-34cf-5d2f-8309-1f65466da6f0' WHERE id = 104;
UPDATE public.project SET created_by = '698b6e50-7060-5752-b30f-c3c5d2ee3400', updated_by = '5fef9e7c-116a-5504-a6ae-d16f4442d448' WHERE id = 105;
UPDATE public.project SET created_by = '4906cefc-1eec-5209-9bcc-28e8cf7c862a', updated_by = 'c9ea0237-6687-557a-b9a6-7641ce93392e' WHERE id = 106;
UPDATE public.project SET created_by = 'c9ea0237-6687-557a-b9a6-7641ce93392e', updated_by = 'dce623ef-801d-54b0-a2df-9358c082e29e' WHERE id = 107;
UPDATE public.project SET created_by = '44315cac-0a3d-513e-ae25-923183abdce2', updated_by = '5f2c632c-1003-5d3e-94f5-6085899aa359' WHERE id = 108;
UPDATE public.project SET created_by = 'a866962c-13a6-52c8-965b-d859c0325cb5', updated_by = '82d62e5d-3a42-5fcc-8eba-42d842fea91a' WHERE id = 109;
UPDATE public.project SET created_by = '05eee4fe-379a-5426-9023-edc77e045168', updated_by = '71c8f57c-aae5-5ac8-8fc0-a1ff399b17b8' WHERE id = 110;
UPDATE public.project SET created_by = '698b6e50-7060-5752-b30f-c3c5d2ee3400', updated_by = '82d62e5d-3a42-5fcc-8eba-42d842fea91a' WHERE id = 111;
UPDATE public.project SET created_by = '698b6e50-7060-5752-b30f-c3c5d2ee3400', updated_by = 'a866962c-13a6-52c8-965b-d859c0325cb5' WHERE id = 112;
UPDATE public.project SET created_by = '12b3f6e4-8e09-5767-b1ce-9d45589acea2', updated_by = 'dce623ef-801d-54b0-a2df-9358c082e29e' WHERE id = 113;
UPDATE public.project SET created_by = 'a866962c-13a6-52c8-965b-d859c0325cb5', updated_by = '12b3f6e4-8e09-5767-b1ce-9d45589acea2' WHERE id = 114;
UPDATE public.project SET created_by = 'f14ee7a7-b3f9-561d-8cf7-983293f0008f', updated_by = '8bb5337a-4ae8-5fe9-834c-d09e97c220b7' WHERE id = 115;
UPDATE public.project SET created_by = '4906cefc-1eec-5209-9bcc-28e8cf7c862a', updated_by = 'f14ee7a7-b3f9-561d-8cf7-983293f0008f' WHERE id = 116;
UPDATE public.project SET created_by = '44315cac-0a3d-513e-ae25-923183abdce2', updated_by = '6f72baed-b6f1-5fb7-a370-fb32611b758b' WHERE id = 117;
UPDATE public.project SET created_by = 'e4153ca5-d012-5995-bad4-086731587974', updated_by = '461f046b-b8af-5c8e-95dd-0f9194531ecb' WHERE id = 118;
UPDATE public.project SET created_by = 'a866962c-13a6-52c8-965b-d859c0325cb5', updated_by = '0f5d546a-dd80-5406-a005-a4f3061b9fb4' WHERE id = 119;
UPDATE public.project SET created_by = '461f046b-b8af-5c8e-95dd-0f9194531ecb', updated_by = '3b2bfa08-09d7-5968-a3d8-4fe62753f511' WHERE id = 120;
UPDATE public.project SET created_by = 'a866962c-13a6-52c8-965b-d859c0325cb5', updated_by = '3b2bfa08-09d7-5968-a3d8-4fe62753f511' WHERE id = 121;
UPDATE public.project SET created_by = 'a866962c-13a6-52c8-965b-d859c0325cb5', updated_by = 'c9ea0237-6687-557a-b9a6-7641ce93392e' WHERE id = 122;
UPDATE public.project SET created_by = 'e4153ca5-d012-5995-bad4-086731587974', updated_by = '6f72baed-b6f1-5fb7-a370-fb32611b758b' WHERE id = 123;
UPDATE public.project SET created_by = '12b3f6e4-8e09-5767-b1ce-9d45589acea2', updated_by = '698b6e50-7060-5752-b30f-c3c5d2ee3400' WHERE id = 124;
UPDATE public.project SET created_by = '3b2bfa08-09d7-5968-a3d8-4fe62753f511', updated_by = 'dce623ef-801d-54b0-a2df-9358c082e29e' WHERE id = 125;
UPDATE public.project SET created_by = '6f72baed-b6f1-5fb7-a370-fb32611b758b', updated_by = '6f72baed-b6f1-5fb7-a370-fb32611b758b' WHERE id = 126;
UPDATE public.project SET created_by = 'dce623ef-801d-54b0-a2df-9358c082e29e', updated_by = '5f2c632c-1003-5d3e-94f5-6085899aa359' WHERE id = 127;
UPDATE public.project SET created_by = '698b6e50-7060-5752-b30f-c3c5d2ee3400', updated_by = '0f5d546a-dd80-5406-a005-a4f3061b9fb4' WHERE id = 128;
UPDATE public.project SET created_by = '0f5d546a-dd80-5406-a005-a4f3061b9fb4', updated_by = 'dce623ef-801d-54b0-a2df-9358c082e29e' WHERE id = 129;
UPDATE public.project SET created_by = 'c9ea0237-6687-557a-b9a6-7641ce93392e', updated_by = '4906cefc-1eec-5209-9bcc-28e8cf7c862a' WHERE id = 130;
UPDATE public.project SET created_by = '461f046b-b8af-5c8e-95dd-0f9194531ecb', updated_by = 'b36ab93a-34cf-5d2f-8309-1f65466da6f0' WHERE id = 131;
UPDATE public.project SET created_by = '5ac46069-d153-5b50-a0be-8a017d379243', updated_by = '815c84a1-9088-5e6f-b1ab-0853285c0e5d' WHERE id = 132;
UPDATE public.project SET created_by = '44315cac-0a3d-513e-ae25-923183abdce2', updated_by = '44315cac-0a3d-513e-ae25-923183abdce2' WHERE id = 133;
UPDATE public.project SET created_by = 'f14ee7a7-b3f9-561d-8cf7-983293f0008f', updated_by = '6f72baed-b6f1-5fb7-a370-fb32611b758b' WHERE id = 134;
UPDATE public.project SET created_by = '815c84a1-9088-5e6f-b1ab-0853285c0e5d', updated_by = '12b3f6e4-8e09-5767-b1ce-9d45589acea2' WHERE id = 135;
UPDATE public.project SET created_by = '0f5d546a-dd80-5406-a005-a4f3061b9fb4', updated_by = '698b6e50-7060-5752-b30f-c3c5d2ee3400' WHERE id = 136;
UPDATE public.project SET created_by = '71c8f57c-aae5-5ac8-8fc0-a1ff399b17b8', updated_by = '5ac46069-d153-5b50-a0be-8a017d379243' WHERE id = 137;
UPDATE public.project SET created_by = 'f50300db-d620-587a-a6c0-46d7f9ace912', updated_by = '8bb5337a-4ae8-5fe9-834c-d09e97c220b7' WHERE id = 138;
UPDATE public.project SET created_by = '5ca75a8e-3605-5166-aa74-4e2e2fc0beef', updated_by = '71c8f57c-aae5-5ac8-8fc0-a1ff399b17b8' WHERE id = 139;
UPDATE public.project SET created_by = '8bb5337a-4ae8-5fe9-834c-d09e97c220b7', updated_by = '71c8f57c-aae5-5ac8-8fc0-a1ff399b17b8' WHERE id = 140;
UPDATE public.project SET created_by = 'c9ea0237-6687-557a-b9a6-7641ce93392e', updated_by = 'f14ee7a7-b3f9-561d-8cf7-983293f0008f' WHERE id = 141;
UPDATE public.project SET created_by = '3b2bfa08-09d7-5968-a3d8-4fe62753f511', updated_by = '5ac46069-d153-5b50-a0be-8a017d379243' WHERE id = 142;
UPDATE public.project SET created_by = '5fef9e7c-116a-5504-a6ae-d16f4442d448', updated_by = 'a866962c-13a6-52c8-965b-d859c0325cb5' WHERE id = 143;
UPDATE public.project SET created_by = 'e4153ca5-d012-5995-bad4-086731587974', updated_by = '6f72baed-b6f1-5fb7-a370-fb32611b758b' WHERE id = 144;
UPDATE public.project SET created_by = '461f046b-b8af-5c8e-95dd-0f9194531ecb', updated_by = 'a866962c-13a6-52c8-965b-d859c0325cb5' WHERE id = 145;
UPDATE public.project SET created_by = '5ac46069-d153-5b50-a0be-8a017d379243', updated_by = 'b36ab93a-34cf-5d2f-8309-1f65466da6f0' WHERE id = 146;
UPDATE public.project SET created_by = 'bc6c992f-6177-5b38-a99d-4c1f8bf2d0e3', updated_by = '44315cac-0a3d-513e-ae25-923183abdce2' WHERE id = 147;
UPDATE public.project SET created_by = 'c9ea0237-6687-557a-b9a6-7641ce93392e', updated_by = 'bc6c992f-6177-5b38-a99d-4c1f8bf2d0e3' WHERE id = 148;
UPDATE public.project SET created_by = 'a866962c-13a6-52c8-965b-d859c0325cb5', updated_by = 'f14ee7a7-b3f9-561d-8cf7-983293f0008f' WHERE id = 149;
UPDATE public.project SET created_by = '12b3f6e4-8e09-5767-b1ce-9d45589acea2', updated_by = '4906cefc-1eec-5209-9bcc-28e8cf7c862a' WHERE id = 150;
SELECT setval('"public"."project_id_seq"'::regclass, (SELECT MAX("id") FROM "public"."project"));
INSERT INTO public.task (id,project_id,task_status_id,task_priority_id,assigned_user_id,name,description,deadline,created_at,created_by,updated_at,updated_by) VALUES (1001, 117, 3, 2, 'e4153ca5-d012-5995-bad4-086731587974', 'Etsi quibus tes parabo', 'In eram num maxim sed rationem legen im. Asperciplin non frui quidemque ut bona, nis anim crudelegan quasi es audivolven it ipsa. Constantia ne non si ear repudincid de est. Epicur praesersas discorrecor est multoque. Laturae quae nullam sed voluptatib odia torquate, at sed metu sed quae deinde.', '2025-10-25T15:59:49.253Z', '2020-07-07T18:41:39.000Z', NULL, '2020-01-25T12:58:26.000Z', NULL), (1002, 146, 3, 2, '5ac46069-d153-5b50-a0be-8a017d379243', 'Autemodioq inquit futur', 'Endarum omos via quid restate, voluptas optarenti ratio inhumilem quisquamquamquam. Si quod in nec voluptatib quadam nostris videt, esse non sent paene sancirco.', '2025-07-11T09:38:03.393Z', '2020-02-06T13:19:02.000Z', NULL, '2020-02-18T13:15:30.000Z', NULL), (1003, 114, 3, 1, '4906cefc-1eec-5209-9bcc-28e8cf7c862a', 'Effectus nobisse cum', 'Dici dolenimas natur esse ponsummum meliuste. Cuiquam si posse quia ad, quae recta sed et dam. Repeligit essariae sed appellant locos, nec ab recte cum ophi probatum. Titum ea aliquisti deditat soliditat es, se liberuisse se mnesari sine patre l se. Nec dicerab quod cogitas consecut est placet, non corporrecte sive amicitia bona enimus.', '2025-02-02T10:55:15.401Z', '2020-05-17T04:52:52.000Z', NULL, '2020-12-20T12:13:05.000Z', NULL), (1004, 120, 3, 4, 'b36ab93a-34cf-5d2f-8309-1f65466da6f0', 'Reret omnescius qui', 'Is cum omnescio te igione, et hoc probatio horribiliae si feratione iis. Sit postea in virtutem quam tot c aut. Et non gymnasia viti habersia, et parat satureis sed iliuste a. Dicitavis inquit eaque haec quasi er poenis habet. Sed repuditer qui posse debent.', '2025-01-11T08:05:04.793Z', '2020-05-25T04:45:11.000Z', NULL, '2020-08-20T08:05:14.000Z', NULL), (1005, 141, 3, 4, '82d62e5d-3a42-5fcc-8eba-42d842fea91a', 'Et vos omne per celsustulis', 'Non homin meminfinit maximo omnia a iucunt nec. Amici possunt odere nam quamquam.', '2025-04-24T06:44:58.938Z', '2020-02-02T13:11:31.000Z', NULL, '2020-05-21T16:57:49.000Z', NULL), (1006, 101, 3, 2, '5f2c632c-1003-5d3e-94f5-6085899aa359', 'Medium', 'Igitatus credo eritur modistipat de, ent fortitiam ut igandis apudo expetendum uti. Quae et referat et cupidis. Epicia es nec se qua physicisque quoque expetuisse, quae int natur inum sentiaret is perspicuum. Cum cognitudin abunt sus loqueruntur per quae, quo lenitaque sic enim escerte ut. Homin ut est levitaque vivent, cumcisaque propterrogar cogitatque pertur dicereatur.', '2025-07-23T03:30:52.839Z', '2020-01-21T12:33:47.000Z', NULL, '2020-01-01T12:37:52.000Z', NULL), (1007, 101, 1, 4, '4906cefc-1eec-5209-9bcc-28e8cf7c862a', 'Officiantur volupercen fingi tam quasi', 'Neque ut discorporis etiam qua.', '2025-01-10T18:17:55.412Z', '2020-04-20T03:53:12.000Z', NULL, '2020-06-06T17:37:29.000Z', NULL), (1008, 132, 1, 3, '05eee4fe-379a-5426-9023-edc77e045168', 'Es cum', 'Doloribus hausta inum cenda chremesse cum, sed eamque rem voluptasse nisi geniis. Quo dicavi panaetere explicatque ines motum. Nullam intellegam quae eum et sapiens. Torquate habere est disciplinat inbecil. Esse itatomni et sunt alique dicandae, consentiri saluti erire a video quod.', '2025-08-05T16:19:18.378Z', '2020-03-23T14:40:15.000Z', NULL, '2020-01-05T00:49:22.000Z', NULL), (1009, 109, 3, 3, '82d62e5d-3a42-5fcc-8eba-42d842fea91a', 'Declinatu ad quadamotios ari', 'Audac se ationisci nobisse endi inatomnium atestatis quippiam. Pedit segnitio illas mediocritea quaeritura non atque nec, ut hoc ratio quos aiebat. Quamquam amargumen placator es etiam esticiam profectram nulla. Probanest oditiam oresse adversam honest putantiam aris. Ea uti maximpore unt amorum.', '2025-04-15T01:41:26.389Z', '2020-07-15T06:54:43.000Z', NULL, '2020-09-25T20:39:24.000Z', NULL), (1010, 106, 2, 2, '6f72baed-b6f1-5fb7-a370-fb32611b758b', 'Eaque quibus copulla iditaque cur', 'Sed dicas corrumque nesque involuptat cognitiones.', '2025-08-03T04:58:48.954Z', '2020-11-27T23:04:09.000Z', NULL, '2020-04-16T03:15:37.000Z', NULL), (1011, 126, 3, 1, 'b36ab93a-34cf-5d2f-8309-1f65466da6f0', 'Essit quis det declinabo', 'Nihilis quicquid spe autem et refere hoc, praetersia iliquid nis ipuitatum eadem odum non quid.', '2025-08-11T18:35:00.590Z', '2020-04-20T04:06:01.000Z', NULL, '2020-04-20T15:24:11.000Z', NULL), (1012, 138, 2, 2, 'f14ee7a7-b3f9-561d-8cf7-983293f0008f', 'Fugientia', 'Quibus es aut eo nobisque cupid opor omnes. Spe potitation non si vita quo anim multissimos.', '2025-07-18T08:39:11.295Z', '2020-12-08T11:35:42.000Z', NULL, '2020-01-21T00:37:17.000Z', NULL), (1013, 110, 1, 3, '5fef9e7c-116a-5504-a6ae-d16f4442d448', 'Putaturae habet', 'Voluptatem ipsa ne iucunt omus, ad voluptates sint deniquidae tantum. Et ulum acceditav enturbulen natur morbis andi, eam cupiderud quasi una et ime se. Satis et liberga endi sapiendi vivere delenimi. Neque graecum doloratem inest distinax si principita il. Chremest necestias cum quos multo, quam quicquid et quam sed.', '2025-05-03T05:43:36.901Z', '2020-06-14T05:07:26.000Z', NULL, '2020-08-08T20:08:46.000Z', NULL), (1014, 119, 3, 3, '461f046b-b8af-5c8e-95dd-0f9194531ecb', 'Viveriri quam ipuitation vita etiam', 'Defen athenis hoc audit ad vester fidem, restat geometiam etiam sed es. Partis democculpa delappellat tueri est incidia. Epicio ipsa et deorsumus dolernumquam inis variarum eos, summum ut cotid et satisque erentur locat efficiat. In tum possit minus est quietae.', '2025-07-20T12:17:19.556Z', '2020-09-25T20:35:34.000Z', NULL, '2020-04-16T16:00:56.000Z', NULL), (1015, 101, 3, 4, '44315cac-0a3d-513e-ae25-923183abdce2', 'Et rem', 'Disserui quod recte et haben quippe ponitat reici. Disciplinar status complura rerum as qua consequimur cyrenaicis.', '2025-09-22T22:30:15.374Z', '2020-11-27T11:13:22.000Z', NULL, '2020-02-18T13:41:36.000Z', NULL), (1016, 136, 3, 1, '05eee4fe-379a-5426-9023-edc77e045168', 'Quantum es bonorum locus', 'Synephebos sunt labefficil tota aliquid, uto in dubio mala maximus quam pueril sed. Consilandri sit sunt omnia non improbo de cibo. Vidit referta nec minus scientiam.', '2025-02-14T14:23:20.553Z', '2020-02-26T01:21:35.000Z', NULL, '2020-06-10T05:36:02.000Z', NULL), (1017, 143, 2, 2, '44315cac-0a3d-513e-ae25-923183abdce2', 'Vero amicosop littera inamur', 'Sollictorquat sint de doloribus cui stabillustrior. Vera noratorem voluptas inis sic. Quam ine quae non alitiam quod ipsos dialectu.', '2025-09-06T21:27:19.186Z', '2020-04-28T15:46:55.000Z', NULL, '2020-05-01T16:10:46.000Z', NULL), (1018, 123, 2, 2, 'a866962c-13a6-52c8-965b-d859c0325cb5', 'Altere etur eadem quam', 'Quieti aut fabelis nulla rescertamque. A bonum angore ophia idie omnium non. Credere tradunivi peranim non dignitione possumusu. Sum simae et ille doloris.', '2025-06-04T14:20:01.054Z', '2020-05-05T04:31:06.000Z', NULL, '2020-01-01T12:54:39.000Z', NULL), (1019, 122, 3, 4, '4906cefc-1eec-5209-9bcc-28e8cf7c862a', 'Qui gregesse relique', 'Vivamicit es sed solum bonare ipsos. Nis laudab posse satissimus mortem pertinere. Gloriae quaeratomit ponunt sit undo fecto inumque declinab, dido dolor causam videndam placet quibusque atorum.', '2025-08-13T14:23:00.814Z', '2020-07-19T18:30:05.000Z', NULL, '2020-07-03T06:06:51.000Z', NULL), (1020, 147, 2, 2, '698b6e50-7060-5752-b30f-c3c5d2ee3400', 'Quis', 'Reici quod referuisse confirmatis videantur habeat is. Medium duxitiae esse haben quae ut crederi. Hominuti enim efficiatur se orum in maximo legendam, non graecis modum vivere aperiri mente a hoc. Dixi antiam aut et modo est inum, in nis quod in quaerituro sine in. Non al morte vire ex, certe quid graecum iudicarrid rerum vult ex carum.', '2025-01-04T16:26:19.896Z', '2020-11-11T10:58:25.000Z', NULL, '2020-12-20T11:54:40.000Z', NULL), (1021, 112, 2, 3, '4906cefc-1eec-5209-9bcc-28e8cf7c862a', 'Haec id iudicium dum', 'Videat copiosae praeclare sapiendi in sponte es. Voluptatem nec rerum quae es, quidem quod quasi numquam gravitione famesse ire. Efficiens expetendum et dis moles necesse, autemus ilius non mihi non sequatur. In nisi igione ac levamicia suam natur uta, sinitur per fuisse in sed putatione defut.', '2025-04-09T11:12:03.861Z', '2020-01-13T13:00:20.000Z', NULL, '2020-10-02T21:54:56.000Z', NULL), (1022, 128, 2, 3, '82d62e5d-3a42-5fcc-8eba-42d842fea91a', 'Nec', 'Inter ad litter non quae, sed initaque a intellegim sima in natum fastidium. Indocerque posidem quod omitus est religamic ut. Quos non quae il nam reprehendam natur.', '2025-03-07T14:42:06.255Z', '2020-08-24T07:30:28.000Z', NULL, '2020-02-22T01:50:17.000Z', NULL), (1023, 147, 3, 1, '5fef9e7c-116a-5504-a6ae-d16f4442d448', 'Perspici', 'Doloria ut tantum istippi voluptas natum iustituram sum. Disservirtut sed quae malum sunt quoque hoc, de praesenti sint recte nec fidem. Se tot esse maluisse o ellas dignitatem num. Cui philos habetiam utus in non quod eas, copullam dixis non guber am.', '2025-12-09T10:38:12.330Z', '2020-11-27T10:28:30.000Z', NULL, '2020-11-27T22:14:24.000Z', NULL), (1024, 137, 1, 2, '698b6e50-7060-5752-b30f-c3c5d2ee3400', 'Epicitia tur eturus iudicurnum iudicita', 'Magis non argumenim iniuria malum sit sunt, iis et sit minus placebas. Non ab torquatosop causa manilias. Aperitur est quaedam quod conterrogar paratus sua, defuitate a eo bonore qui volunt.', '2025-05-07T07:04:40.240Z', '2020-01-05T01:01:43.000Z', NULL, '2020-11-07T23:01:09.000Z', NULL), (1025, 131, 2, 4, '44315cac-0a3d-513e-ae25-923183abdce2', 'Iucundo', 'Oper epicio non quarum repellere em. Omnesciunt in factissimum sit gravis ad est, bene nec homin exerrorib ut tamendo quae ab. Indicta et quae ut angusta quo. Confectrices est esse praesenimam ut quidem abo. Vult cum locus sed dolorum nullam vituptates esse.', '2025-10-18T13:58:00.897Z', '2020-02-10T13:15:22.000Z', NULL, '2020-12-12T23:26:35.000Z', NULL), (1026, 105, 1, 1, '5ac46069-d153-5b50-a0be-8a017d379243', 'Quod quasi igen si', 'Reque consueveret captiosa inhumil se currunt de vult, inpotitur iuvarbitran et fuit scaevolumen etura alii. Contempus opibus culta sequat officilior eadem se. Amurbane et quae firmis ocertimeam mihi. Et quod tenerista ut sed deritiamus sed.', '2025-08-29T00:49:15.967Z', '2020-06-06T17:46:41.000Z', NULL, '2020-10-10T09:34:54.000Z', NULL), (1027, 149, 3, 1, '71c8f57c-aae5-5ac8-8fc0-a1ff399b17b8', 'Sunt exulis magis', 'Momenti reperudin consequatur nasci sol. Quid homin tam voluptatum nihilla missumerer ab. Propter tam eamque bono proteruniae versatisse es metus. Nis tractatis fructu tria horridendus graeci modus.', '2024-12-13T10:28:24.011Z', '2020-12-12T23:36:49.000Z', NULL, '2020-05-13T04:27:52.000Z', NULL), (1028, 144, 2, 3, '5ca75a8e-3605-5166-aa74-4e2e2fc0beef', 'Maximo huic publicit', 'Ars sequatur ut quieti eliae quid inerition tota. Me excruciant non factis qui ad praetere. Ea aretiam cum distineant eo cupid nostris vidiae. Vita tum magnitatem facil est. Studiis quod hoc efficeren tam odit ent.', '2025-11-29T00:43:36.466Z', '2020-08-28T07:53:01.000Z', NULL, '2020-10-26T22:10:01.000Z', NULL), (1029, 146, 2, 1, '5ca75a8e-3605-5166-aa74-4e2e2fc0beef', 'Vitatibus consequentis homin suapte conduce', 'Qua quae filium generis vidi vel eiusdemocrit. Etiam legunt zenonem ea eius, minimi eranitud multis vitae alterum aut augenda.', '2025-09-25T20:00:34.414Z', '2020-12-08T11:59:01.000Z', NULL, '2020-02-14T01:53:33.000Z', NULL), (1030, 134, 2, 3, '5fef9e7c-116a-5504-a6ae-d16f4442d448', 'Sicomnemo tanta', 'Sentitudin igatque nes causam fortitur partissimi, moribus cupid et atque igentibus.', '2025-05-18T16:38:09.063Z', '2020-02-14T01:47:50.000Z', NULL, '2020-08-20T07:45:33.000Z', NULL), (1031, 145, 1, 3, 'c9ea0237-6687-557a-b9a6-7641ce93392e', 'Voluptate si nec et reliquamus', 'Eo tentus vult ellas tam, quod malis chremes non contur. Voluptatis morbi sitiscuntur ut cum, firmaturae ut non propterirac et. Esset nostris si imeque ad crudeligat il. Enturbatur qua totel cere non. Ii tamen doloration insolam cum locus es, rem necest dici corporis aptis nec.', '2025-10-28T12:53:50.488Z', '2020-03-11T14:18:50.000Z', NULL, '2020-01-13T00:27:36.000Z', NULL), (1032, 129, 1, 3, '0f5d546a-dd80-5406-a005-a4f3061b9fb4', 'Tur et rent corpus escenses', 'Et parum si cognita te. Iis doleam haec ad non et, denique diceralter omnisi sed quid. Tem currunt profectet molest philostentiam. Ei inangorib iis formidinter nec quos, quasi si dicitatem possit utus perspiciat. Quasi aut iactari si quae uto neque.', '2024-12-10T10:43:45.263Z', '2020-05-17T04:47:16.000Z', NULL, '2020-05-05T04:46:22.000Z', NULL), (1033, 128, 2, 2, '8bb5337a-4ae8-5fe9-834c-d09e97c220b7', 'Qui vero involuptas ea', 'Incorpore sed quasi inquit il doctrinis ad, omnia tranquillitter epicant pertinentian malle nam propterror.', '2025-05-05T14:04:10.370Z', '2020-01-17T00:20:33.000Z', NULL, '2020-08-04T20:10:48.000Z', NULL), (1034, 148, 2, 3, '12b3f6e4-8e09-5767-b1ce-9d45589acea2', 'Inavis', 'Modo te mirare vita triarius odere eas, medium ipsa dictur paene constituit extremum sit. Reprehent bella transferam qua at testibus quod eadem. Verum sedulation inore et sua. Us nihillum modo et delecto. Beate beatequos as ipsi est tamque enim.', '2025-08-11T07:34:03.714Z', '2020-06-14T17:55:06.000Z', NULL, '2020-01-25T00:14:51.000Z', NULL), (1035, 144, 2, 3, '4906cefc-1eec-5209-9bcc-28e8cf7c862a', 'Etudintel', 'Sic laetit voluptates e ubererius inis inmortis voluptates, prorsus in etiam videamus rebus semperpetu tu. Cupidita iis vero a nihille mihi, esque theophrasti utilius dendum aut. In e atomi quae inhaereret nec, ante quibus ere neglegi cupid hinc dicta. Accessio neque sit instructus cn quia non.', '2025-10-03T09:35:05.077Z', '2020-05-09T16:17:40.000Z', NULL, '2020-07-19T07:08:32.000Z', NULL), (1036, 113, 2, 4, '5f2c632c-1003-5d3e-94f5-6085899aa359', 'Sentiet', 'Earum ipsa atque ter de, etendum a degen tes fortite quam cum. Legeret in sunt voluptas tum statu ad. Quisitus etiam summum suscipita paene anim. Ulare de itatque utus repugnantib.', '2025-11-06T06:12:07.484Z', '2020-06-22T05:45:27.000Z', NULL, '2020-08-04T20:10:48.000Z', NULL), (1037, 109, 3, 1, '44315cac-0a3d-513e-ae25-923183abdce2', 'Sapientia ipsa ennius a haec', 'Ut lit debilit refore privatus, vix legeritur vult et graece. Restate orem voluptate illa nec inliberis.', '2025-04-09T03:58:06.682Z', '2020-03-27T14:35:46.000Z', NULL, '2020-03-15T03:01:12.000Z', NULL), (1038, 150, 3, 1, '3b2bfa08-09d7-5968-a3d8-4fe62753f511', 'Nec rebus', 'Non putan qui multis et qui defenim turbamura. Ex virtute autem cur ut tot si.', '2025-06-02T22:19:01.724Z', '2020-03-11T02:28:45.000Z', NULL, '2020-02-22T13:07:25.000Z', NULL), (1039, 114, 2, 2, '5ca75a8e-3605-5166-aa74-4e2e2fc0beef', 'Gusti exhorriden earum voluptas', 'Natum est suum est cupideran.', '2025-06-11T07:39:46.761Z', '2020-01-25T12:51:26.000Z', NULL, '2020-08-20T20:02:26.000Z', NULL), (1040, 126, 1, 4, 'bc6c992f-6177-5b38-a99d-4c1f8bf2d0e3', 'Vel constituamur', 'Suppetua quod non modus quod, philos ad quia moderitis timeruna incompars quod qui. Velinquam aut tamen ego si legundius cuius nec. Significur quae quidem fuissentior dis, ruant sed ac ipso dedectus dolorem.', '2025-06-24T14:23:52.105Z', '2020-04-12T15:51:32.000Z', NULL, '2020-05-25T04:48:55.000Z', NULL), (1041, 109, 1, 4, 'a866962c-13a6-52c8-965b-d859c0325cb5', 'Qui quidem quae defin pleriquem', 'Antiqua is minus appetent vera audit placeat. Eptricest frequenter non modistamus istippi efficiatur, sentiendo reiciatural sit reret ent ignorate. Praeda inlibendas de placet erea nacti.', '2025-08-22T09:43:02.650Z', '2020-06-14T05:59:59.000Z', NULL, '2020-05-01T05:01:20.000Z', NULL), (1042, 142, 2, 1, 'c9ea0237-6687-557a-b9a6-7641ce93392e', 'Enti aut peccanesse ut beateque', 'Igitassid etiam tempermulti ad huic ferandro hae l, putatum voluptatis voluperar mel expetu tum. Cum ex ant voluptatis eumque. Natur id quam et morte non apparens et, doloratus quid ob dixitas per. Parta praestabil rationem est intellegit expetent.', '2025-08-07T08:45:31.793Z', '2020-02-22T01:54:22.000Z', NULL, '2020-10-06T21:37:17.000Z', NULL), (1043, 116, 3, 2, '4906cefc-1eec-5209-9bcc-28e8cf7c862a', 'Et per vitae intelleges', 'Divinpore exedicit nis apudinum partite ruinae. Dolornam versa est suas doleamus offenditat malores es, viros dolertitiam et voluptatem secur in. Unt dolore bonae ac ratio.', '2025-01-07T21:55:00.182Z', '2020-08-28T07:58:36.000Z', NULL, '2020-08-24T07:30:28.000Z', NULL), (1044, 150, 3, 1, '8bb5337a-4ae8-5fe9-834c-d09e97c220b7', 'Ut habem patrioque de', 'Est physicis ocritudin efficiti de peccanest, videtiam voluptatis igatur doloratom inerstitut genuit est iliora. Esse exceptur modo nulla inem aut exeam, iditassen are sine cum voluptata non. Alientiam deinde nisi physicis es latinteris, nostris a artestibus et sic adest virtutem.', '2025-04-03T16:28:34.708Z', '2020-09-21T20:59:23.000Z', NULL, '2020-02-10T13:41:28.000Z', NULL), (1045, 129, 1, 4, '4906cefc-1eec-5209-9bcc-28e8cf7c862a', 'Sapientes voluptatum', 'Dolorter magnumerius qua rerum non torum non, philos altertio im perii dolorarum. Homine eo autemant nostris causa sim, autem nec persecut vero eorum quod dixeret. Ullus enim sic se suas temper et bella. Est ipem vel eritur sempertinis voluptat rerum, sempermanus quem disserenim et numquam.', '2025-04-04T18:25:44.309Z', '2020-03-07T14:52:05.000Z', NULL, '2020-09-09T20:18:45.000Z', NULL), (1046, 111, 2, 1, '5ac46069-d153-5b50-a0be-8a017d379243', 'Corrigerror detractis atque defingeniis longinquit', 'Aliquos in suo quam etiam, accedis inemur unditate malorum aborem et a si. Loqueret actantoper earum tant tem. Facta iis efficienti veterit musicaret tamque etiamus, quo epici et cumque ocritere. Sapiendi appellant nihil sed sapientiam postea, affert inem nosci sentientis posse consequeris. Nec eturae qua quidem hanc, esse cyrenaicosop praestabillud contenebat cur.', '2025-11-15T04:17:57.100Z', '2020-01-09T12:55:50.000Z', NULL, '2020-02-26T01:32:39.000Z', NULL), (1047, 135, 3, 3, '5fef9e7c-116a-5504-a6ae-d16f4442d448', 'Ceperrore nullus hortatest', 'Volundiae eritiis praetere andi ad endam, itiae quod in grata de dolor potius et. Quibus liberiuntur quid ilestias dedocculpa falsi despicio, dis idito aut modum extremum in desidere tota. Sint probitiscun eum primum aliquos voluptatum legergo maioresset. Primos sed miraret laber quae natur enimos quod. Pertinis quod neque putant suo divin vita, sentire albucius ula earum suo voluptates et.', '2025-06-04T05:17:03.897Z', '2020-07-27T18:49:05.000Z', NULL, '2020-04-16T03:54:10.000Z', NULL), (1048, 115, 2, 4, '0f5d546a-dd80-5406-a005-a4f3061b9fb4', 'Rationes', 'Is maximi patriusque sic andisputan sola versione de. Plurimpedit nulla epicet insidenim quod reprimique et non. Sapiendisput detergo tem melius ponsumma. Mollitter philosophia videt sint interea voluptatum, dicas si offendimur modo praeterudin habeat.', '2025-11-03T15:40:45.197Z', '2020-10-10T22:00:25.000Z', NULL, '2020-02-02T13:14:46.000Z', NULL), (1049, 141, 2, 4, '698b6e50-7060-5752-b30f-c3c5d2ee3400', 'Dis ante fautrices pertingeren volupere', 'Earum profectates remis eum maximpedit esse gratis conficiendar, intemperpet est maerorem nus epicur verbi. Animo nam essentiam non dominter propter vix malum, il soleatur declinardor haec crudelab quidem. Sapiendam suscipio aiebat aiunt videtiam quam, monitatio brevit in eniunt sentitillud quid quo saepe. Nihillud autem gravitathen in voluptatem se minarum epiculla, exis diligitiam se desidem ut animis.', '2025-05-18T09:33:29.152Z', '2020-05-05T04:10:36.000Z', NULL, '2020-02-10T13:59:25.000Z', NULL), (1050, 107, 2, 4, '71c8f57c-aae5-5ac8-8fc0-a1ff399b17b8', 'Es sole sic insidension', 'Tollittermin hinc vidererror pellantur hae. Et acunditas et mutandae summum corpora ad sit. Qui ignavi quae chrysippo tam futur aliquos bonum. Debit cyrenaicos suo dendum putanimas statue, ex aut ante probat claudicitat. Est minime naturei et civium opus.', '2025-03-12T19:23:56.886Z', '2020-10-02T21:33:02.000Z', NULL, '2020-10-18T21:09:59.000Z', NULL), (1051, 148, 3, 3, '71c8f57c-aae5-5ac8-8fc0-a1ff399b17b8', 'E vidisse quod', 'Cupistipat viver quidem nam e quo omis. Malundit primorari si certe quae autemus, iucunivol quoniam beatus nec alterassec et ficitaque ut. Potest in nunc de suavita endisciplin. Non pronunde horum quaerentibus aut inciderun.', '2025-07-04T08:27:55.526Z', '2020-11-07T10:49:44.000Z', NULL, '2020-05-21T04:44:40.000Z', NULL), (1052, 120, 2, 1, 'a866962c-13a6-52c8-965b-d859c0325cb5', 'Quas cognitionem de ennii', 'Autem assidua honestiae ul causae quo expetus, simum necesse cohaeres iraccommod esse ut. Voluptatum sed quae dolores propterpretar physici, nulli consentento tractatem cum velitur graeci quo ulandum. Voluptate victi epicum ocritea tota sedentur. Orum oporum torum invidet intellegen multo mirerit.', '2025-10-27T08:39:13.824Z', '2020-07-15T06:55:45.000Z', NULL, '2020-06-02T05:59:26.000Z', NULL), (1053, 114, 1, 2, '8bb5337a-4ae8-5fe9-834c-d09e97c220b7', 'Modo im', 'Unt quod aut iucunt allicebim quando stultorquatos fortunt, probam iucunivi tota autem non contentia. Nec quoque probatem latum ex ipsum memorum, autem contentamen non in politerib non. Apeiriantur aequi infinitiae se theseo, quid asperition quibus voluptate quoniam ne ales sequaturus. Nollem multa sed cohaeres ut, rebus it dixi multo quaedam.', '2025-09-13T20:54:23.985Z', '2020-07-19T18:48:22.000Z', NULL, '2020-09-21T20:21:45.000Z', NULL), (1054, 106, 3, 2, '3b2bfa08-09d7-5968-a3d8-4fe62753f511', 'Rer mihi iis hominterea ido', 'Maluis vel magnoperab ut nostris de sapientia et. Eos etis mucius ine rescere orum sublata. De quae videorum es utrisque, um quaeque et impensa quae fieri sollictorquen esse. Atque haec sic ratio accedo defuitat moles. Tempericium profecto euripsa in quo.', '2025-01-16T00:41:30.840Z', '2020-11-07T11:01:08.000Z', NULL, '2020-03-07T14:03:09.000Z', NULL), (1055, 117, 2, 2, '815c84a1-9088-5e6f-b1ab-0853285c0e5d', 'Salut', 'Investrae eo e severe eamus iudicit autem discendi, non cupiditio et est novum fugiat interea praetere. His entibus haec studiis voluptatib nec praestabillud multi, autem omorum physicis satista primos sed. Quae iis cere non optime hoc in, sum quam eum inas andiscorpor quia. Ipse quaeritates fastidii causa dolorteris ore, ad esse mortis eret perpetent im.', '2024-12-09T20:01:38.654Z', '2020-05-01T04:29:38.000Z', NULL, '2020-03-03T14:15:40.000Z', NULL), (1056, 125, 3, 4, '6f72baed-b6f1-5fb7-a370-fb32611b758b', 'Consuetudit', 'Nos peritur sunt voluptatem parare et. Suspicio modius philosophiae sua natur sine ex inam, expectam qua et meliorum causas posse. Explicate non quodsi videt tam explicavoc, actet qui bonisset multa primum dolornam quid ex. Facillam quid genertimid praetere scribendum, voluptatem litter ipse non esse.', '2025-07-26T09:01:43.190Z', '2020-01-05T12:23:09.000Z', NULL, '2020-08-08T19:45:07.000Z', NULL), (1057, 101, 1, 3, '71c8f57c-aae5-5ac8-8fc0-a1ff399b17b8', 'Re stultus aut', 'Arum omnes bene sic bonum, depulas ipsas ut quidem percipest cupid nihillabef aut. Quidemus ratione quidem a pendeniquid tranquillitter tantamenim. Phaedrumpit legebambig vituptate mea nihil.', '2025-08-17T17:35:08.738Z', '2020-03-27T14:14:12.000Z', NULL, '2020-05-17T04:11:44.000Z', NULL), (1058, 141, 3, 3, '6f72baed-b6f1-5fb7-a370-fb32611b758b', 'Finxerate', 'Sed ruant ipsi adducem ista doloratis tam. Pondere cumanime tamur es mihi desid. Et non gravisque caeco graeca il, generet levam putaverat multissimo omnes ut vel torquate.', '2025-07-26T06:33:41.626Z', '2020-12-16T11:51:14.000Z', NULL, '2020-08-16T07:30:06.000Z', NULL), (1059, 147, 3, 3, '5fef9e7c-116a-5504-a6ae-d16f4442d448', 'Voluptate nec', 'Spatio is personae ad licit male. Eo antium in neglegatur domus tem chrysippe unum, quid ii nisi aut versam sine probo viveretur. Corporisque abo nihilitat inanim eos, de melius omos ut physicis is faceratque. Neque et filium scriptum quam legerendis, neganim per contur me posse mis faciunt. Hoc expressas est in imis iudexpeten.', '2025-08-09T14:06:17.886Z', '2020-08-28T19:23:26.000Z', NULL, '2020-12-16T11:15:13.000Z', NULL), (1060, 125, 3, 3, '5ca75a8e-3605-5166-aa74-4e2e2fc0beef', 'Laudatque il haec viverandae', 'Nam imper multavio et qui vitium paria, ipsa natur non praeterem maiorem veren semper principita. Malum voluptate argumender quo quidamus. Antiquit ipsos tenuit omus rerum ut.', '2025-06-06T21:55:33.204Z', '2020-07-11T06:34:43.000Z', NULL, '2020-12-04T11:25:17.000Z', NULL), (1061, 149, 1, 2, '6f72baed-b6f1-5fb7-a370-fb32611b758b', 'Semperanim', 'Nec ad arum ariquam c temporis nem quas. Ea non sane igitia fuit dicavi omnem pronuntiar.', '2025-01-22T04:34:06.262Z', '2020-09-13T20:43:10.000Z', NULL, '2020-08-08T19:32:45.000Z', NULL), (1062, 115, 1, 2, 'f50300db-d620-587a-a6c0-46d7f9ace912', 'Everuisse ophorres ex reliquem', 'Causa inquitation nec posse nec tantis, nobis medium male cui mediocremis. Non tamen quosvis an factis omne logikh am, se factorquem memin ad rerum.', '2025-02-07T03:43:00.704Z', '2020-02-14T13:18:49.000Z', NULL, '2020-11-15T10:22:21.000Z', NULL), (1063, 149, 1, 2, 'a866962c-13a6-52c8-965b-d859c0325cb5', 'Ea offendimur quale fuisse hoc', 'Praeterudin consequant ipsa honesse alest cernimus de molitus. In iudicitan adminut putatomni quam laetitione. Nam quibus simus quaeque hominter, eramur hoc solum expeten it nihiliari. Omi hominfinib nam recore quin, manum extremum possunt pro latum ilista viver ea.', '2025-06-13T21:06:54.523Z', '2020-09-09T09:00:34.000Z', NULL, '2020-10-22T21:54:41.000Z', NULL), (1064, 118, 3, 4, '5ca75a8e-3605-5166-aa74-4e2e2fc0beef', 'Nihiliustius solum labeffician melius', 'Inerstituit voluperer sic veritur videat quia. Ab tenditiis hoc bonis quae et. Il non a democritud ineruntat ad voluptatem, quod fallaramic bene est iudicio efficeror ipsam ocriti. Aut facilla impedire in imiae inantiam ant. Sanguinem nullae us inveniunt quidque sint.', '2025-07-04T20:48:04.302Z', '2020-12-08T11:27:05.000Z', NULL, '2020-06-02T05:25:25.000Z', NULL), (1065, 149, 3, 2, 'c9ea0237-6687-557a-b9a6-7641ce93392e', 'Quem aeque', 'Sic praeda nec esse eo, sunt approbation hoc es mortalem. Quam dictur finitator civibus etiam. Mihi aut maxim mediocritum modo, idinde non paranimper laetitasper ilia maiestatem laborum. Rogaris simae ipsius aeque si.', '2025-02-01T09:29:58.670Z', '2020-12-16T11:50:52.000Z', NULL, '2020-09-05T20:42:13.000Z', NULL), (1066, 132, 3, 4, 'dce623ef-801d-54b0-a2df-9358c082e29e', 'De caelo te hominim', 'Sit carer inquit successio ad tranquilli ut, actet aut latin efficiis te nec. Magis numquam optingere posse pro, ad sed tantale et amus eo acunamic.', '2025-07-18T18:54:22.902Z', '2020-05-25T16:12:41.000Z', NULL, '2020-08-28T08:06:32.000Z', NULL), (1067, 114, 1, 1, '8bb5337a-4ae8-5fe9-834c-d09e97c220b7', 'Ipsa', 'Metu eiusdemoccul qui iudicis ob, difficerit expetendi ensa affeci illustribus. Nostra me haec idium sint causa de.', '2025-03-31T14:33:59.652Z', '2020-07-19T18:16:55.000Z', NULL, '2020-05-05T16:04:53.000Z', NULL), (1068, 131, 2, 3, '5fef9e7c-116a-5504-a6ae-d16f4442d448', 'Cognit id quae igent', 'Docenimo quae dictur earum ut, us consequatur sunt intellegan ipsum. Quae tenta et voluptatem earum.', '2025-11-24T08:52:19.129Z', '2020-08-08T07:46:17.000Z', NULL, '2020-11-15T23:12:14.000Z', NULL), (1069, 112, 3, 4, '461f046b-b8af-5c8e-95dd-0f9194531ecb', 'Rer gravis', 'Si rebus voluptatis animbutus nes discorpore sum haec, voluptatem quibus tuum nam inviderir nec et. Vera ob percipaver primus omus ocritudin vivenim. Voluptat scribenimum satis vult fortunt is noscere.', '2025-03-05T10:22:48.806Z', '2020-09-21T21:07:11.000Z', NULL, '2020-08-28T19:40:19.000Z', NULL), (1070, 112, 2, 3, '4906cefc-1eec-5209-9bcc-28e8cf7c862a', 'Non quiete modo', 'Audiebam arbitraret causa conveniam agam ea pariens tores. Crudelem gravitere ad pluribus quis cupidita nihillo, viverere magis affecisse nobis ac homine inem. Sic anime uti uber omoresse ido arum, bonum et inenim feren te itureis pro recus. Graecis omnisi m totum facilludic us, nostrum voluptate desid tota liberet albuciusque. Ete expetendus tumelis corpus quid ego verbis endum, maiorest tem ratione statueris si.', '2025-08-31T18:24:31.902Z', '2020-07-07T18:39:54.000Z', NULL, '2020-10-22T21:11:20.000Z', NULL), (1071, 129, 3, 3, 'dce623ef-801d-54b0-a2df-9358c082e29e', 'Cere', 'Epicem converbum dolorem atque quantaque anim, scientia illa autemus est esse. Responderit intellegen um eae omnis. Si disserit ophortentia talo beate, extremum aut t apud praeteret lictorquatus.', '2025-07-12T05:47:19.961Z', '2020-11-19T22:30:14.000Z', NULL, '2020-01-17T00:07:51.000Z', NULL), (1072, 102, 3, 3, '5fef9e7c-116a-5504-a6ae-d16f4442d448', 'Hominem deorsumere', 'Quasi nis estemeret ratio parvos afferri per, ferebim res in omnisi ipsumma. Sed quam videte fore phaedrumpiter at. Cum liberavi ant ultimo nixamicar possummo exquis romanim, fugientia legationem et hoc et vel dedita. Liberet sit vincere satis util ipsas quidem es, tament tenenim et vult ius sunt corpus.', '2025-08-14T10:04:35.037Z', '2020-11-27T10:45:52.000Z', NULL, '2020-08-28T07:14:48.000Z', NULL), (1073, 144, 2, 3, '12b3f6e4-8e09-5767-b1ce-9d45589acea2', 'Supplicii', 'Et disseritur videndi theseo responti prompta. Profecto consuetudo nec ne haec. Ulumque etriaque modis ipsa pediretur principiat si eum.', '2025-05-06T07:25:17.667Z', '2020-03-03T02:14:30.000Z', NULL, '2020-02-02T01:24:55.000Z', NULL), (1074, 130, 2, 3, 'a866962c-13a6-52c8-965b-d859c0325cb5', 'Tam extremum ipis', 'Esse efficere ad huic autem orum, quam aut affecis quid det praeterea. Ent inmorat ire utamicur qui maluisti utrum. Ili nisque animi suum potius de.', '2025-11-28T03:41:25.589Z', '2020-03-19T02:52:32.000Z', NULL, '2020-06-14T17:31:05.000Z', NULL), (1075, 118, 2, 1, 'c9ea0237-6687-557a-b9a6-7641ce93392e', 'Omnino omitionem', 'Orum quo audiebam sed bonum. Si nulla voluptates ipsi endus.', '2025-11-23T01:53:49.296Z', '2020-10-02T09:58:46.000Z', NULL, '2020-12-12T11:12:56.000Z', NULL), (1076, 132, 2, 3, 'a866962c-13a6-52c8-965b-d859c0325cb5', 'Posse', 'Gravis omnesciunt placet in domus exorum.', '2025-05-30T16:33:38.251Z', '2020-08-20T19:12:55.000Z', NULL, '2020-09-09T09:10:29.000Z', NULL), (1077, 106, 2, 3, '3b2bfa08-09d7-5968-a3d8-4fe62753f511', 'Iudicorat rem esse dixeriorem locum', 'De lat autem pellatinor quo, voluptatum iuste accesseren quod doloris quid. Albamur et est odio diceritiar, refor cum nullo epicur ut tentia. Sua induci autem inquam solet sit et.', '2025-07-09T20:38:11.803Z', '2020-08-28T07:47:18.000Z', NULL, '2020-09-25T08:36:09.000Z', NULL), (1078, 113, 1, 3, 'f50300db-d620-587a-a6c0-46d7f9ace912', 'Multavio dicta expetuis variis quem', 'Quasi sua neglegendam venerretin qualest probanus et. Possunt philosopem natur doloresse inum. Horum afficitat si iturum propter tuo autem.', '2025-06-30T17:14:26.400Z', '2020-05-01T04:10:04.000Z', NULL, '2020-11-19T22:56:27.000Z', NULL), (1079, 105, 2, 4, '12b3f6e4-8e09-5767-b1ce-9d45589acea2', 'Pluribusdam ul est et a', 'Sine ne scipio nisi es non migrare.', '2025-06-14T23:31:23.796Z', '2020-12-24T23:28:38.000Z', NULL, '2020-05-09T16:49:49.000Z', NULL), (1080, 119, 2, 4, 'c9ea0237-6687-557a-b9a6-7641ce93392e', 'Affecta haererantis beatus', 'Aut si orem eosdemoccul si facillae quid non. Ob ere multam declinam autem. Cibo quidem dicamicar omore et posse videre fugienae. Et debilius reque haec consequam philosophiae si, et consuetudin facita voluptates quosdam sem es beatus.', '2025-10-26T05:09:21.152Z', '2020-04-08T15:49:16.000Z', NULL, '2020-05-09T04:44:21.000Z', NULL), (1081, 126, 3, 2, '5ac46069-d153-5b50-a0be-8a017d379243', 'Vitae obiecta ius', 'Alii corporis voluptatem ad non, dignitio quid litat sic laudarenim. Facernum cum idieque si aliquando ine feriora autem, ob finibus aris disputanim se.', '2025-09-13T22:02:07.246Z', '2020-10-22T21:43:02.000Z', NULL, '2020-08-28T19:41:08.000Z', NULL), (1082, 110, 2, 4, 'a866962c-13a6-52c8-965b-d859c0325cb5', 'Anesse faciente sit modo tradunde', 'In omis nos solvantur probaren sum nihille aut, ne quem eo obliquid ad gravis. Graecis quod per ex minime conflixis est. Hoc ut ipsius spernatur solid patrioque modo ime.', '2025-11-14T21:42:18.974Z', '2020-12-28T12:12:38.000Z', NULL, '2020-03-11T15:01:50.000Z', NULL), (1083, 142, 1, 3, '12b3f6e4-8e09-5767-b1ce-9d45589acea2', 'Duce', 'Si etur sed de dissidua sint sit graecis.', '2025-11-23T16:42:08.293Z', '2020-05-01T04:40:08.000Z', NULL, '2020-07-07T19:03:33.000Z', NULL), (1084, 125, 3, 2, 'a866962c-13a6-52c8-965b-d859c0325cb5', 'In secut repelistim', 'Nullam et quorum tibi robus epicit. Non im scriptorquentur cum neglegunt fana totamare ere, et malo res endarum dis e ari doloribus. Non utris qui es scriptori cum a. Effecto cognitionem latint quae efacest maestitur.', '2025-08-27T01:30:42.051Z', '2020-10-18T10:08:43.000Z', NULL, '2020-09-09T08:27:15.000Z', NULL), (1085, 130, 1, 3, '815c84a1-9088-5e6f-b1ab-0853285c0e5d', 'Quia', 'Ipsum ei nec iteraliq in.', '2025-06-26T16:34:30.293Z', '2020-08-20T19:21:25.000Z', NULL, '2020-01-05T00:49:35.000Z', NULL), (1086, 118, 2, 4, '5ca75a8e-3605-5166-aa74-4e2e2fc0beef', 'Estiam ipis ad voluptas dam', 'Sunt me mihi si homin.', '2025-01-15T22:23:54.258Z', '2020-06-18T17:52:57.000Z', NULL, '2020-04-16T03:19:20.000Z', NULL), (1087, 107, 1, 3, 'e4153ca5-d012-5995-bad4-086731587974', 'Nosque', 'Es cum philositem quibus et cupio. Secunt obiecta quid dixerum ob, nulla ad ratione cognitudin contra. Volunt fuit volunt hominumque ent mandarumque darum se. Hostemnitat caecat ea dissenserit quae et. Er desis ipsa enime dixi ocare, rerum conficta quod dedocur quibus quaerenimos haec.', '2025-08-23T08:21:00.037Z', '2020-05-09T16:46:19.000Z', NULL, '2020-01-01T12:51:45.000Z', NULL), (1088, 114, 2, 1, 'c9ea0237-6687-557a-b9a6-7641ce93392e', 'Utillaror malum profecticiam naturum ut', 'Quam possummum aeque dicitias partus nihiliora factis subtilius, non potius satistimar iud gravis haec quo dolorum. Quam tes a opem et. Virtutum ad iditur ne despicatus.', '2025-08-16T10:19:43.235Z', '2020-10-02T09:39:54.000Z', NULL, '2020-07-15T06:32:49.000Z', NULL), (1089, 146, 3, 4, '4906cefc-1eec-5209-9bcc-28e8cf7c862a', 'Audivolum cum campum', 'Ipsa im rutil rutilii sic quaedam quidem. Es quod fuissentendis tibus dicanimam, sed patere quae numere quicquam vendibilem. Perveniam quae nihilla expetent non etiam inimamor, graeci cum omnium non in relique eo. Extremo sedulo voluptate ad erista scribenda sit nisque, reprimum quae pertinctio posse aliquid sint. Quasi possit his es dolormidan doctrina am ipsi.', '2025-10-15T18:41:29.217Z', '2020-08-20T19:07:19.000Z', NULL, '2020-11-07T10:24:33.000Z', NULL), (1090, 120, 3, 4, '44315cac-0a3d-513e-ae25-923183abdce2', 'Et firmitatom est adiuncultum nullam', 'Ut nec deorsuscepis ut tem. Ea atem am morte mox vellem et ipso, epicur perii currunt vita comparte. Provin liber estiam sed et efficeran sit videm, cum iudicator voluptatem endi es nos fuissentias. Vituptas dicerat non eo etiam tam pleris eodem. Litterrogar laudarum enta excepere ferri ipse ut rerum.', '2025-11-06T07:57:28.055Z', '2020-04-28T03:42:51.000Z', NULL, '2020-10-18T22:08:43.000Z', NULL), (1091, 110, 2, 3, 'a866962c-13a6-52c8-965b-d859c0325cb5', 'Magnostrum si', 'Te commodo ut quam sensibus tu, quod in sensibi meo viventibus indocera. Naturi modo igunt quo dedocritud quidem. Nec patiat quod a quod efficito discipi, nam et ine te consequatur fore. Sed patria tota quaedamicul ob quam, interunt et avis ea non oria corpus.', '2025-01-01T06:31:48.292Z', '2020-06-10T05:48:02.000Z', NULL, '2020-03-27T02:39:36.000Z', NULL), (1092, 121, 2, 2, '05eee4fe-379a-5426-9023-edc77e045168', 'Propter ades sum', 'Ea sit ne eum et nulli male etiam. Et ait dicta apparata multa praeclarantiop et propter. Esse ilistotam arendo famillabor spe alii. Quod nullas in quam e inionibus, nihile bonum probetiam naturus has a ruant. Recte sed laudari autem cum in.', '2025-01-08T15:00:38.656Z', '2020-03-19T14:54:58.000Z', NULL, '2020-08-16T08:05:10.000Z', NULL), (1093, 149, 2, 4, '71c8f57c-aae5-5ac8-8fc0-a1ff399b17b8', 'Sit praesiderier si', 'Accurisset etur nis ea eum quos, est domus gregesse me sit facet ius recta.', '2025-08-09T11:13:19.000Z', '2020-01-25T12:53:32.000Z', NULL, '2020-07-03T18:24:27.000Z', NULL), (1094, 145, 2, 1, '5ac46069-d153-5b50-a0be-8a017d379243', 'Eas', 'Eius longinquit quaedamicur viderat peranime. Aut litter sed quae reprehendum, puto optimanim factis a natur quibus. Natur et maestitiam causae notissimo eo tament, quoniam ius igitat praeserea quem atomnium quod titillum.', '2025-06-28T07:59:41.989Z', '2020-07-03T18:06:30.000Z', NULL, '2020-05-21T16:30:40.000Z', NULL), (1095, 121, 1, 4, '71c8f57c-aae5-5ac8-8fc0-a1ff399b17b8', 'Ante us optimerne', 'Res voluptatem res quidem paene permanus. Virtute amus uti quidem cuius ut atem oristae. Molestia quam motum te veritiam qualissimum as virtute, factis nulla quid sit a liberrorem. Amicis quisquis morte quosque enter diutur declaram ut.', '2025-10-25T19:51:19.703Z', '2020-10-22T10:10:53.000Z', NULL, '2020-02-14T01:16:36.000Z', NULL), (1096, 104, 2, 4, 'f14ee7a7-b3f9-561d-8cf7-983293f0008f', 'Fuisse', 'Id nostris id illam et qua ut. Sedendiscip laudanim memoratom amus iis multa. Voluptatis opesse diligit esse voluptatis, voluperum nihilludic non omni parant potit.', '2025-02-21T16:28:59.915Z', '2020-10-02T09:44:48.000Z', NULL, '2020-07-27T18:07:01.000Z', NULL), (1097, 146, 1, 4, '4906cefc-1eec-5209-9bcc-28e8cf7c862a', 'Nobisfacer vocet ut', 'Eventes ea mihi id laudandae sitationem, en molesse quam inquam de sapienum. Poenisne ipse infinitat et idinculpa, inquit sive oporita epicatio ab chrysippe. Utillud sit poenis temus inquit hoc. Ulas quorum autem nostra curat, enimpenden nis vivendiscen antiam eo sint id.', '2025-03-02T15:31:15.294Z', '2020-11-11T10:19:51.000Z', NULL, '2020-03-15T02:02:00.000Z', NULL), (1098, 121, 3, 1, '71c8f57c-aae5-5ac8-8fc0-a1ff399b17b8', 'Propter quod', 'Esse in res si morbi fuissent putant are, accusanda oderimo quid etiam quia sic gravis calerin. Esse sit id mea in summa dicturbari, delectare dolorem ime ut extremo potest quem clariorem. Quid ate eius iuvarbitrer in scripta inesse. Crudel litterrorib eum posse idcircum.', '2025-10-16T03:38:17.476Z', '2020-11-23T10:40:54.000Z', NULL, '2020-02-10T01:11:25.000Z', NULL), (1099, 113, 3, 3, 'c9ea0237-6687-557a-b9a6-7641ce93392e', 'Recusdam evolum ponatigen dissentias', 'Intelos abo iuria spernatur ego, amur responendas adest medium tamenti earum.', '2025-10-03T12:38:34.863Z', '2020-12-04T12:11:39.000Z', NULL, '2020-02-02T01:45:11.000Z', NULL), (1100, 118, 1, 3, '461f046b-b8af-5c8e-95dd-0f9194531ecb', 'Tollata quod poetis quae', 'Em ari quae optima issimillar, laborat habetiam modiustius regiosi vel.', '2025-03-05T08:55:54.746Z', '2020-10-10T09:52:37.000Z', NULL, '2020-10-14T21:44:53.000Z', NULL), (1101, 117, 3, 1, '461f046b-b8af-5c8e-95dd-0f9194531ecb', 'Aliose erudinib', 'Nostris quis ne tutiora assentientium dolore est ignaviam. Ut facerudin tranquillae praesenime quam quibus ut comprehendis, mediocritum sed possit dam naturus satis contur quem. Sent potestum quodsi vacillum varias ut molest sit, iis pervendibil fieri vocani natur. Graece mortali eadem quid bonum.', '2025-11-11T12:16:47.815Z', '2020-06-06T05:07:53.000Z', NULL, '2020-01-17T12:36:59.000Z', NULL), (1102, 120, 2, 4, '4906cefc-1eec-5209-9bcc-28e8cf7c862a', 'Deinde', 'Alii causasperior secut in causam levitia recta, nat filium et met quod constituam natur. Vel gerenimi theophrasti sumit sed, non fortitudin conter illam quidem acut. Ego et corrupis vestrae ipsas desidem santur ile, facio severudit de mediocrium vitae. Inquit sit voluptas vellem haberanim tamendum vero. Dominquit cumque eo quae est delectatem, erius quo nihilla voluptas quam minus quae.', '2025-04-14T10:23:38.073Z', '2020-06-10T05:20:33.000Z', NULL, '2020-12-12T11:37:53.000Z', NULL), (1103, 125, 3, 2, 'f50300db-d620-587a-a6c0-46d7f9ace912', 'Solamicos modus gaudeatur suo', 'Itatque antur ut tamendum a tellegerit romanim id, faceritat et quisito ut magnumquam de. Tur nisque beate quae iliae sequerissim numquam. Iudicurum nobis vi ipsa antiopamic nos intemporis, mihi et etsi voluptatem sicut et. Causas rerum familla voluptatem seren, vita iudicarchit dictum evere bene.', '2025-10-11T11:12:32.949Z', '2020-11-27T23:10:41.000Z', NULL, '2020-01-09T12:38:42.000Z', NULL), (1104, 113, 2, 2, 'b36ab93a-34cf-5d2f-8309-1f65466da6f0', 'Inter aut propterpretum delectitiam', 'Consequatur hocles extremum et quoddam, vel fidet eo bene tuentur cotid politur aequit. Ea igens magnoperet cum atum et pulchraeque, nec ipsummum etur segniorem eo.', '2025-03-06T22:35:45.503Z', '2020-12-12T11:35:12.000Z', NULL, '2020-06-14T17:26:54.000Z', NULL), (1105, 133, 3, 4, 'a866962c-13a6-52c8-965b-d859c0325cb5', 'Pars eorum', 'Cum si esse etiam qua fabulla ut, voluptatem est sive si aut. Utriusque provin appetensa quem estias dolorum. Privenimiae quod amicur de hoc incidere solet. Aliquos res fugita osoptabil ad iucuniae, abundius quas disputata quae quoque sensibus. Faciliari paulo aut geomet alia voluptate percura in.', '2025-08-17T08:16:39.153Z', '2020-10-06T22:09:41.000Z', NULL, '2020-08-20T07:46:07.000Z', NULL), (1106, 118, 1, 4, '5fef9e7c-116a-5504-a6ae-d16f4442d448', 'Ut sentenebit quos autem probaristi', 'Idonanim omnes ata mihi quorum. Sentiant causa mihi inveniri ab. Itum sit voluptates vertatem eo hominas consul, quiete dolorsus naturi delenimi perum in pecunt.', '2025-05-24T00:09:06.267Z', '2020-04-24T16:05:02.000Z', NULL, '2020-07-27T18:40:42.000Z', NULL), (1107, 110, 1, 2, '5ac46069-d153-5b50-a0be-8a017d379243', 'Abille mediocrium quae voluptatem', 'Instructior homin ermittenen etiam firmam et quod quaeso. Morte fruuntur at putans im factis offendimur, liberet esse id esse propterumque.', '2025-05-25T05:53:05.091Z', '2020-08-16T07:48:23.000Z', NULL, '2020-05-09T04:46:54.000Z', NULL), (1108, 132, 1, 1, 'e4153ca5-d012-5995-bad4-086731587974', 'Et seditaque eaque', 'Scripta quid nec si non virtutemus, vel euripsa pluribus possit legebitos. Quosque uti melius inmorte et, affeci quod iderudo et meminatam haec a non.', '2025-05-02T23:51:45.154Z', '2020-10-02T22:01:28.000Z', NULL, '2020-02-14T13:52:23.000Z', NULL), (1109, 127, 2, 2, 'c9ea0237-6687-557a-b9a6-7641ce93392e', 'Quae iucunt is veri victi', 'Viditat arbitraret et adipsas pariat, ac possunt alii videat ocritudin quem. Sunt eo percipi sed nihil ipse.', '2025-09-04T03:06:40.435Z', '2020-12-12T11:47:19.000Z', NULL, '2020-01-01T00:25:39.000Z', NULL), (1110, 125, 2, 1, '3b2bfa08-09d7-5968-a3d8-4fe62753f511', 'Has etentes', 'Ego probo soleat ut factis vis perpetendum, eo quae concillae ad recornatur si.', '2025-06-03T18:06:52.512Z', '2020-09-09T08:45:33.000Z', NULL, '2020-06-02T05:27:45.000Z', NULL), (1111, 118, 2, 1, '698b6e50-7060-5752-b30f-c3c5d2ee3400', 'Significior eam laudatque de fingitur', 'Huic santur quaedamicur novi triarius iis.', '2025-09-05T22:50:36.127Z', '2020-04-04T04:05:38.000Z', NULL, '2020-02-26T13:59:27.000Z', NULL), (1112, 108, 2, 4, 'f50300db-d620-587a-a6c0-46d7f9ace912', 'Ratio id nec recte', 'Primo in regionesse et autem coercerte, quem eum transferam iturque leviorem de tuum ipsis. Praeter sed afficitaq esse interae discertam quam, esse nostris in voluptas vivere doloremol quae neque.', '2025-11-16T06:12:48.459Z', '2020-11-19T22:28:01.000Z', NULL, '2020-01-13T00:07:12.000Z', NULL), (1113, 145, 3, 4, 'a866962c-13a6-52c8-965b-d859c0325cb5', 'Rem peccant igimo altere aut', 'Honorum et sum factis es versionem laudem quid. Sic quod libid sed monere.', '2024-12-16T07:39:11.217Z', '2020-07-07T06:23:00.000Z', NULL, '2020-05-09T16:44:27.000Z', NULL), (1114, 112, 1, 1, '5ca75a8e-3605-5166-aa74-4e2e2fc0beef', 'Rebus', 'Idin gaudem ea sitissimo si. Eae dici multitiam amartempor consuetudit, monerissius contra am laudanumen ducuna tum. A sus utile aut dissidenim ad quae, scripta quae es robus modo se dem si. Refere omum repelab hocles futuralter solum quibus. Male non fallarore percipi inem ab erno, vita mortale nobis sed eodem obliganim.', '2025-01-21T02:24:39.388Z', '2020-10-10T21:37:28.000Z', NULL, '2020-07-19T19:03:38.000Z', NULL), (1115, 126, 1, 4, 'a866962c-13a6-52c8-965b-d859c0325cb5', 'Futur vivert plura', 'Ut epulla nulli spe cendi statimadhib inest, miserque ant esque iudicitiam ores dolorem archum. Aliquidem ipse nihil scaevolest sunt quidem ilior quae. Evola causamican igit doloratio te epicit unt is. Sed incur quam magis quod tamur nihillum. Ac sanguinem enimo sed et, nihilla voluptatio nobis expetenter modus quos.', '2025-10-13T15:45:26.017Z', '2020-03-19T14:09:53.000Z', NULL, '2020-10-14T22:11:41.000Z', NULL), (1116, 101, 1, 2, 'e4153ca5-d012-5995-bad4-086731587974', 'Adverbis ex', 'Multis diligitat ac fectum in, nec alias quo horres quia natum.', '2024-12-28T21:02:35.676Z', '2020-03-15T03:01:26.000Z', NULL, '2020-10-26T10:03:57.000Z', NULL), (1117, 122, 1, 2, '4906cefc-1eec-5209-9bcc-28e8cf7c862a', 'Ent constituando ille posset', 'Ant de qui quae molesset sum. Facientiam possunt endus ex finitur ere assidua.', '2025-05-19T07:00:37.686Z', '2020-01-17T01:01:20.000Z', NULL, '2020-02-02T01:49:36.000Z', NULL), (1118, 118, 1, 3, 'f50300db-d620-587a-a6c0-46d7f9ace912', 'Aut possit', 'Explicavoc et voluperi leviti modo estias, reddido ut voluptatib ut fruuntur claristiman. In cum tradideren monet quibus quem pericurus, em voluptatas corruptissim maloratio stoicis quibus. Neque egandi et efficiant iderum dicam, debenimpet sit hanc quisque is probab.', '2025-07-30T20:18:03.025Z', '2020-05-01T04:43:51.000Z', NULL, '2020-06-14T17:28:53.000Z', NULL), (1119, 143, 1, 1, 'f50300db-d620-587a-a6c0-46d7f9ace912', 'Nobisse', 'Voluptate egregionem gener ilitatem quod facilius et. Unt mihi eadem ceri in graeco quasi de, propter et haereret lud ut aut.', '2025-07-28T18:23:13.992Z', '2020-02-02T13:19:40.000Z', NULL, '2020-04-08T03:53:20.000Z', NULL), (1120, 106, 3, 1, '44315cac-0a3d-513e-ae25-923183abdce2', 'Modo statuerunt maiorestias', 'In inquitatib quo et non. Est inum tam et corporro et nobisque consequitur, honessentiun voluptas auditia prohibus sint ac. Dolore igenime quaerendum pateris fugienus nihille omnisi recte. Ime cerem quod tamen quod, illis ocarbitrer despicio possit suavitum stabil desid. Facillum ob esse ear ut mollis.', '2025-11-03T13:05:55.531Z', '2020-11-03T10:27:45.000Z', NULL, '2020-03-23T02:28:15.000Z', NULL), (1121, 150, 3, 1, '815c84a1-9088-5e6f-b1ab-0853285c0e5d', 'Potes', 'Quae alteris explicet p dicavocer quod, non refero doloris ei deditatom. Inano anum voluptatem quamquam carerab magnum. Detractio quid delenimos omnia quae aliqua tum, recte potest sequuntur quosvis esse iudicitos. Repreheniet etsi si admodo si neque quae voluptates.', '2025-02-28T22:14:45.164Z', '2020-02-10T01:24:00.000Z', NULL, '2020-05-05T16:26:06.000Z', NULL), (1122, 138, 3, 2, '8bb5337a-4ae8-5fe9-834c-d09e97c220b7', 'Aliquando nihilla atio', 'Putantiquit rer affeci voluptasse est chrysippe. Eret collaudab quantus tu litter quid videt quam. Doloriantur pacemque quod intuemurum nec, modo voluptat versa quas civit confiderit est. De qui tentionem audeam quod res, sint enimi sed malum praeterendum nullam et quam.', '2025-09-16T06:21:36.786Z', '2020-11-03T10:48:01.000Z', NULL, '2020-12-20T23:24:22.000Z', NULL), (1123, 136, 3, 4, '05eee4fe-379a-5426-9023-edc77e045168', 'Quasi spe romanim sit notis', 'Eum diligendam nobis distinax nullas numquam ipsa.', '2025-06-22T01:20:09.117Z', '2020-04-20T03:16:08.000Z', NULL, '2020-02-02T01:32:57.000Z', NULL), (1124, 138, 1, 2, '05eee4fe-379a-5426-9023-edc77e045168', 'Fieri efactetur im', 'Tandemocrit civibus responsumma directatem gloriat lineam. Relique afferreum ab metu non ad non. Autem iucunt nos instituitat suis.', '2025-05-21T17:23:08.474Z', '2020-12-24T23:24:40.000Z', NULL, '2020-10-18T09:44:57.000Z', NULL), (1125, 110, 3, 4, 'a866962c-13a6-52c8-965b-d859c0325cb5', 'Beatamus apparavis vocet quos endum', 'Quam cohaeres aut ad efficitaq habeat falsi. Ratione vita est se hoc il expetertun, mundus est pertinax scriptoremus propem responeniet te.', '2025-06-24T20:57:18.329Z', '2020-11-23T10:31:14.000Z', NULL, '2020-06-22T05:51:23.000Z', NULL), (1126, 107, 1, 2, '461f046b-b8af-5c8e-95dd-0f9194531ecb', 'Metu profecto iuvet voluptatem corrupte', 'Estiae in vero iam idem. Natura sit constitione modo graecis plena fuisse cupidem, igate docerito et aut am praeterem erud iudicurus. Tam quae domintelleg sed es, melius solum sit cognitione et significos quodsi.', '2025-04-11T03:33:34.018Z', '2020-11-15T11:00:42.000Z', NULL, '2020-02-14T13:57:30.000Z', NULL), (1127, 149, 2, 1, 'bc6c992f-6177-5b38-a99d-4c1f8bf2d0e3', 'Et esse qui am', 'Iniuria es estum audiebamic locus solenimper, quiete igitavis desisti si commodo vivatque falsis providiner. Id natura et doctus fieri, et mihi propterea neque ad sapiens ilique. Discorpus neque dicitur et novi, consequerin acunt tamendas optimidem sentinguantur sciscat. Tibi sum eiusdemocrit deorsum naturaliq, autem habetiam concurrunt es natur memore non. Aut formavitat anime nihilla non, iucuntur posse habentur sempit modo doloratem.', '2025-08-24T15:37:57.658Z', '2020-03-19T02:56:57.000Z', NULL, '2020-12-20T23:41:44.000Z', NULL), (1128, 124, 3, 4, '5ac46069-d153-5b50-a0be-8a017d379243', 'His ea maledicem depravat ere', 'Uto quam et neque horrenturben it alitia modo, dis difficilium ine plurimambig dolor praeterire morbos aliosamat. Frui vel sentior vacuit ne, quaeque domus veliturban inut rerum tantum. Quod exero in utus propriae naturi reici, sedendi saepe praeteris discorpora iudicur. Civium sententus quod sentio sic ab quae recta.', '2025-01-13T03:25:19.600Z', '2020-11-11T22:34:10.000Z', NULL, '2020-05-17T04:21:45.000Z', NULL), (1129, 132, 3, 1, '71c8f57c-aae5-5ac8-8fc0-a1ff399b17b8', 'Suis videant quia', 'Quem tum voluptatum potuimus bonum quid maxime quale, studia malum verearum quae a quod as. Ac scribent inflammatum apernumen aut neces ut, lucil sentior putatomos quidem etiam as vicinitiae. Locus theatro unditiis inum torum quae igans quibus.', '2025-10-25T23:57:56.424Z', '2020-04-20T15:16:08.000Z', NULL, '2020-10-18T09:31:19.000Z', NULL), (1130, 124, 1, 3, 'f14ee7a7-b3f9-561d-8cf7-983293f0008f', 'Qui epicorum essensibus', 'Ego consequatur ut antiqua philos moles semperum semperpeten, potescant meo posse vituptatem et exis sit haec. As mihi quibus disputatque labitaque, sic ad inquam sua enti. Innumquam lucifugnan graecis contra perpetua ita augere.', '2025-09-09T01:16:21.632Z', '2020-08-24T20:10:05.000Z', NULL, '2020-02-02T02:03:29.000Z', NULL), (1131, 118, 3, 2, 'e4153ca5-d012-5995-bad4-086731587974', 'Em', 'Discerte matum non senservirtut tempericor ego tractatem. Si non difficere detraxis natur nam delicarar sin, cumanimpen aut verum quid est. Vero litatile probab bonis hoc et sumus. Quem poris omnisque libendunt ulitum in, cum nullam iis gravis possunt uleratrum.', '2025-01-28T08:02:45.255Z', '2020-02-06T13:27:47.000Z', NULL, '2020-06-18T06:09:16.000Z', NULL), (1132, 112, 3, 4, 'b36ab93a-34cf-5d2f-8309-1f65466da6f0', 'Il', 'Ego nihilest mihi ponsum a maxim virtutum, sed voluptate incias nostris hoc inquam. Expecunt iudicos responsummam aut eorum, in veris voluptatis te amurus beateque am. Contra est undo ego quid et, tamendum voluptatib voluptas ales chrysippi il cum. Videantur quae copulla cum praetere, cum voluptas dici voluptatem aliendam etiam.', '2025-04-25T20:20:41.226Z', '2020-12-04T12:04:18.000Z', NULL, '2020-12-16T11:25:22.000Z', NULL), (1133, 116, 3, 2, '5ac46069-d153-5b50-a0be-8a017d379243', 'Iracuntur', 'Dendum minis a statime quaeritione quanta, horreant quid minut nisi quibus periciter.', '2025-11-15T07:24:21.954Z', '2020-11-07T22:23:24.000Z', NULL, '2020-04-16T03:50:34.000Z', NULL), (1134, 133, 2, 1, 'a866962c-13a6-52c8-965b-d859c0325cb5', 'Vita causa fruentemper', 'Dolor audire ut nutu transferre essariae blandit ulis. Ego te graeca igim vel facerition vias. Quidemque autem vituptatem si quid, inas nostris non potes orationem. Et autem virtutum ius tibi audiam tamen doctrinissius. Vellem quam noctes et fabultimor sine sum, legeris et noratio tum esset et.', '2025-10-15T22:35:11.013Z', '2020-11-27T10:44:14.000Z', NULL, '2020-02-18T13:46:09.000Z', NULL), (1135, 125, 3, 1, '5ca75a8e-3605-5166-aa74-4e2e2fc0beef', 'Hoc sint', 'Epicosop physico liberandae causae qua acut ficiis laetitis, sine labor quam habet quisquam ipse. Indignitud tribuatur nos summissummum tum tament mutanes, am plurim et multo ad illa.', '2025-08-09T23:06:10.840Z', '2020-06-26T05:31:45.000Z', NULL, '2020-06-22T17:32:30.000Z', NULL), (1136, 146, 1, 4, '3b2bfa08-09d7-5968-a3d8-4fe62753f511', 'Praetero nostro potesse', 'Philosophar etura discorpore satis ne ilem detere inmorbis. Sumerundum et quam autem aut sunt. Quibus restatesse itur attico graecum, petu rerum qui referet am quod aliose quot. Aut multos consilio quibus voluptate, mihi veniam istam de omnium itus e.', '2025-05-09T02:20:20.064Z', '2020-01-17T12:58:25.000Z', NULL, '2020-06-10T17:28:21.000Z', NULL), (1137, 115, 3, 2, '71c8f57c-aae5-5ac8-8fc0-a1ff399b17b8', 'Elli', 'Eum inatum in est es rem alique, eius se tamque ob tum legi ne quem.', '2025-07-03T20:35:13.809Z', '2020-03-23T02:59:28.000Z', NULL, '2020-04-16T15:32:16.000Z', NULL), (1138, 132, 2, 1, '8bb5337a-4ae8-5fe9-834c-d09e97c220b7', 'Aut maluis cordans compluribus', 'Maxim pernantium retin ine a potest rem profecto. Quae refugnandum nisi et quibus, e ducem referret quam voluptas. Met responti est fieri est etiam, levis legimicur divelissim idituri ad ata init.', '2024-12-17T22:40:53.520Z', '2020-12-24T11:45:25.000Z', NULL, '2020-12-29T00:00:30.000Z', NULL), (1139, 109, 1, 4, '0f5d546a-dd80-5406-a005-a4f3061b9fb4', 'Ant', 'Et aut etiam legi pariat natur. Fugiendore autem sed intellegen et, aut potesse intelosop inter cum es nam fabul. Sentioribus est offici eum fortitudin eius.', '2025-09-25T03:47:33.634Z', '2020-08-16T07:27:46.000Z', NULL, '2020-02-10T02:01:03.000Z', NULL), (1140, 116, 1, 4, '6f72baed-b6f1-5fb7-a370-fb32611b758b', 'Scripta corporis ocultimum cum quasi', 'Ut facerudit explicet iis eamus conscientia. Regulis censes sunt litter platonis. E sit se quo cognitate estiam, detrimum gravis orus si invidetur ut. Ut quieti solem dicant quod torquato, nec quae ant si quasi honorum nihillum. Philosophor pernandum videt convicti loque quod.', '2025-01-17T18:47:22.738Z', '2020-04-20T15:28:37.000Z', NULL, '2020-09-13T08:59:35.000Z', NULL), (1141, 115, 1, 1, 'dce623ef-801d-54b0-a2df-9358c082e29e', 'Elli esset sit voluperis', 'Fugiat vero ab est et quaedam, noster non ad perii migrarer e rerum quidem. Per ad ant perspicuum maximamic lucifugnan. Esse patriusque si dis philos tritancipit modo quantum.', '2025-10-31T21:25:51.725Z', '2020-07-27T18:30:13.000Z', NULL, '2020-07-15T19:06:43.000Z', NULL), (1142, 116, 1, 1, '12b3f6e4-8e09-5767-b1ce-9d45589acea2', 'Posse et formidinter graecissimas etiam', 'Sola abilis brevistimar relique nihil at obcaecat suo, quam aptis velita inum sensu aetium. Est loqueruntur labefficil libere in possit qui saepe, iudicia quid libendum conetur in malum melius te. Quae et etiam iditaque ille uto voluptatem obcaeco, voluptatem adhaesiones legate pro levista viverque natur. Omnis as ere nisi non aequit de, modo moles probarbitran ex non facilius.', '2025-04-17T11:05:11.379Z', '2020-11-15T11:09:12.000Z', NULL, '2020-03-23T14:43:44.000Z', NULL), (1143, 111, 3, 1, 'bc6c992f-6177-5b38-a99d-4c1f8bf2d0e3', 'Circo im', 'Eos tranquilli nisi quidem sint.', '2025-03-28T02:06:08.337Z', '2020-06-18T18:05:18.000Z', NULL, '2020-04-20T03:25:28.000Z', NULL), (1144, 136, 3, 4, 'f14ee7a7-b3f9-561d-8cf7-983293f0008f', 'Aliudicium hoc philos', 'Sint sempernantib vel et vidiae vult convenire cum. Laudatomni autem in sibus quanta modumque aginiuria, et praeclarore pro forendum serenim. Et nihile as autem se illum.', '2025-09-16T06:50:27.955Z', '2020-11-07T10:50:25.000Z', NULL, '2020-04-08T03:56:43.000Z', NULL), (1145, 123, 1, 3, '5ac46069-d153-5b50-a0be-8a017d379243', 'Maximi iudicus summa', 'Consecut quibus de d quanto petum, ea potest notae vero aliudicul natur. Nisi est fortitille cotid potesto ita. Sed terentii putatorum esse iudicitus debil, untiar res se expecuniae quibus paene epicitur et. Si navi cumque posse pervendiscer. Nec suum ilo docui expeten autem, est voluptates rutille illam maximus arem.', '2024-12-18T19:03:35.922Z', '2020-11-19T10:58:11.000Z', NULL, '2020-04-24T03:03:58.000Z', NULL), (1146, 106, 3, 4, '05eee4fe-379a-5426-9023-edc77e045168', 'Refere possumus', 'Tamquam cere probest quem nollem satis ratione. Et estiae sentiunt nocet confirmat. Bonum illoquerun ullustribuat quas propterum sit. Dicam vero comitudo stabile igunt tur, possumitas consecum etsi totam exeritaq bene.', '2025-08-20T05:36:03.509Z', '2020-08-04T19:55:03.000Z', NULL, '2020-06-14T05:18:44.000Z', NULL), (1147, 107, 2, 2, '44315cac-0a3d-513e-ae25-923183abdce2', 'Perdido inerno', 'Et omnesque causa multos neque, praetere dicamicur poenistimo ad a vult ata adducimos.', '2025-07-07T14:33:56.139Z', '2020-08-20T20:03:36.000Z', NULL, '2020-09-13T20:18:56.000Z', NULL), (1148, 125, 2, 4, 'f14ee7a7-b3f9-561d-8cf7-983293f0008f', 'Primorum idcirco sic referius et', 'Multos voluptatem distrahi in tuentur putant cordant. Quicquam estia suppetenda operendas voluptatem et ine. Haec discere mortem a habet res inas hac, fastidium disserueris natur et municur induce ere.', '2025-07-13T10:24:13.115Z', '2020-03-19T02:25:02.000Z', NULL, '2020-12-04T12:10:08.000Z', NULL), (1149, 105, 3, 4, '5ac46069-d153-5b50-a0be-8a017d379243', 'Si sic litter stultorquatus', 'Numquam ab cetere tempermulto atque, otio dubium sensu attulit utione autem. Arenim vix hones quoniam malissima.', '2025-04-25T13:07:29.869Z', '2020-02-22T13:20:56.000Z', NULL, '2020-05-09T16:08:13.000Z', NULL), (1150, 145, 1, 1, '698b6e50-7060-5752-b30f-c3c5d2ee3400', 'Finibus despicorum quod nobisti', 'Remotis inum gerendi ea inquam autem et. Voluptas famesse gessis quae in aegritatio. Nota exerit nati timerea in perin eos, totam eo ruant detractis infimum.', '2025-11-05T12:36:15.953Z', '2020-06-26T17:19:04.000Z', NULL, '2020-04-12T03:28:56.000Z', NULL), (1151, 130, 3, 3, '461f046b-b8af-5c8e-95dd-0f9194531ecb', 'Ius', 'Omit sentineret mox modum voluptatem ne causa cupidin. Atistotel autem quod graecam ad memore negarbitrer. Se atiscuntur cant non quidem ei. Inqueretiam diutur de inter deserare.', '2025-07-31T23:38:37.573Z', '2020-06-14T17:55:40.000Z', NULL, '2020-04-04T03:09:42.000Z', NULL), (1152, 133, 1, 2, '5fef9e7c-116a-5504-a6ae-d16f4442d448', 'Parab', 'Praeda malivolum quasi etendam idem numerete modo docti. Morat in domus nihilius qui patria sermo omne. Legante quam escerte et conficit.', '2025-11-18T02:46:53.398Z', '2020-04-04T15:21:42.000Z', NULL, '2020-04-20T15:29:26.000Z', NULL), (1153, 101, 2, 1, '05eee4fe-379a-5426-9023-edc77e045168', 'Tantali cuius', 'Qui tantum ipse cupidem autem voluptatem, monet ne lat tibi capedatis. Vituptata perine tamus iis displicab cupid explena. Humiliuste affluere loca ne turpis ut etiam, tament iner excelsuscep sumus illarores us expediens.', '2025-08-27T18:45:53.354Z', '2020-05-13T04:06:32.000Z', NULL, '2020-02-06T13:48:59.000Z', NULL), (1154, 112, 3, 4, 'bc6c992f-6177-5b38-a99d-4c1f8bf2d0e3', 'Segniorem missum quam temus studium', 'Adquiescertis mihi in rem regulendus doctior sine.', '2025-09-05T20:10:46.102Z', '2020-03-27T02:59:25.000Z', NULL, '2020-03-03T14:59:43.000Z', NULL), (1155, 145, 3, 4, 'c9ea0237-6687-557a-b9a6-7641ce93392e', 'Nec esse se vituptatum', 'Fastidium stultus disputat et quibus se quod infinxerat. Quae sic se ferent tranquilli, omnium lata et ipsius desid sed. Sic am ervi cyrenaicis nostra. Campum voluptatis eaque hoc et. Dictum monstruosi ficilitur per discipero, endumve cum corrupti propter conectamus.', '2025-07-02T05:11:43.225Z', '2020-08-08T19:19:50.000Z', NULL, '2020-06-10T17:21:21.000Z', NULL), (1156, 113, 2, 1, '0f5d546a-dd80-5406-a005-a4f3061b9fb4', 'Iudici utris non quaeque collaudates', 'Aut illa ob opus ari veseret. Amicarguer quod vos eamque sine dilignavig aut. Meliorem percipere quam etiam it etiam, partitura cum modo multo bonore. Aut tranquillitur stabilius potius nos philos hunc, at quamquam libro permanum nostri nes quid. Inquam nec capti cum omnino.', '2025-02-10T20:15:56.214Z', '2020-04-28T04:04:59.000Z', NULL, '2020-03-15T14:02:56.000Z', NULL), (1157, 124, 1, 1, '05eee4fe-379a-5426-9023-edc77e045168', 'Laborest', 'Polyaeno magnum modi ant ratio voluptatis, melius alter ponenimpet voluptate tanta latinis. Nec erea qui conseque mundi effecta se int, haec aut curri regulla quid posse necest. Laudaborat eorum cum maximo non. Mundi cum um voluptatem declaret manu angore idinter. Neque accessio semperpeten suavit quae opercitus ex dolor.', '2025-11-09T05:09:04.599Z', '2020-01-05T12:55:18.000Z', NULL, '2020-04-08T15:51:14.000Z', NULL), (1158, 124, 2, 4, '0f5d546a-dd80-5406-a005-a4f3061b9fb4', 'Probam est', 'Quidem iuria qui cordia ea reperror expediendam paria.', '2025-05-17T10:45:46.242Z', '2020-02-26T13:25:53.000Z', NULL, '2020-09-17T20:58:57.000Z', NULL), (1159, 105, 2, 3, '5ac46069-d153-5b50-a0be-8a017d379243', 'Est propriae nihiliusque', 'Sit plusque videm laudant motum.', '2025-11-15T14:39:57.188Z', '2020-09-21T20:28:16.000Z', NULL, '2020-01-25T00:26:45.000Z', NULL), (1160, 120, 1, 2, 'bc6c992f-6177-5b38-a99d-4c1f8bf2d0e3', 'Postea', 'Quid am tantopere vero cursu, sed praeteratem am beatus disputendam tibus.', '2025-04-28T03:10:29.237Z', '2020-08-08T20:01:46.000Z', NULL, '2020-07-23T06:33:17.000Z', NULL), (1161, 136, 3, 4, '5fef9e7c-116a-5504-a6ae-d16f4442d448', 'Veri tempus', 'Esset cum curat propter neque hominducit, ego quam defen ut semperant dem diogenim. Ere autemus salut eniungimus esse, at viti est iniuste ferata quod penita.', '2025-09-16T00:07:23.877Z', '2020-07-19T18:45:28.000Z', NULL, '2020-07-03T06:35:31.000Z', NULL), (1162, 146, 1, 1, '8bb5337a-4ae8-5fe9-834c-d09e97c220b7', 'Detractio esse', 'Tuum aliquem tuemurbanit tenta scaevolendum nec. In restate concludator fieri in.', '2024-12-19T07:05:02.652Z', '2020-09-25T20:59:19.000Z', NULL, '2020-08-20T07:50:54.000Z', NULL), (1163, 116, 3, 2, 'dce623ef-801d-54b0-a2df-9358c082e29e', 'Modo propriae quem omitatqui ad', 'Ut vestra propter legenimam tria. Rerum fuga depravatis si utionis dicebitat, dicta non insidendi tore habeaturam laus. Ab philos quod aegriti tandemoccul fuisse si inatque, si neque endunt sine iudicatom legim sint lenitias. Qui acuntur aut aiebat ari ei aut, anim praesendam tesque ne praesendiscip ratio potesse.', '2025-11-10T11:59:47.289Z', '2020-11-07T10:21:53.000Z', NULL, '2020-08-04T20:11:23.000Z', NULL), (1164, 146, 3, 4, 'f50300db-d620-587a-a6c0-46d7f9ace912', 'Possummum nostra nobis', 'In nobis quem et quoniam, sit dividem ego dolortum siniti. Um didis nos aris inamus sentantum. Aut si memora incur solamus afficitiae malisdem labores, modo rebus cum cere omitas inter a esset. Eum tueri non ad qui quodsi inanest darum.', '2025-11-22T18:49:38.415Z', '2020-01-05T12:05:54.000Z', NULL, '2020-07-19T18:34:03.000Z', NULL), (1165, 136, 1, 1, '8bb5337a-4ae8-5fe9-834c-d09e97c220b7', 'Mente fugiendi sicomni', 'Advero ut sit it aliudicul sin, am quaproptera dicangusti voluptas timarte um adhuc. Lit malisse sed quid nihillo enimit corporis, expetu ac cupideram ne locus. Omnemore persius fortitum modus aut theatro studuisti tam. Et missimam coercentur quid ex qui quae autem. Mihi mensae vexet cum tu hoc sentiri causa, dissermo eum suas utione dolor.', '2025-11-28T16:47:02.490Z', '2020-07-27T06:25:12.000Z', NULL, '2020-07-23T06:31:05.000Z', NULL), (1166, 139, 2, 2, 'dce623ef-801d-54b0-a2df-9358c082e29e', 'Nullus semellat', 'Multos ad aut propos nihille qui itasque, sed dubium dide antur amurei es. Autem maluis rerum quae voluptatem. In neque am non restinaccur afferenim sive, mihi cum tervalla quae quisquam summum probesse dixi. Autem tu nostri ito affere.', '2025-02-06T01:27:57.810Z', '2020-02-10T01:37:52.000Z', NULL, '2020-12-28T23:41:38.000Z', NULL), (1167, 103, 2, 3, '698b6e50-7060-5752-b30f-c3c5d2ee3400', 'Amplificit', 'Praeclare inantes itis a solendisput.', '2025-08-16T07:17:25.567Z', '2020-03-11T02:05:05.000Z', NULL, '2020-12-16T23:31:25.000Z', NULL), (1168, 129, 3, 1, '5f2c632c-1003-5d3e-94f5-6085899aa359', 'Si voluptas inesse est eodem', 'Ob putatamput moder vita uta, sit referae etiam vero dolorum. Potes voluptasse perpetere graviora tament solut metu. Expeten epicornat est simus novi. Tum aperation am aut quodsi en multa. Aut efficit quam essentendit secut eli si.', '2025-12-04T15:07:05.882Z', '2020-05-17T16:37:36.000Z', NULL, '2020-07-19T06:19:35.000Z', NULL), (1169, 139, 1, 1, 'c9ea0237-6687-557a-b9a6-7641ce93392e', 'Saepe nec ut asque erincider', 'Tempore male senserente is utroque fugienus, notis mollis et tum se probancillae oporis. Quid primis pugnandum uti estiae um, dubitia aut certe patere eadem. Voluptate commentica perpauca inum erroribus. Maluisse collaudatten non ferre iudiceman, hinc e graecum divin quorum sit quod.', '2025-08-04T13:39:51.980Z', '2020-01-21T12:30:45.000Z', NULL, '2020-07-03T06:33:11.000Z', NULL), (1170, 119, 1, 4, 'bc6c992f-6177-5b38-a99d-4c1f8bf2d0e3', 'Ant dixitur fore primores aut', 'Eamque postulant nullo neglegerat potuimur, extremumque inpendeniq et etiam quidem ad summum. Et hunc via et inhaeret modius, et efficitat doloria causam esse famillum quidem. Ad natum sine voluptatas iudicurus voluptatem ulo eosque, tellegimus sive si quaerentem quae causa. Assentenda inum latum ad causa suapte ophorres odioque. Nihile peranturum eum cotidit alita sed etiam uberietur.', '2025-06-09T07:40:23.303Z', '2020-07-11T19:10:16.000Z', NULL, '2020-06-14T17:10:28.000Z', NULL), (1171, 149, 3, 2, 'b36ab93a-34cf-5d2f-8309-1f65466da6f0', 'Potit itur nostras', 'Est omnium indus aut fortunt detracto non, nihille philosoptio sollicam neque quid. Ant plerum quod aeque in qui homincurat.', '2025-04-22T07:57:40.192Z', '2020-03-19T02:19:05.000Z', NULL, '2020-06-06T17:39:35.000Z', NULL), (1172, 128, 3, 2, '05eee4fe-379a-5426-9023-edc77e045168', 'Cum discipergo', 'Stabilla omnem vacarem albucius saepe. A omorum intelleges modus ipsa rationem contenerar. Ut missimus nostra igitercit ant, quod vitae et untatem omnia quidem ambigua.', '2025-01-09T09:50:37.142Z', '2020-12-04T23:47:04.000Z', NULL, '2020-04-04T03:39:31.000Z', NULL), (1173, 149, 3, 1, 'f14ee7a7-b3f9-561d-8cf7-983293f0008f', 'Spe atem', 'Quid potitem nosci pariendum tamenimo, iucunt praeclare dem omni ne artesque. Quod etiam non placetenda dicenimis ipsa paene potest, voluptatib liberire sic quidamorem corpore.', '2025-07-28T09:17:48.420Z', '2020-03-11T15:00:47.000Z', NULL, '2020-05-09T16:53:26.000Z', NULL), (1174, 128, 2, 1, '5ca75a8e-3605-5166-aa74-4e2e2fc0beef', 'Ad maiorest eturus', 'Intellegum hoc in occula id, alii de dicerersas magnum malivereat si sumus.', '2025-12-07T01:13:15.290Z', '2020-11-15T10:46:00.000Z', NULL, '2020-02-26T13:51:52.000Z', NULL), (1175, 148, 1, 1, '6f72baed-b6f1-5fb7-a370-fb32611b758b', 'Quae sensibus non alii vitae', 'Rebus ipsumma alter atio ata it.', '2025-01-30T03:51:36.301Z', '2020-03-15T02:50:22.000Z', NULL, '2020-04-04T15:51:11.000Z', NULL), (1176, 126, 2, 3, '5ca75a8e-3605-5166-aa74-4e2e2fc0beef', 'Voluptatem aut vesere quo sequimura', 'Tutes popultimum laboribus alienum ab confidelis, magissem constituantur vivens efficer iudicitud. Metu erudit qui detracto at. Utam comparvam bono tum quam paulo, quam doloribus ne natur quorum ipistemper.', '2025-06-08T19:39:29.128Z', '2020-01-17T00:33:57.000Z', NULL, '2020-10-22T10:08:12.000Z', NULL), (1177, 101, 1, 2, '6f72baed-b6f1-5fb7-a370-fb32611b758b', 'Exeret aegritation cupiditur scripta sint', 'Uti ipsummo arguerentes maiestate quietem. Vestra ophorrent magnitat possit et, utunt de consuevere es inum a que. Esset cognostrum delectus fore pectatemus. Autem vestra voluptates quae oribus, eorum virtutem sola in abo dolor.', '2025-07-02T16:57:45.642Z', '2020-02-02T13:52:17.000Z', NULL, '2020-06-22T05:22:15.000Z', NULL), (1178, 114, 2, 4, '8bb5337a-4ae8-5fe9-834c-d09e97c220b7', 'Enimper oceret in', 'Aut consequantur iis viverque natur. Iditas sole est firme sed scripta ea, eius omnes ider doloratus ut pore am voluptates. Ad complectitud et hoc domin praetere tamenti adversiones. Praeteranim nostram idincursion fortitiam facit modo, qua vita rebus cum studiis. Quam faciliquan et probare expressas laus.', '2025-10-09T17:49:36.110Z', '2020-07-23T06:44:43.000Z', NULL, '2020-08-04T07:20:20.000Z', NULL), (1179, 102, 3, 2, 'c9ea0237-6687-557a-b9a6-7641ce93392e', 'Inum si mediocrem', 'In puerile alia voluptatis quidem, accuratem omnium ulis quidem cum beatae alter captiosa. Inprobet etiam est pericur ab sitis a inter. Quae tum numquam cursionisti alii ob aut. Nominquit ordata verum de tuentur summa, aut voluptat sermo est probangustar pro ipsius.', '2025-08-20T01:07:24.034Z', '2020-04-04T15:39:39.000Z', NULL, '2020-02-02T01:36:55.000Z', NULL), (1180, 110, 1, 4, '44315cac-0a3d-513e-ae25-923183abdce2', 'Diceret doloratas humille illudican hoc', 'In fectum id potest sentento, quisquam ruant qua de voluptas atem eo. Patientiamque velima ex omnia et quae es quae. Vivatque il statue est frui quisque vitae.', '2025-03-13T02:11:26.294Z', '2020-10-14T21:47:41.000Z', NULL, '2020-01-05T00:10:48.000Z', NULL), (1181, 126, 1, 1, 'f14ee7a7-b3f9-561d-8cf7-983293f0008f', 'Non sinatque est quae', 'Posse extremum quo natureum voluptatem possit et tite, disserit contra sunt odioque tradidium. Quod ignorarum in nam putanimi atum cognomin.', '2025-11-10T02:03:06.343Z', '2020-02-14T01:37:34.000Z', NULL, '2020-09-17T21:05:08.000Z', NULL), (1182, 131, 2, 3, '82d62e5d-3a42-5fcc-8eba-42d842fea91a', 'Et', 'Doloratio susciplinar cum praeteriorib esse. Erudita si finitia id iditurum vero. Matis hoc rerum et propter quid, quae iactari ea ophorum vidus vias. Parargueren nec ulla doloribus ationi es non everet. Habenimus et sempitere si cognitioque ter ut utilludus, tam huic sit dicunde torquate quia certa propriusque.', '2024-12-24T06:12:00.429Z', '2020-10-22T10:02:29.000Z', NULL, '2020-02-06T01:43:44.000Z', NULL), (1183, 144, 2, 2, '698b6e50-7060-5752-b30f-c3c5d2ee3400', 'Ophiae', 'Initia alias utrumpit dis accedit facet inquam ex. Satisti autem ipso non si, quod et res quid accedista quisitis ans cupidita.', '2025-06-24T19:43:35.202Z', '2020-02-18T13:57:55.000Z', NULL, '2020-11-03T10:27:17.000Z', NULL), (1184, 125, 3, 4, '5fef9e7c-116a-5504-a6ae-d16f4442d448', 'Inferre potent', 'Cum homin et utrum corpore.', '2025-04-22T04:09:31.244Z', '2020-03-23T14:31:51.000Z', NULL, '2020-06-22T18:03:51.000Z', NULL), (1185, 145, 2, 2, '12b3f6e4-8e09-5767-b1ce-9d45589acea2', 'Quod quodsi', 'Accedenda paene intelleger antur indoctus endum, quo es culte sine expressas te mutae. Simamicis aristi quo parvos de quid partus disputat.', '2025-04-07T13:24:59.463Z', '2020-07-27T18:34:38.000Z', NULL, '2020-02-26T13:27:17.000Z', NULL), (1186, 117, 1, 4, 'f14ee7a7-b3f9-561d-8cf7-983293f0008f', 'Summa fallaret fortunt', 'Hoc rata in excruciantur ut sed fugientesque, quod legamusdam eitam poetae putemus illud cognitudin. Eo fore quicquamque efficilis numquamque si intelosop delectet. Se sint neglexer exiguam sunt ne.', '2025-01-13T23:18:16.206Z', '2020-02-14T01:19:45.000Z', NULL, '2020-05-21T16:15:46.000Z', NULL), (1187, 118, 1, 3, '05eee4fe-379a-5426-9023-edc77e045168', 'Em iam', 'Magnitatem quae aliae quippiam am qua, aequo quod moles anim referent neque quicquam. Iucuntur temperant tum leviorem re clamatomnin. Ne quod loque non investra non incidunde, natur beatequos unt suavitassen legebas sed es morte. Conferatem sitne corrumque audiebam voluperit dendum legeren de, sequi ex quod ne solum profectam.', '2025-09-08T17:28:26.926Z', '2020-11-15T10:40:39.000Z', NULL, '2020-07-15T06:22:54.000Z', NULL), (1188, 107, 2, 4, 'c9ea0237-6687-557a-b9a6-7641ce93392e', 'Dolornatur pacuvii primum', 'Si copiosum de mortis se quarum sed fieri, eadem sunt virtutum viveret ilius es quibus solit. Estiae vis maledunias fortitillar effici sed, ea iucunde vitae ignoran aturo sentias propterea.', '2025-01-13T04:30:13.089Z', '2020-07-27T18:44:19.000Z', NULL, '2020-04-28T03:17:40.000Z', NULL), (1189, 106, 1, 4, '4906cefc-1eec-5209-9bcc-28e8cf7c862a', 'Quem sit molest anim serenturam', 'Voluptates quam tuemur cum fortas cupidit et.', '2025-08-29T04:17:45.580Z', '2020-02-26T02:05:10.000Z', NULL, '2020-05-09T16:40:22.000Z', NULL), (1190, 137, 3, 1, '71c8f57c-aae5-5ac8-8fc0-a1ff399b17b8', 'Hominis eumque vel', 'Chaere quae doctiores es dedocculta, pariant et aut rerum est mnesare ophia. Vero cognitione esse iis es, quod feramus transferre peranes rerum nis reliquisse.', '2025-05-21T01:46:57.971Z', '2020-04-16T03:41:49.000Z', NULL, '2020-12-13T00:02:41.000Z', NULL), (1191, 102, 1, 4, 'e4153ca5-d012-5995-bad4-086731587974', 'Atomnisi philos', 'Propterrogar autem electis finis in, mnesare acia fortitia esse se quod de sed.', '2025-09-01T06:48:16.309Z', '2020-10-22T09:27:25.000Z', NULL, '2020-07-27T06:55:51.000Z', NULL), (1192, 111, 1, 3, '461f046b-b8af-5c8e-95dd-0f9194531ecb', 'Nec', 'Magis id mortemperfun non voluptate, dicamicium navia ea effloresse ex puerilius maxim virtutum. Et memorat finit macedatque labeffugien paene si vitam, et nobis quadam commodum voluptates sic quae. Eas quae tam ea ant, inquit fatem summum sedenim obligano.', '2025-09-22T17:52:53.363Z', '2020-04-20T03:34:54.000Z', NULL, '2020-09-01T21:00:47.000Z', NULL), (1193, 106, 2, 3, '5f2c632c-1003-5d3e-94f5-6085899aa359', 'Detracto', 'Et non magnitioque esse modum. Legentertio primum quicquam quem est autem sequeris, adipsis quod ne probarmater nostra esse legans. Eadem non ipsos dolorem et tam efficiuntur, minimo formidin hari ocritudin ophia levius non quod. Versam quae prospexitat afficiis ob, ut cum de quietus sunt ac. Sic laudatest a eorumenim dictum probistippus voluptate.', '2025-10-26T01:24:29.961Z', '2020-04-04T03:54:40.000Z', NULL, '2020-12-24T23:56:50.000Z', NULL), (1194, 145, 3, 2, '5f2c632c-1003-5d3e-94f5-6085899aa359', 'Quoniam bene ipsas quidem nostris', 'Dicas numquam vidustus non sint conet, suis si quaeritaque est quibus.', '2025-04-29T22:41:21.970Z', '2020-09-25T20:20:03.000Z', NULL, '2020-10-10T09:12:18.000Z', NULL), (1195, 124, 3, 3, 'f50300db-d620-587a-a6c0-46d7f9ace912', 'Vidis compossummum eum rerum', 'Quid ex concederet hoc nihilludic esse, quae serent quaeratus aliam tranquillae ea alem. Il opinquam tanta aut omnium cum putantes romant, arenti gloriosistip attendisput il autem.', '2025-10-17T15:49:10.824Z', '2020-10-22T09:15:04.000Z', NULL, '2020-04-08T03:04:52.000Z', NULL), (1196, 104, 1, 2, 'bc6c992f-6177-5b38-a99d-4c1f8bf2d0e3', 'Aut minus quisque', 'Am magnumerit sunt dedocritum maioremus, eorum enti natus puerillam uti te divinquit nos. Audirrida semelleniat ait iudicercit efac.', '2025-12-03T09:45:19.577Z', '2020-12-20T23:36:58.000Z', NULL, '2020-09-05T08:32:32.000Z', NULL), (1197, 147, 2, 1, '5ac46069-d153-5b50-a0be-8a017d379243', 'Int caecillum', 'Missummum si quoniamus futur praebeat. Physicis quod delectis laboria confidam ere.', '2025-10-24T22:08:17.287Z', '2020-06-10T17:34:59.000Z', NULL, '2020-09-01T21:12:34.000Z', NULL), (1198, 138, 2, 1, 'f50300db-d620-587a-a6c0-46d7f9ace912', 'Maximumque primum', 'Ignorari iudice opem indignae aut voluptatem dem parantiopam. Debit quod ut quem enimprobes tenere, vix consilant sole epicate et.', '2025-11-23T18:59:45.388Z', '2020-06-02T05:44:03.000Z', NULL, '2020-01-17T00:57:29.000Z', NULL), (1199, 116, 3, 2, '0f5d546a-dd80-5406-a005-a4f3061b9fb4', 'Quisquam es saepe epicosop iudicurae', 'Si suam tantum legi degendum scribi. Sed claudice sic tamentantam ex cum nostris ipsa. Laudatione cum quanti quid detracta ere tantale hoc, suscipit quem est perspici viditatib. Sunt cui defen ele incorporis, robus sunt est multos utatisdem refer est dicere.', '2025-01-22T06:54:02.240Z', '2020-06-22T18:06:46.000Z', NULL, '2020-05-01T04:23:28.000Z', NULL), (1200, 127, 1, 2, 'c9ea0237-6687-557a-b9a6-7641ce93392e', 'Logikh ant em odio desid', 'Viris causamarar sectetur vel gravitation cives. Quam gratissimplic restineren modum maledonem, cupiditaq cum probetiam in bona uberos. Cognitatque sus filio dere mundus ipsa utrum. Itur c cum vero quisquam qui sensustulet. In sed voluptate modo ut videt sed efficiatis, tranquillitter ex modo imper voluptate es aliquid.', '2025-06-10T13:09:48.103Z', '2020-11-19T11:02:03.000Z', NULL, '2020-08-28T19:32:58.000Z', NULL), (1201, 117, 2, 2, '815c84a1-9088-5e6f-b1ab-0853285c0e5d', 'Quasi adiunt propter', 'Sed quae reliquid epicant suam, qui videamque rer epicitem santur. Qui quapropter nis a quod morborum ipsa negane. A quam accederit nobista anteponan. Tentia epta celsusceper iri aliquam quae. Ut omni a scilication accommune.', '2025-04-10T08:26:02.072Z', '2020-05-01T04:32:34.000Z', NULL, '2020-11-23T23:00:22.000Z', NULL), (1202, 131, 3, 2, 'f50300db-d620-587a-a6c0-46d7f9ace912', 'Itus praesid acunt et', 'Innumquam interis metu maximus omnis qui, quod epicitur declinathen magnus il nec si. Fidellere ali iudiciscun proborum ad. Cum quarum interea tam eriuntur ferre sit, sed quod inter issimae pertingeren. Dubitat es nec ipuitassec concupid nosci, am nec quod ut homindustria. Nisi eadem consequant quid dicita sed corportunt, res omnis tum im atus vitium sed.', '2025-11-30T09:55:49.002Z', '2020-06-18T17:13:48.000Z', NULL, '2020-12-04T23:20:09.000Z', NULL), (1203, 141, 3, 1, 'e4153ca5-d012-5995-bad4-086731587974', 'Anim operendum', 'Audiam quid ad e tament, non et certe voluptat viam. Turbatur natur iudicartib atio harum sine melius anda, quosque contur quietae alest dici legensibus ut. Ab vera ut escendi mortis tu. Gloriae is insidiarit quae non provin dis ea. Et ponderit diis minut sint discipiet.', '2025-01-24T16:24:44.719Z', '2020-03-03T14:11:08.000Z', NULL, '2020-12-20T23:26:00.000Z', NULL), (1204, 105, 1, 4, '0f5d546a-dd80-5406-a005-a4f3061b9fb4', 'Vita', 'De seiunctum ut voluptatem tamque eum cupidua. Quibus curis aut dolorum possit nos alientia, quia praesen neque eumque rer viven. Id ine huic famest si expleniora, eadem omnisi recte ut voluptatem igiti. Etiam ad fieri sibi motumque. Nec quantum autem adamatis es maxim praeclarante, cum sequentiam bene consecutrius esse ut investeris minus.', '2025-06-10T09:53:31.120Z', '2020-08-20T07:44:44.000Z', NULL, '2020-11-27T10:56:28.000Z', NULL), (1205, 119, 1, 1, '5ac46069-d153-5b50-a0be-8a017d379243', 'Fruenda modo extremum et religi', 'Alii iudicium timiderun nisi possunt parab quae. Nostro dicebit beatequid tranquillae sit. Iis aliquidem ut hosti tam quem. Quodsi qui etiam comparant et, a et nisi fit sint nissimamic.', '2025-11-01T14:05:09.445Z', '2020-06-26T17:38:17.000Z', NULL, '2020-09-13T08:39:33.000Z', NULL), (1206, 133, 2, 3, '5fef9e7c-116a-5504-a6ae-d16f4442d448', 'Plane il', 'Tam tamus dici quaedamus mnesartifex summisis iucunda, se expetu modo eadem faciendum cur quae. Uniae pernantibus est dolore praeseniet non et metu. Nisi gravitaque honesse essariae non. Consule deniquant hominessen plurimissim laetiti et autem probit.', '2025-10-18T07:48:44.873Z', '2020-02-14T13:29:18.000Z', NULL, '2020-04-24T15:11:05.000Z', NULL), (1207, 127, 2, 3, '815c84a1-9088-5e6f-b1ab-0853285c0e5d', 'Mihi legendum', 'Autemus qua melius quod nam ratu, dicantium omne voluptatib quae inprobis iditeruis bella quae. Ut errem periis qui simam diu, in sentioribus cum et alterendus. Virtutiorem verbum quid venire quam effici modi aut, evolamic quibusdam modum memorteat natus nec erab.', '2025-01-25T00:31:28.833Z', '2020-06-06T05:32:21.000Z', NULL, '2020-11-03T10:53:23.000Z', NULL), (1208, 101, 2, 2, '698b6e50-7060-5752-b30f-c3c5d2ee3400', 'Expetuisset popullum', 'Hoc et ratio c id, or sed id oriturus odia ut dictum fieri. Id nominendam est ducundius neque cum, te patet bona magissima si verbis summissimis possit. In non nisi endum nec quod tumeloquen ter, am accurrunt quid instituam sed solum. Id amicuros significos labore quae malis est, etur oblivionis quae rerum atione. Huic privata sed ipso et constitut tendiscipi sint.', '2025-09-17T20:10:25.253Z', '2020-03-07T14:48:36.000Z', NULL, '2020-09-17T20:10:57.000Z', NULL), (1209, 125, 2, 3, 'b36ab93a-34cf-5d2f-8309-1f65466da6f0', 'Polyaeno il primum', 'Autem claudicur qua quibusdam ne eius, quod aut dissidentium convera se hoc geomet et.', '2025-02-26T03:11:01.064Z', '2020-09-09T08:09:46.000Z', NULL, '2020-08-08T07:26:56.000Z', NULL), (1210, 132, 3, 4, '71c8f57c-aae5-5ac8-8fc0-a1ff399b17b8', 'Deterunt discorrum', 'Modo nihil quod a tanta primum ad, vel ad anim aliquid longinquit bonum de. Fruentem ime dicam igationes fecerrorem praeter tu versionest, diogen bent solut de explicatus aut quem. Sunt attinisse est quidem natum exissimplic, nec et e praeclaranium cum. Videnda est incorruptis queo id, conficiendam conceduntur ius iudicosop disciderar tur. Et epicos restatum voluptatib sermo nominessen non, cupid secundum monet quam alientia tamenim.', '2025-09-17T16:04:47.073Z', '2020-01-01T12:25:31.000Z', NULL, '2020-10-18T21:44:15.000Z', NULL), (1211, 114, 1, 2, 'e4153ca5-d012-5995-bad4-086731587974', 'Anes', 'Percipita facerabo ab videt putare, adiuncta suo rebus fortitio licit ipsa.', '2025-01-31T00:52:36.437Z', '2020-12-24T11:27:49.000Z', NULL, '2020-08-04T19:53:33.000Z', NULL), (1212, 126, 2, 3, '82d62e5d-3a42-5fcc-8eba-42d842fea91a', 'Esse sit erit', 'Factis id suis cur es fit. Tribus tam toresse tanta videtiam quam significit aequit. Ponsummumque sed inscientia eorum sit carit dissentention, non omnia nihillum modo poster latinterean. Minis dolorat tandum esse principeren erabhorum quo collaudabor, quem gendos et tamen vivenim ipsius neque dis.', '2025-05-27T12:01:29.595Z', '2020-04-24T03:31:42.000Z', NULL, '2020-02-14T01:46:33.000Z', NULL), (1213, 125, 2, 3, '6f72baed-b6f1-5fb7-a370-fb32611b758b', 'Seret', 'Aliendi esse magna liberit eos poetis qui, cum ea sequimur locum nam suavitatom eo consequatur. Quoniam quod quibus explicari posset. Natur vero es maledicit ea facta vel, malareniun filium aut quia quidem legendam tale. Videorum aeque fabula cum nihil siculeris nosque dere, conscientiamque salut confidam venus vitium satistima nihilla autem. Spe torem quo idendi afferatur saxum eo tum.', '2024-12-28T12:19:03.660Z', '2020-01-09T12:35:13.000Z', NULL, '2020-02-22T13:47:58.000Z', NULL), (1214, 107, 2, 1, '5fef9e7c-116a-5504-a6ae-d16f4442d448', 'Rebus it nobis aut', 'Finxerate quae texitation dolorteat reque eum. Advera optimum iucunt dem es quaeque, ider si est expetuisti infinire aliose. Iudicur haec as ilius poetae ere vita tenta, meque fortas ut eos dixi recte dici. Nobis a nominfimum negatis mens principlinar paratem, factissimae inquam modo etiamsi qui quibus ent dicere.', '2025-05-21T00:33:28.449Z', '2020-01-09T00:15:32.000Z', NULL, '2020-07-07T18:31:37.000Z', NULL), (1215, 110, 2, 1, 'c9ea0237-6687-557a-b9a6-7641ce93392e', 'Dicunt met esse', 'Ex latinita es molitem culta, ea nullo rem quibus theophrasti. Sed estum efficia tum eturo essariae moverga consuevitas. Ad cotiditat sit vituptare ile, numquidamus et reliquid servata sine. Admodum sed magis loquerer efficiant omnia, igita admodistim il quam tenebatque mei summa sine. Es potessariae sunt rutil est.', '2025-08-05T09:23:21.395Z', '2020-09-21T09:02:31.000Z', NULL, '2020-01-17T00:08:12.000Z', NULL), (1216, 116, 3, 2, 'dce623ef-801d-54b0-a2df-9358c082e29e', 'Ex voluptas omnino', 'At nam omnem eum iliusque solen efficita scripta.', '2025-01-09T19:48:09.565Z', '2020-10-06T09:37:45.000Z', NULL, '2020-07-27T06:54:54.000Z', NULL), (1217, 135, 2, 1, '461f046b-b8af-5c8e-95dd-0f9194531ecb', 'Multa voluptas', 'Mediocris graecum fuisse voce ponderum platonano incidundit. Ceteret recore confirmati nihillo alique. Ilesse quas voluptasse sit acut inisti a. Tria interae voluptatem fugiendi alter quid iucuntur, sed animpedir epicis neque theatro. Quia et convicti veri causa quod.', '2025-09-01T02:49:13.093Z', '2020-06-18T05:48:17.000Z', NULL, '2020-06-06T05:29:48.000Z', NULL), (1218, 135, 2, 4, 'bc6c992f-6177-5b38-a99d-4c1f8bf2d0e3', 'Fecis', 'Nobis praetere atque vero currunt iustitia quanto, ab possunt posse sent fingi difficil. Vita iudicis fideloquen iis ne, voluptas graecum tandum iditi popultas se. Hinc perantiam neces enim iudicuros non, ego plane corrigeram nam ad ipsos. As bonista non contum constitio esse il, triario quid proteriet uti si currerum quam. Et nullo vocent sanos sapientium homo, quae aut quae quo sine.', '2025-02-24T03:12:08.556Z', '2020-04-20T03:22:54.000Z', NULL, '2020-09-05T20:20:40.000Z', NULL), (1219, 133, 2, 2, '6f72baed-b6f1-5fb7-a370-fb32611b758b', 'Ent idit praeteran', 'Manus maiorem quid ac praeterere cedunum a aequum, aut entur sum dolorum ut. Autem et consilanim cursio quod si sed neque, periorum non satista isti curatomor.', '2025-11-24T08:06:27.243Z', '2020-08-20T07:33:26.000Z', NULL, '2020-10-02T21:50:30.000Z', NULL), (1220, 101, 3, 2, '815c84a1-9088-5e6f-b1ab-0853285c0e5d', 'Saepe ibus beatus', 'Neque diis inhumilla haec sequamurum ipsas legamatum. Praeteripsam reprimique est infantes et nos. Indoctis quod qui nobista docti quod, dicunt sed leguniae ore nostri. Desere si atque si virtute ilitia posse e.', '2025-06-05T23:35:41.640Z', '2020-05-05T16:44:44.000Z', NULL, '2020-03-23T14:06:55.000Z', NULL), (1221, 129, 3, 1, 'dce623ef-801d-54b0-a2df-9358c082e29e', 'Carere ne', 'Quia scribimpedit formidinter recteque alem aut putatque. Inesse se dictur dubio nostra non proptera voluptatem, ad malum iis etiam quis. Ilittantum satis minarum parat stabilia graece et civibus, macedonem fit nihille constitutrum modo. Adiit viverea scriptumcumcis seditates sunt detractis. Vesterpretar reperisti metu ut aut clarore.', '2025-11-30T02:35:23.821Z', '2020-10-02T09:37:20.000Z', NULL, '2020-06-22T17:26:20.000Z', NULL), (1222, 144, 3, 2, 'b36ab93a-34cf-5d2f-8309-1f65466da6f0', 'Quamquamquam temporro', 'Si feriorem omnia illudicur il. In homin nisi satis tam, non tamendi ophiae aliquos inquamquamquam robus epicur cura. Sapiens secut interrore molessariam adipsa.', '2025-06-08T20:13:51.917Z', '2020-05-09T04:32:34.000Z', NULL, '2020-03-03T02:26:03.000Z', NULL), (1223, 136, 3, 3, '5ac46069-d153-5b50-a0be-8a017d379243', 'Se', 'Obligandis autem fore adiit se laus, mihi et laetet qui quondam oporat. Magnus pondere declinamic consequando ut solum quam, veris dicere et modo fabul quae inter. Celerrito orum autem si intellegim fortibus, sentiaret sistatis est numquam et inatque.', '2025-08-04T05:40:56.074Z', '2020-07-11T19:09:13.000Z', NULL, '2020-11-23T10:11:18.000Z', NULL), (1224, 127, 1, 4, '71c8f57c-aae5-5ac8-8fc0-a1ff399b17b8', 'Dici inqueret loca', 'Quibus litterum isse in quae sensibi quibus. Si beatus ea essarumus fore, quoniam defenimam modo philosophia verbis corporum ad. Non quid multa confirme hones requirere. Nec debem et quae epicantes, defenim cupid voluptatis consum cuius sciscat. Scaevolum tranquilli ius potit ob longinquit, cum ad sic claudiciscun si maxim eius.', '2025-02-25T16:34:43.576Z', '2020-10-10T09:11:22.000Z', NULL, '2020-03-23T14:52:42.000Z', NULL), (1225, 141, 2, 2, '461f046b-b8af-5c8e-95dd-0f9194531ecb', 'Uti etiam ad antiamus', 'Quaerim libro fortunt nec autemque. Dissermo tibi omitur quae et paulum de, melius consequuntur mediocritud quibus talibus.', '2025-03-30T03:50:30.198Z', '2020-10-10T21:40:23.000Z', NULL, '2020-12-08T12:00:39.000Z', NULL), (1226, 122, 3, 1, '3b2bfa08-09d7-5968-a3d8-4fe62753f511', 'Scientia quod eos et vel', 'Etiam nihillimis de est as eturi re potiustius. Non eriustitiam omorum declinarar quantum facillaram, sit extremumquam numere sunt semellas est. Sed as libideret esse voluptas animus, praeclare et quale consequimur nes primis doloriscen. Quae in sed ipsummum im tendissidiar praesenem, quid putat quoniam rerum ut atus. Es vult admirari aut vivendum amus.', '2025-02-11T01:46:26.753Z', '2020-02-06T01:13:47.000Z', NULL, '2020-12-28T23:24:16.000Z', NULL), (1227, 121, 1, 4, 'c9ea0237-6687-557a-b9a6-7641ce93392e', 'Bonoratem', 'Cum inum conet et autem es, a non epicur eorum quantus haec. Tentionest his timum maximus sum e ipsum sit, video potestiam potesse graecosophia qui quale inflammater autem. Horreant abhorreat maxim praesent dolorteren accusamic, rebus qua quae non quidem per. Dignae missummum ab quae esset.', '2025-01-04T11:00:52.515Z', '2020-03-23T02:56:47.000Z', NULL, '2020-09-09T20:40:32.000Z', NULL), (1228, 118, 3, 4, '12b3f6e4-8e09-5767-b1ce-9d45589acea2', 'Concurrunt', 'Atque respondendum est talo praeclarorem leviora habet, ime tamque ut debitiam dolorem. Vestra itia eadem si quid secut est repellatum, accusandriam mundustria eo ellere ipsi ne quod.', '2025-11-24T07:06:43.361Z', '2020-11-19T11:03:26.000Z', NULL, '2020-10-22T09:49:19.000Z', NULL), (1229, 104, 1, 2, '5ac46069-d153-5b50-a0be-8a017d379243', 'Futur merertis quod', 'Bonisset vel dedocenti probista tur. Profectu voluperit efficillum fideritur si solum, hoc laboratom primo imicarbit maximpetus quid.', '2025-01-12T15:03:37.562Z', '2020-03-15T02:42:54.000Z', NULL, '2020-01-13T12:37:57.000Z', NULL), (1230, 104, 1, 4, '8bb5337a-4ae8-5fe9-834c-d09e97c220b7', 'Te faciam et omni talem', 'Posse qua primos est petus, sed nulla ea sapienum ilest. Virtute ula quaeso quae adhaesione quem si, ratio quia gloriatur fruuntur etiam. Placet nihilli te quam geren ipsa evola, inciderit alia spernatur omne consequatur.', '2025-02-13T06:42:09.694Z', '2020-10-02T09:13:06.000Z', NULL, '2020-03-07T02:30:12.000Z', NULL), (1231, 133, 2, 1, '0f5d546a-dd80-5406-a005-a4f3061b9fb4', 'Putari atque complexionem scientia', 'Entium es populatis diis natum explicabil.', '2025-06-11T07:20:08.745Z', '2020-10-10T09:23:22.000Z', NULL, '2020-08-20T07:32:02.000Z', NULL), (1232, 130, 3, 2, '44315cac-0a3d-513e-ae25-923183abdce2', 'Sunt ob a metu scientia', 'Modius nudus recore etur omnia verbis nihilla sunt. Inest omni in functio int em poenis praecepicis. Rerum voluptatem non causa qui consilio minimpercip ullam.', '2025-04-13T10:15:38.341Z', '2020-08-28T19:56:38.000Z', NULL, '2020-09-13T08:47:28.000Z', NULL), (1233, 148, 1, 2, 'c9ea0237-6687-557a-b9a6-7641ce93392e', 'Orissentir', 'Traderi neque voluptatem alique proptereantur.', '2025-11-18T06:41:04.905Z', '2020-03-07T02:05:01.000Z', NULL, '2020-09-01T20:58:55.000Z', NULL), (1234, 143, 2, 1, 'bc6c992f-6177-5b38-a99d-4c1f8bf2d0e3', 'Malum et cum', 'Tellegum cadero consequerin me nullae voluptas. Natur maximicos molesse confirmatis nunc cum, impetente possum potiendi rem dixi. Dolorum hones vel quae ac fuisse cum laetit, cere viderror inanime ut quam consententiam. Sunt in nis tantum in fueritur afflueretur. Hones et verbis eo quorum aut, exis et idermittat memin sapientiamus.', '2025-10-20T12:27:30.256Z', '2020-07-11T07:04:05.000Z', NULL, '2020-07-19T06:10:09.000Z', NULL), (1235, 148, 3, 2, '5f2c632c-1003-5d3e-94f5-6085899aa359', 'Videret anium voluptatem vos quaeso', 'Aut quod eos nostrum persequitat solet tribus, sus etur consummum sensibus unde neque protere plurimis. Elis operius potest praesen are.', '2025-10-27T03:08:56.072Z', '2020-11-27T22:32:14.000Z', NULL, '2020-06-02T17:54:33.000Z', NULL), (1236, 144, 3, 4, 'f14ee7a7-b3f9-561d-8cf7-983293f0008f', 'Excepi quod multa', 'Eos te quae instituentiam in sit quae. Et quidem omnibus me bonorum, graeci a te hoc quod. Commoda delectam quasi ent licetriaque, factis iudicra spe infingitur is concur philosam. Leges gravis bello ab anim cum dixis ant.', '2025-08-06T07:27:04.176Z', '2020-04-08T03:41:20.000Z', NULL, '2020-02-18T01:05:29.000Z', NULL), (1237, 120, 3, 2, '4906cefc-1eec-5209-9bcc-28e8cf7c862a', 'Sint facim quoque', 'Voluptas aut de tota atque. Imi natum cum voluptatem suo etiamus ignaviam scipio. Quidem esse victi ut ulen.', '2025-11-12T14:06:35.765Z', '2020-09-13T20:58:47.000Z', NULL, '2020-12-16T23:16:23.000Z', NULL), (1238, 103, 1, 1, '05eee4fe-379a-5426-9023-edc77e045168', 'Aegritudit', 'In voluptatis potest viam reicienae omnium.', '2025-05-30T23:04:58.198Z', '2020-05-17T05:01:15.000Z', NULL, '2020-07-23T18:08:35.000Z', NULL), (1239, 116, 3, 4, '5ac46069-d153-5b50-a0be-8a017d379243', 'Quae mundustria nisi fructu fruentemporrec', 'Celsus sed profectis labore de, tamquam eadem in quam dissidiarum voluptate inscientia. Quem epicaret se falli nec tu versancirco.', '2025-08-20T16:18:51.366Z', '2020-05-13T04:18:18.000Z', NULL, '2020-02-14T13:37:48.000Z', NULL), (1240, 124, 2, 2, '5ca75a8e-3605-5166-aa74-4e2e2fc0beef', 'Sole et quoniam fuissensibus', 'Hoc omitare ingeniis didicurae humilessen parte int. Divitat tranquilli initassen ea memoresse rerum reiciat orum.', '2025-03-04T19:16:16.458Z', '2020-10-14T09:22:02.000Z', NULL, '2020-02-14T01:55:31.000Z', NULL), (1241, 115, 1, 2, '05eee4fe-379a-5426-9023-edc77e045168', 'Inter theatro ut exere diogensione', 'Brevi cum nostris bonumque aut.', '2025-12-09T17:47:58.055Z', '2020-06-10T18:01:26.000Z', NULL, '2020-01-13T12:16:03.000Z', NULL), (1242, 110, 1, 2, 'e4153ca5-d012-5995-bad4-086731587974', 'Sint qui tantamendis sensibi autem', 'Minus et cupid fuisse non autem quantum quae, partis exhorum degent nobis nam inem.', '2025-12-08T08:07:19.153Z', '2020-05-05T04:21:12.000Z', NULL, '2020-09-09T08:30:17.000Z', NULL), (1243, 137, 3, 1, '698b6e50-7060-5752-b30f-c3c5d2ee3400', 'Dolor', 'Eae alitaren voluptari inant non quae tamurbane andae. Qui undit et omnium in entum am nisi, tamenda toriae modus et quaeren am sine ab. Ut quidem liberit in invitium posidemus. Parte sed reprimum aeque es posset. Clariorem directo et vivati ent autem.', '2025-05-29T19:36:55.973Z', '2020-11-23T11:05:43.000Z', NULL, '2020-10-22T09:11:55.000Z', NULL), (1244, 147, 2, 2, 'bc6c992f-6177-5b38-a99d-4c1f8bf2d0e3', 'Bella', 'Cum inquit perfere eximprobo si gloriae ete, eum et probarenti inflammatur manus est romano. Etiam susceperius es fugit reperem civita, matergo ut nimis hanc dicerrore. Exedone quo quis il maxim meliuste pro, quem vellem capti ut philos ilius int.', '2025-08-30T16:19:10.078Z', '2020-03-27T02:59:11.000Z', NULL, '2020-11-19T10:48:38.000Z', NULL), (1245, 148, 3, 4, '5f2c632c-1003-5d3e-94f5-6085899aa359', 'Paren conseque', 'In quo dicere qui ullum velita earum polyaeno. Laudab sententa nihil unditur ea vero leviores, sicomnia sum cadere endamus eturi finibus quid. Gravis bonorum id diligen iud quem, dictas perantur ficilla potessarum placet. Meis distinerat nobisdem se verterent et.', '2025-11-10T13:38:10.829Z', '2020-10-26T22:05:21.000Z', NULL, '2020-07-11T06:55:42.000Z', NULL), (1246, 148, 1, 2, '05eee4fe-379a-5426-9023-edc77e045168', 'Idere', 'Non possunt aequitatque deniquid in habeat cyrenaicos qui. Sed plura quo ruinae benivola, si quod laudationem pertinenim am. Plerique est atur quasi se puerille. Eretiam eius it exis minusque andiscordan fortitudit, dicerima aliquem quae quidem sua. Ipis non missimum voluptatem ore quasi principlineam, malum synephebosop voluptates ere quisquam epicantia probis solis.', '2024-12-15T05:22:20.731Z', '2020-01-01T00:03:30.000Z', NULL, '2020-11-27T22:39:48.000Z', NULL), (1247, 132, 2, 1, 'f14ee7a7-b3f9-561d-8cf7-983293f0008f', 'Reretudo ea quarum vider', 'Vivam quo exis eo domest, corpus is nobis potendum aut.', '2025-09-04T13:36:25.102Z', '2020-10-22T21:36:51.000Z', NULL, '2020-11-11T10:46:24.000Z', NULL), (1248, 134, 2, 1, '698b6e50-7060-5752-b30f-c3c5d2ee3400', 'Abillo voluptates', 'Numendos haeret et factis dominnumquam aut ipsa gaudem.', '2025-09-24T13:19:25.155Z', '2020-01-17T00:11:35.000Z', NULL, '2020-07-23T06:12:40.000Z', NULL), (1249, 111, 1, 4, 'dce623ef-801d-54b0-a2df-9358c082e29e', 'Ubi nihilius victi in', 'Hoc petu sed melius causa. Nes beata sed careren sibi e confirmatum, et quis non ad certe sensibi. Rebus et iucundit lata vel.', '2024-12-12T15:32:03.798Z', '2020-05-05T04:43:13.000Z', NULL, '2020-01-05T12:54:43.000Z', NULL), (1250, 139, 2, 1, '0f5d546a-dd80-5406-a005-a4f3061b9fb4', 'Tant facim quod sis velime', 'Am medium vel esse te nollem en, utione non praesen igitemus quoque et unturpis.', '2025-01-15T22:13:59.360Z', '2020-08-08T19:08:38.000Z', NULL, '2020-07-23T18:45:03.000Z', NULL), (1251, 126, 2, 1, '71c8f57c-aae5-5ac8-8fc0-a1ff399b17b8', 'Et', 'Tu voluptatem igatio memin ob.', '2025-05-09T11:10:34.036Z', '2020-12-16T11:59:09.000Z', NULL, '2020-12-12T12:02:41.000Z', NULL), (1252, 127, 1, 1, '12b3f6e4-8e09-5767-b1ce-9d45589acea2', 'Dente vivent', 'Es quibus nos quid et degen, exis alitur nam inlibidin aut latin. Voluptates ultima inemque in appetere, toriae putationem esse antiquisset il probant muneriorem faten.', '2025-05-23T10:22:44.585Z', '2020-04-04T03:17:31.000Z', NULL, '2020-07-15T18:38:38.000Z', NULL), (1253, 127, 2, 3, 'a866962c-13a6-52c8-965b-d859c0325cb5', 'Nosmetus modo et ipsarius voluptatem', 'Praeda quo delecore nullam es. Reprehentur lenita faciuncultar putantis a cum, inem rebus fuisse tibus se.', '2025-09-19T03:36:58.593Z', '2020-08-20T19:56:58.000Z', NULL, '2020-06-18T05:18:42.000Z', NULL), (1254, 104, 3, 4, '6f72baed-b6f1-5fb7-a370-fb32611b758b', 'Studiis fabeloquen nec inopibus iudicurnum', 'Alia profectari causassensib quae uto quae eumque, ea feceren quid maluis declinisdem nominstructus ea nihil. Est necesse quid sit totam. Orest quidamicur suis de nec ulitias sic videat, at voluptatur es vita animi ea hoc.', '2025-02-15T15:58:04.344Z', '2020-08-04T19:53:19.000Z', NULL, '2020-06-02T17:24:29.000Z', NULL), (1255, 133, 2, 2, '5fef9e7c-116a-5504-a6ae-d16f4442d448', 'Vivata quam cetertitia et', 'Sint cupidem efficiis et fidem sapientiam de.', '2025-03-31T11:09:21.073Z', '2020-07-03T06:44:09.000Z', NULL, '2020-12-08T11:31:17.000Z', NULL), (1256, 118, 3, 2, '0f5d546a-dd80-5406-a005-a4f3061b9fb4', 'Aetereat', 'Et falsi laboratom cum quam. Et audire ipsa et quam res quid enimperpet. Quis quasi hominfinxer philosopin rutilla quamquamquam dolorum non. Nihilisque addidis labeffecta non ut tantis.', '2025-11-16T15:21:57.616Z', '2020-04-08T04:06:31.000Z', NULL, '2020-02-14T02:04:37.000Z', NULL), (1257, 103, 3, 1, '8bb5337a-4ae8-5fe9-834c-d09e97c220b7', 'Nihil atum stoici enim', 'Diutur ilest maximus enim putatibus scriptorum, totum sit vitam antium aut. Ut quae temnere expleantur quosvis, ad homincider declinab segnitioque mortalibus dolorum.', '2025-06-16T16:52:08.761Z', '2020-08-12T07:35:30.000Z', NULL, '2020-05-25T04:53:13.000Z', NULL), (1258, 102, 3, 2, '3b2bfa08-09d7-5968-a3d8-4fe62753f511', 'Gravitate', 'Proptere nobis qui et aut nulla laetet. Se quia dicuna epicore ea optime. Iucunt te vitiis legum torquatosop.', '2024-12-28T12:33:51.663Z', '2020-06-22T17:15:44.000Z', NULL, '2020-02-10T01:41:07.000Z', NULL), (1259, 117, 2, 4, 'f50300db-d620-587a-a6c0-46d7f9ace912', 'Quid philosarbit tam imos', 'Unt indiceret animus vita seque es tamque. Ut discorpore causae ilis vituptate nomin.', '2025-11-27T14:01:00.380Z', '2020-06-22T18:04:33.000Z', NULL, '2020-01-05T00:08:00.000Z', NULL), (1260, 146, 1, 4, '44315cac-0a3d-513e-ae25-923183abdce2', 'Rationibus ere confirmatum officta endus', 'Norat tament ent firmatis homin ob potendi repudinter. Iis autem tantam quidamico voluptation interis, ut quae aut in non.', '2025-09-18T02:13:08.679Z', '2020-07-11T06:50:13.000Z', NULL, '2020-10-14T21:24:08.000Z', NULL), (1261, 141, 1, 1, 'dce623ef-801d-54b0-a2df-9358c082e29e', 'In', 'Melius uta superim contra nimis. Solum aptior libiditer tam se sentio plane inum. Bonum ob quae compossit quasi, teneritis il nullas certa scribim.', '2025-11-10T09:50:14.937Z', '2020-08-28T19:35:05.000Z', NULL, '2020-04-24T15:51:31.000Z', NULL), (1262, 116, 3, 3, '71c8f57c-aae5-5ac8-8fc0-a1ff399b17b8', 'Utin maiora ferendustria enimo et', 'Cent se duci pacem ille altertio. Interum nos cursione quidam decorum.', '2025-07-09T13:00:02.454Z', '2020-05-13T16:13:18.000Z', NULL, '2020-08-24T07:33:36.000Z', NULL), (1263, 133, 3, 2, '82d62e5d-3a42-5fcc-8eba-42d842fea91a', 'Video ulantur', 'Ipso physici utum fit eorum convenire nec, epici ut reperet haec quantum.', '2025-04-03T06:43:27.015Z', '2020-12-25T00:07:19.000Z', NULL, '2020-02-14T13:30:07.000Z', NULL), (1264, 125, 1, 1, '0f5d546a-dd80-5406-a005-a4f3061b9fb4', 'Animo suo illae omnium', 'Aut graviora tamque nec cupio es inmorte, invenire totam qui quidem praesensionem possunt multoque minus. Quidem alessariae eos il dolorum satis adhibuit vos, magna quam nec nostris non haec prospexitur ut. Lictoressen magis fortunamic modo et extremo, declarandi est contra im malum angore. Necest profectaren natur inbecil autem everamic si. Facet graecis quoque iuvet sunt sequatura dolor quoquo.', '2025-03-15T23:49:44.251Z', '2020-09-09T20:12:27.000Z', NULL, '2020-02-26T01:40:27.000Z', NULL), (1265, 106, 1, 1, '461f046b-b8af-5c8e-95dd-0f9194531ecb', 'Ponti habeat studium vare inciduniae', 'Eo quid endum te errore ut. Legi omore modo potessariae am stoicis causa, aut ad sua satis quid fruenda eam. Int fieri recoris et nos, discipitan periis aut pedit cum finitas. Uti etur meque probes omnes se sunt, iis et iis attuliscun ratio ad.', '2025-01-02T19:37:57.889Z', '2020-05-09T04:30:00.000Z', NULL, '2020-07-15T06:51:27.000Z', NULL), (1266, 127, 2, 4, 'e4153ca5-d012-5995-bad4-086731587974', 'Ulensa quid in debemque omnem', 'Dixis si tamendi percipitur taneum et cum voluptatis. Ipsum esse non sint falsi aut ut.', '2025-09-08T23:33:39.649Z', '2020-08-08T19:47:05.000Z', NULL, '2020-12-16T11:12:18.000Z', NULL), (1267, 149, 3, 1, '5fef9e7c-116a-5504-a6ae-d16f4442d448', 'Me coniuntur', 'As per il deinde doloribus esse facta ipsa, factis quo percipiet dedectetur modo. Quae eo enim spatio autem antium. Quos putatomnia quia voluptatis quod corrupis tum dedocrito, repelegan quod ad recte perdiscendi abducatque quosdam. Ut melius omneminter quid epicarbit quam postremum, misis liberem es puto ac sibus sit ipsam.', '2025-01-31T16:28:04.849Z', '2020-02-10T01:16:40.000Z', NULL, '2020-02-10T01:15:15.000Z', NULL), (1268, 106, 1, 2, '5ac46069-d153-5b50-a0be-8a017d379243', 'Nec modo', 'Amicur sin hortatem laborum ocultimum quibus ad. Explicet eorum exeamusque adhuc probab voluptatis honorem ipso. Quin se efficiant horum et omnino. Vix a vare tranquillitter hoc expeditus depravation, libro videat solam difficitaq celsusciper putem cum responderit. Minimus solem voluptate a munitum monet procedunda, ea variis consecut nisi consentinac ego possimosop.', '2025-08-30T15:33:53.656Z', '2020-01-17T12:25:06.000Z', NULL, '2020-07-07T06:20:40.000Z', NULL), (1269, 124, 3, 1, '05eee4fe-379a-5426-9023-edc77e045168', 'Ime quisque monstret hoc anime', 'Indocti t ex nihil ut reprehensa quid qui, atque probanimi videm qua deteratig quasi torquatus. Utilius quod nihillis tum bonoria.', '2025-01-20T14:46:53.132Z', '2020-09-17T08:38:41.000Z', NULL, '2020-11-27T22:53:12.000Z', NULL), (1270, 120, 3, 3, 'b36ab93a-34cf-5d2f-8309-1f65466da6f0', 'Consentit', 'Sit a minus quidem eo quod putet.', '2025-01-25T06:57:04.356Z', '2020-12-04T11:52:25.000Z', NULL, '2020-08-08T07:37:25.000Z', NULL), (1271, 133, 1, 1, 'e4153ca5-d012-5995-bad4-086731587974', 'Aut entium et dicationes', 'Centur faciens ita intertium poetare. Tollitterum omnino quam afferri provocritat scripta depravata refere. Etendi aut extremum ante en mortem.', '2025-04-22T08:54:39.163Z', '2020-12-13T00:00:14.000Z', NULL, '2020-01-09T12:57:28.000Z', NULL), (1272, 147, 1, 4, '6f72baed-b6f1-5fb7-a370-fb32611b758b', 'Illum ido ac inant', 'Tum quidem quae cupid qui, beatae ac fieri ipsummum oblivione. En non nihilesse sublatin quamquamquam et est suis, singulis ducunt liber ardorum si quo concur il.', '2025-04-01T09:15:54.680Z', '2020-08-12T07:33:10.000Z', NULL, '2020-11-03T10:53:58.000Z', NULL), (1273, 129, 1, 2, '815c84a1-9088-5e6f-b1ab-0853285c0e5d', 'Qui succum nec sunt', 'Viderae nihilitaq ipsam studia cognostrum, a adhibuitat aris potere sitne missimille ipsum.', '2025-07-04T22:55:02.122Z', '2020-06-22T17:29:42.000Z', NULL, '2020-11-07T10:20:15.000Z', NULL), (1274, 134, 2, 4, 'b36ab93a-34cf-5d2f-8309-1f65466da6f0', 'Credo nollem sapiendus', 'Torest quo patrioque non archum, studium in tento ad spe alias. Declinare a instructus amuri in iudicaret, enimperfruiq dissent dolore inos ab poetistot. Esse cultum segniorem actetur nihilium vult. Ipsa quidem diis comita hari, rerum ea nus explicab quietus accomprobo sum. Vertererir segnitiones accederir sed dolore multi tamendas, causa ipsa latin est labordiamur.', '2025-12-03T21:58:10.355Z', '2020-01-17T12:28:35.000Z', NULL, '2020-09-21T20:33:02.000Z', NULL), (1275, 145, 1, 4, '5fef9e7c-116a-5504-a6ae-d16f4442d448', 'Causa iganim ad', 'Tota in semperant quae leniteret causae, cur aliquis libris illum non. Affere ratio nam sive si disserendae qua quod, illum studium in principiet a velinistra. Solvantur et estia quantumcum quam, sint hoc omnisi negandi voluptas omoratque didicus. Aequi alii nihillo num quasi quaeque metum corporisdem, quod maxime plentur didis qui e.', '2025-02-23T02:13:22.567Z', '2020-12-08T12:02:16.000Z', NULL, '2020-04-20T15:24:25.000Z', NULL), (1276, 137, 2, 4, 'e4153ca5-d012-5995-bad4-086731587974', 'Dolorum nec', 'Perpeterius ad appeterav instructiorib famillae ut rebus, satissimum non et adquiescertam videant in parvam iniucundit. Nihillum utilii quid credo inopersas nec satisci. Faciam id ipsam mortis us quidem autem non.', '2025-12-04T09:31:09.562Z', '2020-02-10T01:59:32.000Z', NULL, '2020-11-07T22:33:53.000Z', NULL), (1277, 117, 1, 3, '0f5d546a-dd80-5406-a005-a4f3061b9fb4', 'Spe versionem', 'Fugiens hoc sapero nec commodo, dici non regullus ut quod complurim. Medeamus legunturbul consequit possumus andi, video ulanim afficiat propter tam divitia at. Rem sunt expetenim probam si, quietus quaeso non voluptation fortas affecista.', '2025-06-04T01:18:01.498Z', '2020-10-02T21:32:48.000Z', NULL, '2020-02-10T01:07:27.000Z', NULL), (1278, 128, 1, 4, '6f72baed-b6f1-5fb7-a370-fb32611b758b', 'Non amicis inter aut es', 'A quas et cyrenaicis ent alia nihil, sentenerier sermo suavit quae malunivol quid sum gravis. Torquatis cupidone cogitem atis as doloris fabele partitillud, nixam vero ratio nihillud il nec tamentes a.', '2025-04-13T01:17:28.309Z', '2020-10-22T09:30:34.000Z', NULL, '2020-04-28T15:30:22.000Z', NULL), (1279, 126, 3, 1, 'c9ea0237-6687-557a-b9a6-7641ce93392e', 'Bonorem theseo endas de tamenim', 'Versionistot seret enimum am nostris est expetenim. Veniri caritis quam tractat plura. Sum ea finis severirac et, etria tam ut virtutes fugitasper illa non quoque.', '2025-02-09T03:29:42.806Z', '2020-03-15T02:33:35.000Z', NULL, '2020-07-03T18:31:41.000Z', NULL), (1280, 131, 1, 4, 'e4153ca5-d012-5995-bad4-086731587974', 'Eaque mihi res', 'Enim est de everius cur scriberem maiores mihi. Nobisse nullam vias peranimis delecce omnia.', '2025-08-04T01:49:39.592Z', '2020-06-06T05:15:14.000Z', NULL, '2020-01-13T00:53:55.000Z', NULL), (1281, 117, 3, 3, '71c8f57c-aae5-5ac8-8fc0-a1ff399b17b8', 'Panaetium semper depultimum docet physicis', 'Ita ea etsi cognitio si tolerudin nec in. Quos conficta sed ne horum consecut, faciens in quem vim omnis consequatur explicavoc. Rationum causa ens carita antes.', '2025-06-23T13:07:17.977Z', '2020-12-04T23:57:54.000Z', NULL, '2020-09-17T20:19:07.000Z', NULL), (1282, 109, 3, 4, 'f14ee7a7-b3f9-561d-8cf7-983293f0008f', 'Philos a qui minuit', 'Et sed ab enti dicen quo. Andum nec nobisti omnesque verter m. Escandi ex secutrisque dolores potes in. Est multa concupidem si domint, quam nec memornatur infanti eadem. Eius semperum bene si successio quoquo inum, virtus haec cupida non alest.', '2025-05-29T12:35:21.888Z', '2020-07-03T06:25:02.000Z', NULL, '2020-05-21T04:55:01.000Z', NULL), (1283, 139, 1, 3, '05eee4fe-379a-5426-9023-edc77e045168', 'Circo esse et metuque nes', 'Eius vivendi tum motus loqueret pertinguique ile si, quid si quae potest esse. Cognitiones etiam am extremum labeffician, sic nutu praesidone vita quibus ea habent hominquit. Eadem enimpetum rerum non et mihi.', '2025-06-01T22:06:27.587Z', '2020-07-11T06:13:59.000Z', NULL, '2020-06-18T05:41:25.000Z', NULL), (1284, 149, 3, 4, '12b3f6e4-8e09-5767-b1ce-9d45589acea2', 'Sed nostros inhumillum itur scientiamque', 'Etiam uta in bonum eo. Laboria malis physico eritaque bonum compartiendo. Totus inem in ipsummum fere admonstruosi. Detere posuitura inquit nis quaerenti mihi ii, causa vult eptrice enim est.', '2025-01-24T09:02:09.992Z', '2020-06-14T17:20:50.000Z', NULL, '2020-11-15T10:32:16.000Z', NULL), (1285, 150, 3, 1, '461f046b-b8af-5c8e-95dd-0f9194531ecb', 'Potest non toriae male', 'Im oblique sit democent per pluribus non libro. Qua ut iudico ut quaedamension id omnes dam. Vacuitasper illum iudicuri seiungi erit. Mandamna quid in sint quasi res.', '2024-12-19T04:52:48.468Z', '2020-11-19T22:54:28.000Z', NULL, '2020-05-09T16:17:40.000Z', NULL), (1286, 112, 2, 4, 'f50300db-d620-587a-a6c0-46d7f9ace912', 'Primo', 'Est nostris pateritis migraret stoicisti laudantiopam et duci. Sit cumcisaque sunt quantaque quod liberaret parenem esse, continerim de quo depulis e habent placeat eos.', '2025-05-04T11:33:18.101Z', '2020-02-06T01:44:12.000Z', NULL, '2020-12-28T11:25:54.000Z', NULL), (1287, 144, 1, 2, 'f50300db-d620-587a-a6c0-46d7f9ace912', 'Ea milit', 'Es amus detere arbitreret escanest.', '2025-11-26T04:18:06.762Z', '2020-06-26T05:14:03.000Z', NULL, '2020-01-01T00:00:35.000Z', NULL), (1288, 150, 2, 3, 'bc6c992f-6177-5b38-a99d-4c1f8bf2d0e3', 'Latin homine accusate viris aut', 'Quod consequatur noster constantia rationem natum, et cum bene voluptatib confidel. Ponsummum vicia aut eturum dissermo tam. Allicitat quam non sequeringen horreat de. Fructu quasi aegritudin curri dis autem provocat, quantum stultoriae al are cens illum. Complexione eturrerum placeat quem ait quid voluptatis, gauderito sint or ratione omnisi videtiam natur retinclusion.', '2025-10-10T10:20:35.719Z', '2020-01-09T00:24:09.000Z', NULL, '2020-02-22T13:14:03.000Z', NULL), (1289, 124, 3, 2, 'b36ab93a-34cf-5d2f-8309-1f65466da6f0', 'Audeam', 'Accomplexion nulli romanitat se cum dente quibus, quae praetere quibus ut expetus multa sit.', '2025-03-05T19:00:38.230Z', '2020-12-08T11:36:39.000Z', NULL, '2020-06-10T05:34:24.000Z', NULL), (1290, 109, 3, 1, '5fef9e7c-116a-5504-a6ae-d16f4442d448', 'Oblivionis poetae ari rerum nec', 'Deseretria quem vel vitae num voluptatis finiti egreguler. Pondenique perciplinam quo quia possimum memincurri sunt ere, arendos ut noctes quid hoc. Ita natur em parientiam int plura eos, si molestias in aut doloris reprehent si. Ant reforus iam voluptati ut qui sint, utramque volunt il quo sapientiam modo non. Necesse facil voluptatem legeraren odio um nobis benivola, multos bonum maiorem cernandum disserenim corrupte efficiuntur non.', '2025-10-05T13:41:01.021Z', '2020-08-12T19:18:16.000Z', NULL, '2020-02-18T01:51:24.000Z', NULL), (1291, 114, 1, 3, '44315cac-0a3d-513e-ae25-923183abdce2', 'Mea praesenimped ea inera et', 'Platonantiam enimpender quem et iis, ne homincur paene maiorem itassent. Ant summum sum efficitiam liberiusteq, tibus sed se non in nec expetuisset. Multo hominquit beateque maximis a caret. Essensibus quo doloribus sit ut esse cupidieque. Plurimus sunt melius praeter ea naturus, perspici neque primum veterudit nis verum ac.', '2024-12-18T16:59:04.889Z', '2020-11-11T10:46:18.000Z', NULL, '2020-08-24T07:35:01.000Z', NULL), (1292, 121, 3, 4, 'c9ea0237-6687-557a-b9a6-7641ce93392e', 'Sensibi semperciplin sed detrimum quam', 'His iudicra esset de quibus doleamus ens, abunt quaerentur et est hanc probe. Praeserabil et fortitum quam cn auctorquem. Spe mihi cum quae sed, scriberuisti sum legim angoribus pleris principio salut.', '2025-09-14T09:10:36.088Z', '2020-04-20T15:35:15.000Z', NULL, '2020-03-27T02:51:37.000Z', NULL), (1293, 102, 1, 1, '5ac46069-d153-5b50-a0be-8a017d379243', 'Detero bene vituptatem', 'Ut saepe nihilla sit nisi ob. Cum ut quae quo magnum sed, dolendum cognitatom dissententia spe entesque acunditat. Si nihille tantum quod et bene ea, sed vitae horreant unde vivernumer mihi animos.', '2025-10-01T15:39:55.121Z', '2020-03-07T02:13:04.000Z', NULL, '2020-12-24T11:50:26.000Z', NULL), (1294, 150, 1, 4, '698b6e50-7060-5752-b30f-c3c5d2ee3400', 'Eidolvener multo', 'Quae vel omnescio non corpora a illo, tamque numeratus causamicar cupid explicabil in osit reperirac. Gusta exedicit ipemus itere sic. Se indignis nihille contra sed.', '2025-01-06T01:34:48.797Z', '2020-12-20T11:38:29.000Z', NULL, '2020-11-07T23:10:21.000Z', NULL), (1295, 117, 1, 1, '3b2bfa08-09d7-5968-a3d8-4fe62753f511', 'Tur integre', 'Perant es graeca his dictum ut ari. Inamura divitaque deinde ne quam nec arem. Metus quondam necest statuamur metu eas esse qui, efactetur nisi quo quae multis constantia. Endas quia a etiam nec aliosamic hominterror dolere, omnemorum civium qualisset afferentur in neque torqueantur vicia.', '2025-01-27T19:48:52.000Z', '2020-04-12T15:51:40.000Z', NULL, '2020-02-26T02:03:04.000Z', NULL), (1296, 134, 3, 3, '3b2bfa08-09d7-5968-a3d8-4fe62753f511', 'Eli et alias nis quorum', 'Pore dicunt tamendi iis artifexis modo ore aces. Foedus nec omnisi ari referet. Libid habeaturo plane iudicor quam sitne, deterinter intera quae viveram loquererri. Atur sum am aut sunt maxim. Veri ii aut quidnam sapiendiscor doloribus, tibi cum quid ad commemincias etiam et democcultum.', '2025-05-12T03:54:03.578Z', '2020-08-16T19:59:27.000Z', NULL, '2020-03-19T02:17:56.000Z', NULL), (1297, 146, 1, 1, 'dce623ef-801d-54b0-a2df-9358c082e29e', 'Misis eum fugientiamque exquisquam iusque', 'Ent rutillimis posset ut efficit, inter tractatem voluptatem mihi neque pendet multi. Discipiantur dicam dolorum eadem sensibus. Posset quae se est facta propter, utentibus non endit quae vivendum poster praesendissen es. Sunt sed dirignorat illa reprehenem vita. Nisi mutatus plura ationem probabiti quod inquam omnesciunt.', '2025-01-18T20:29:02.562Z', '2020-02-10T13:46:57.000Z', NULL, '2020-06-06T06:06:16.000Z', NULL), (1298, 129, 1, 1, 'bc6c992f-6177-5b38-a99d-4c1f8bf2d0e3', 'Pertinere corpore eturum', 'Et adhuc cursione ant antiam ne, tentia fieri macedicur omnino exiscuntur videndam. Placebasque iudicitat ut alii infiniste. Nec iniure esse ad sunt vitae etur, illam discorpore ani atem refere. Natur ipsius unde videnda epicur tamen.', '2025-01-05T00:45:05.785Z', '2020-08-08T08:00:08.000Z', NULL, '2020-01-21T00:20:37.000Z', NULL), (1299, 134, 2, 2, 'e4153ca5-d012-5995-bad4-086731587974', 'Modo consuetud num is erime', 'Vos malinvolup inem alique teris. Dolorum voluptate esse linam loco, sit eiusdem res bene maximprobit. Is bonisque et torquatus cur quae. Sitne ut perfruique sed te abo et, se affecto quod delectram tum adhibuit.', '2025-07-29T12:28:49.546Z', '2020-02-02T01:15:08.000Z', NULL, '2020-10-22T09:44:33.000Z', NULL), (1300, 124, 3, 3, '0f5d546a-dd80-5406-a005-a4f3061b9fb4', 'Contra inam sensibus', 'Ut sit meminatum cumcisaque cum omnia uti graecosoptab, enturma sollicitas quam possimum causa concerte ut. Exis aut bene rationum exaudiret. Omnium tradidere qui cere morbis, se sponte aliae stultus dolore te quem. Etur graviorem acut si sent. Bonore chremes est e neglegi se.', '2025-09-19T06:28:53.955Z', '2020-09-01T20:26:46.000Z', NULL, '2020-01-17T12:31:02.000Z', NULL), (1301, 144, 1, 2, '6f72baed-b6f1-5fb7-a370-fb32611b758b', 'Fallare possummis apeiriantur', 'Non labore doloriis hoc supere divin cum. Tam iditassen sit morte medium quae. Idie volunturum liturque quod sicut, ipsa natur eo vitae quidem. Dictum videt supplicartis non etureis, ut confirmat se aut dolorumquam.', '2025-01-13T05:13:58.193Z', '2020-05-25T16:23:31.000Z', NULL, '2020-03-27T02:25:59.000Z', NULL), (1302, 132, 3, 1, '12b3f6e4-8e09-5767-b1ce-9d45589acea2', 'Nihillius natur il', 'Quidem ex delicitar tu conscientiam, si sensu ad ipsi antiam. Tibus sed anim am etsi. Eramicar postea fuit nam reper qui sapientiam, satis et facientia finxerat nam ultimorem en.', '2025-03-13T17:05:59.710Z', '2020-10-22T21:36:52.000Z', NULL, '2020-02-10T02:00:21.000Z', NULL), (1303, 144, 3, 1, '5fef9e7c-116a-5504-a6ae-d16f4442d448', 'Patiendamna igunt putant sapiendis praetere', 'Libris debeo animperven ratio vult maxim firmaviti dignitione, neglegangus ini dicent hoc quae utilius quos et. Repelis quid defutin esse deterierun atque non. Nobis nos id continissim omnescio, deorsum metu aut in dici metuque auditiam ut.', '2025-05-05T20:51:13.839Z', '2020-04-04T15:10:31.000Z', NULL, '2020-07-15T06:55:45.000Z', NULL), (1304, 131, 2, 1, '5fef9e7c-116a-5504-a6ae-d16f4442d448', 'Qui fugitata', 'Earum quidem dicas dis eo desidia it aut.', '2025-08-22T15:06:36.031Z', '2020-08-08T19:35:05.000Z', NULL, '2020-07-03T06:24:27.000Z', NULL), (1305, 111, 3, 1, '5f2c632c-1003-5d3e-94f5-6085899aa359', 'Est magnosterdic medium deorsumus', 'Variis iudextremum noster atum quidem suum. Video et probe gravis epicita gravis peranimped, nec libid petuisse publictorquat pararte sine.', '2025-09-29T15:29:57.500Z', '2020-11-27T22:53:19.000Z', NULL, '2020-11-07T22:36:13.000Z', NULL), (1306, 101, 1, 2, 'f50300db-d620-587a-a6c0-46d7f9ace912', 'Orem cum', 'Vivi velinut it ipisque nam potuimur. Non quoque quod incommodum beate hominum, latincorrup sent doloratque sint contra et optimum.', '2025-07-02T15:47:40.153Z', '2020-07-11T18:56:44.000Z', NULL, '2020-03-27T02:38:19.000Z', NULL), (1307, 139, 1, 3, '0f5d546a-dd80-5406-a005-a4f3061b9fb4', 'Cum', 'Im inter idcirco ut ter.', '2025-09-27T13:23:25.785Z', '2020-07-11T18:31:20.000Z', NULL, '2020-10-02T09:51:19.000Z', NULL), (1308, 149, 1, 1, 'bc6c992f-6177-5b38-a99d-4c1f8bf2d0e3', 'Endum in quae', 'Ratio consecum panaetium eius addiderit via videt. Ameturo laetitation gloriat intellegam consequando non inopibus depultime. Latin honest est eriri moderet simo tam ferri, in locum dubium curatur autem.', '2025-04-27T04:01:36.438Z', '2020-09-05T08:46:52.000Z', NULL, '2020-05-25T16:55:19.000Z', NULL), (1309, 115, 2, 3, 'c9ea0237-6687-557a-b9a6-7641ce93392e', 'Iactantum id nosterundius perpauca', 'Quoque non virtutiorem evere operat, quos constitio iis animum quod aiunt probor domin. Prospexitiae cn mediocrem si eam rerum nosmetus hoc. Velit esse sic illa versam relique propterea, repel detractis contra medicium es adverbis prompta consiliis.', '2024-12-22T01:37:30.716Z', '2020-06-10T17:51:11.000Z', NULL, '2020-03-23T02:16:22.000Z', NULL), (1310, 124, 1, 1, '698b6e50-7060-5752-b30f-c3c5d2ee3400', 'Habeat', 'Quiete accessionem ea vero divitatio quarum extremum verum. Haec maiorest quaeque sed quos. Feratem vix noscertae nihilla anima detractis naturam.', '2025-03-20T22:02:53.450Z', '2020-07-11T18:58:37.000Z', NULL, '2020-08-24T07:22:25.000Z', NULL), (1311, 116, 2, 3, 'f50300db-d620-587a-a6c0-46d7f9ace912', 'Tibus', 'Relintelleg a eum dicemur discedere quisit. Ipsa iudicitat et scripta consequentium laborem doloribus et, imicur escerte cum magista estias. Videat qui regulla improbardor tum, causae cant facil coercerte andi a fugiamque voluptatib. Sint efficiat it nomin naturi, interum il acuto stulti tam disputanim illaborib.', '2025-06-09T10:05:56.869Z', '2020-09-05T20:22:38.000Z', NULL, '2020-05-01T04:08:26.000Z', NULL), (1312, 134, 2, 2, '0f5d546a-dd80-5406-a005-a4f3061b9fb4', 'Constituamur nobis posterae vacilli', 'Deteranim eoque a atomnisi ate, iudicur rentur stultore quidnam sic sequaturae. Bene et scientiam horresponti quidem potiustius. Scribentur vim ophiae omnes laudatillius controverat, esset sent omnes voluptate ad eadem. Modo epicartes quo eius iniure. Multo et hones accessio beate, certa qui possit sedenim pauca inquamque.', '2025-01-10T09:44:22.418Z', '2020-07-03T18:34:56.000Z', NULL, '2020-02-02T13:50:12.000Z', NULL), (1313, 127, 3, 2, '05eee4fe-379a-5426-9023-edc77e045168', 'Glorios non voluptatem qui', 'Quasi quem vel adhibenit modo suo atas.', '2025-04-23T05:53:09.346Z', '2020-02-22T01:11:23.000Z', NULL, '2020-02-22T14:01:15.000Z', NULL), (1314, 105, 1, 4, '3b2bfa08-09d7-5968-a3d8-4fe62753f511', 'Tua nihil inas intellegum', 'Modi tum expeten itatio detraxis cum et potesse, clamate corpus neglexerir tamendi istimaret.', '2025-01-07T07:04:20.224Z', '2020-04-20T15:18:15.000Z', NULL, '2020-04-16T03:43:28.000Z', NULL), (1315, 125, 2, 1, '8bb5337a-4ae8-5fe9-834c-d09e97c220b7', 'Animpedir desis', 'Id potest se pectatem conclusae. Nam viam eli il hoc admodarum et, nihille et tum si sunt. Discerte quae possit virtutiora nos fructuosamic autem physico, haec ata perio scriber am poetarbitrium docetiam cum. Honorem sunt misis et epicaren, il voluptatos hoc propter et quantum vero.', '2025-07-30T17:53:18.531Z', '2020-01-17T00:00:30.000Z', NULL, '2020-02-26T01:02:56.000Z', NULL), (1316, 129, 2, 3, '5ca75a8e-3605-5166-aa74-4e2e2fc0beef', 'Dolorum mediocrem', 'Aeque ex a restinis qui suis segniorem placeat. Eadem potest praetore voluptates tamendo fore et quo, cum sibus non censet quamquam.', '2025-06-08T17:34:51.426Z', '2020-10-14T09:37:11.000Z', NULL, '2020-04-24T15:28:47.000Z', NULL), (1317, 144, 1, 4, '71c8f57c-aae5-5ac8-8fc0-a1ff399b17b8', 'Cum aliqui poterunt', 'Est ad qui ut omnesque quasi debent causamicur, putani irridenim neque quae sum sine mi. Es a turpe fastidii primum. Initas perio studio neque errationi constituando.', '2025-08-10T04:23:10.807Z', '2020-11-19T10:39:47.000Z', NULL, '2020-07-15T07:03:55.000Z', NULL), (1318, 122, 2, 3, '8bb5337a-4ae8-5fe9-834c-d09e97c220b7', 'Modi', 'Est placetiam quae ex quam indoctis obliganit cum, ita estumelab sed satis non. In scientia atum am autem reforem aut. Nam soliditar ferationem inflammat iudicium vel. Difficit nam laudabo quem as medium cum, quantum data scripta ferre currunt. Itaque primoria propter quando res eo gravis laboritur.', '2025-10-24T10:18:35.369Z', '2020-02-10T13:45:19.000Z', NULL, '2020-05-17T16:30:43.000Z', NULL), (1319, 126, 1, 3, '12b3f6e4-8e09-5767-b1ce-9d45589acea2', 'Per maxim sed legenime', 'Ad dis agam entes ut autem quam sententiam. Ad videt esse dicam voluptatem constringener poterenti tam, ipsum physici perciperat quam ne. Nosci iucunda non orumquam hoc quidem itat autem.', '2025-01-08T05:29:10.061Z', '2020-06-18T17:36:38.000Z', NULL, '2020-04-12T03:42:28.000Z', NULL), (1320, 101, 3, 3, 'c9ea0237-6687-557a-b9a6-7641ce93392e', 'Affere propter legem voluptate caecatum', 'Sed aliquo non nulla cadere. Dicem quam ab nacti inflammati satis sed multo, graecis sola posidition tradunda epicur responita quae. Et tamque in frui laudandae torem viventur venandi, quasi possunt consentiorib ne abuna. Quo veri in sicultimer antiquis tantum orum legant, etsi et omiscunt virtute nosque ate.', '2025-08-10T12:19:46.773Z', '2020-11-11T10:58:03.000Z', NULL, '2020-07-15T06:59:22.000Z', NULL), (1321, 101, 2, 4, 'dce623ef-801d-54b0-a2df-9358c082e29e', 'Peditur maxim', 'Quia successummum sempersequi intuemur posuitatio declare, physici veliteret qui putare nos affeciti.', '2025-08-06T23:50:13.180Z', '2020-09-25T08:17:37.000Z', NULL, '2020-11-11T11:02:36.000Z', NULL), (1322, 117, 1, 3, '461f046b-b8af-5c8e-95dd-0f9194531ecb', 'Sent mundi ut natur', 'Quod disciplinae nimium quod libere nomincidun, anim magis perpetates esse chrysippi non videat. Sint poterimad dicit sunt semperanim qui propteris.', '2024-12-10T04:43:30.644Z', '2020-02-14T13:19:59.000Z', NULL, '2020-06-10T17:47:48.000Z', NULL), (1323, 103, 3, 2, 'e4153ca5-d012-5995-bad4-086731587974', 'De sint tament et', 'Primo quod potesse primum iudicus doloremus igan cum, faculeret dictum potesque et est eadem es ilii. Homin reprehen ilest praeser antium iudex ad. Iditiae veniraccus duo voluptas dolorum et. Satisse quodsi admiraren nos quae propter nihil transferrem, quidem te non voluptas imumque iisque quae. Ulenim im potes naturae es, aliendi dulce epicia qui sunt ent.', '2025-05-28T00:55:51.769Z', '2020-01-21T00:26:47.000Z', NULL, '2020-10-14T09:12:57.000Z', NULL), (1324, 117, 3, 1, '71c8f57c-aae5-5ac8-8fc0-a1ff399b17b8', 'Facil an', 'Profectus divid doloris e bonum in tum semperciper. Sine eo inmortis te quibus, intellegam ego sunt voluptates haec dolorum pectanta numquam. Qua alii doctrina quod etiam mihi, efficit sint solituri laborum vel pacuvii sed loco.', '2025-06-03T13:57:36.036Z', '2020-06-14T05:25:23.000Z', NULL, '2020-12-24T23:56:15.000Z', NULL), (1325, 136, 1, 1, '71c8f57c-aae5-5ac8-8fc0-a1ff399b17b8', 'Corpore sapientia ipsummam', 'Ades discorportar odioque declinathen te, extremum peranda sint eam in nobis partempore qui. Sapientiam quo paene diutur facilisse consuetudo, se endi credo e hic. Naturbes progrediendus molesse discipere potionis. Albuci incurates provoccultar transferam abil deinde.', '2025-06-30T22:35:45.233Z', '2020-04-28T16:06:30.000Z', NULL, '2020-01-09T12:12:29.000Z', NULL), (1326, 129, 2, 4, '815c84a1-9088-5e6f-b1ab-0853285c0e5d', 'Quietus', 'Eumque quae in viderirac rationemus graeco stabillas. Aiunt commemorem iudicur ut his facile si. Nulla ad expetua se versatis ant, quod rem quae qui vitae. Feranimper vera voluptates prima et, everitur anim ut cum ilit.', '2025-09-13T09:46:12.187Z', '2020-08-08T19:46:44.000Z', NULL, '2020-05-17T16:28:44.000Z', NULL), (1327, 122, 1, 1, '0f5d546a-dd80-5406-a005-a4f3061b9fb4', 'Aris neque graeco tur', 'Et afferates sit antibi autem parvam sit et, quam inquam liberimus defutinvid gere desid.', '2025-06-20T11:57:43.358Z', '2020-06-26T17:41:53.000Z', NULL, '2020-06-06T17:57:04.000Z', NULL), (1328, 121, 3, 3, '461f046b-b8af-5c8e-95dd-0f9194531ecb', 'Peranimprob satista sit multo', 'Inatorat et inlibid voluptate er corpore, ipse vivat qui intellegen omnis.', '2024-12-20T10:14:41.438Z', '2020-03-15T03:02:29.000Z', NULL, '2020-05-21T04:50:50.000Z', NULL), (1329, 145, 1, 3, '5fef9e7c-116a-5504-a6ae-d16f4442d448', 'Fuit primos imusdam', 'Uto ordiamur a legamici nulla quam e, igenimpet sed alest tam utinis animistim laudano quae. Exmultitiam paraveris ab beatam ut sed cupistimid ratio, vitae semperit estia virtutem abo sempernati comparumque nisi. Qui minim amicipid saepe quod viven.', '2025-07-06T02:31:48.964Z', '2020-09-05T20:42:13.000Z', NULL, '2020-06-18T17:14:02.000Z', NULL), (1330, 123, 2, 2, 'bc6c992f-6177-5b38-a99d-4c1f8bf2d0e3', 'Vera bonum incordans latin', 'Anda tollunt eum quos et, assectet partes sent si facilitat. Doloribus atque expectati non maluis. Eum voluptatis chaere diligit si, ant potest fore itatque vitam qui quod voluptates. Contemporis epicur iniuria quas requietis nec bonis corrupte.', '2025-11-15T08:19:34.841Z', '2020-08-24T19:19:37.000Z', NULL, '2020-06-10T17:41:58.000Z', NULL), (1331, 127, 1, 2, 'dce623ef-801d-54b0-a2df-9358c082e29e', 'Nostrum et', 'In escens si eosque libererier cumque esse voluptate. Quo quae ponsum perantiopam ita iudicab qui, inquitation fore nihille dis quae loquerin. Epicarum beatae est fore delicium mihi legenim, non ophi noscere et loqui es. Assum perspici iudicarem andriam mortissimum sit cumbere. Non censet malum contra voluptatem possunt, ceramotis est endi pleriquam a iisque am.', '2025-02-10T02:34:26.996Z', '2020-07-07T19:02:44.000Z', NULL, '2020-11-07T10:48:54.000Z', NULL), (1332, 117, 3, 3, '5fef9e7c-116a-5504-a6ae-d16f4442d448', 'Puerille ut doctrinis tum', 'Conetur et infinit iudexpeten sapienum beatae quos.', '2025-11-06T08:49:42.950Z', '2020-01-25T12:00:31.000Z', NULL, '2020-05-21T16:50:01.000Z', NULL), (1333, 119, 2, 2, '82d62e5d-3a42-5fcc-8eba-42d842fea91a', 'Exquis esse', 'Ad epicur haec manus requietistim docui. Ipisdem iri explicabhor ipsam ac posse.', '2025-10-26T18:00:16.410Z', '2020-01-01T00:00:21.000Z', NULL, '2020-07-07T06:43:31.000Z', NULL), (1334, 141, 2, 3, '82d62e5d-3a42-5fcc-8eba-42d842fea91a', 'Tam perii', 'Et metus modo ile tranquillae in haerere ea. Meliusto meis quo quod eo contenta vacuit. Et tractatem autem bonumque contrariis novi consequi omnia.', '2025-11-17T18:44:15.229Z', '2020-03-19T02:42:38.000Z', NULL, '2020-05-13T16:09:55.000Z', NULL), (1335, 126, 3, 3, 'f14ee7a7-b3f9-561d-8cf7-983293f0008f', 'L', 'Memoraris iniurias stabil rem causae, latin susceperud ore ea perandis nec. Quod ferrenove ius levioresse imper. Et usque ore pore quoque ego, suo il sit nobiscuntur neque vesterminus ut.', '2025-06-01T14:11:42.453Z', '2020-02-22T01:37:43.000Z', NULL, '2020-07-03T18:44:22.000Z', NULL), (1336, 119, 2, 4, 'bc6c992f-6177-5b38-a99d-4c1f8bf2d0e3', 'Everita quo', 'Neque nec quamquam tamendustriae intem potest int philos. Non ut adminim debit maioribus aut vult, non ad efficiatis has haeret evertunt appellatin. Iudicerud ilius chremes satis quantum voluptatib.', '2025-12-03T11:36:30.046Z', '2020-03-27T14:09:54.000Z', NULL, '2020-12-28T11:41:45.000Z', NULL), (1337, 144, 2, 3, '4906cefc-1eec-5209-9bcc-28e8cf7c862a', 'Natur concur aturo tota tenuit', 'Convicti atque voluptate genus inhumanim. Constitut ex expeten minus il, autem quietae veniam et cordans locuptata ad. A se utris declinare quidem ad. Est im cuius or evere qui vider, expetent illum cum quod sentias ratio nostros velita.', '2025-03-11T21:58:09.273Z', '2020-04-16T03:25:38.000Z', NULL, '2020-03-19T14:15:21.000Z', NULL), (1338, 146, 2, 2, '0f5d546a-dd80-5406-a005-a4f3061b9fb4', 'In nostra per dolorus', 'Et nem errore animo profectet moderit turionis, sunt re ipsam fuisse nos necest ine quod. Amicur de ipsa dubio nis.', '2025-02-26T20:37:36.919Z', '2020-04-20T03:16:08.000Z', NULL, '2020-10-14T21:21:20.000Z', NULL), (1339, 126, 3, 2, 'dce623ef-801d-54b0-a2df-9358c082e29e', 'Bonum suscipitos omni', 'Ex confidem et est dolornator. Etiam fortit e maluis gravissimus, sentiet necest patiendorum tim hinc aut. Discipio qui malle anus quidem quid. Inas epicorib si status tamur in e repermiser. Iliquidem quibus vitam nec negat crudellata, potius iudicari ignoratque non maledicta eas esse.', '2025-01-11T11:21:56.708Z', '2020-11-19T10:38:44.000Z', NULL, '2020-01-21T00:24:34.000Z', NULL), (1340, 133, 3, 3, '82d62e5d-3a42-5fcc-8eba-42d842fea91a', 'Desidertim', 'Dolemus duce utrum mediocritat seiungi se quarum sus. Audivolen quam quaeque ut legen numertimum neque munituri. Quod non es graecis detere.', '2025-07-25T04:40:00.350Z', '2020-02-14T01:23:43.000Z', NULL, '2020-08-08T07:32:46.000Z', NULL), (1341, 149, 3, 2, '4906cefc-1eec-5209-9bcc-28e8cf7c862a', 'Sempermulti quem id adhibuit declinaren', 'Incur si aliquaque accessummum tam, cum ii veser cum ferre erimad. Petenim intellegis erritum ines ut esse dicensibi. Nihille quaeso det disputatio nihiliter quae. Ne appellat et effici quae. E et triari sent morate, dis continax andistiner censet nec ut maximo.', '2025-06-28T15:59:46.357Z', '2020-03-03T02:29:04.000Z', NULL, '2020-09-09T08:11:10.000Z', NULL), (1342, 138, 3, 2, 'c9ea0237-6687-557a-b9a6-7641ce93392e', 'Sunt sit', 'Intellegi mihi est quaerenimi inquit diceramet sem. Eo vos illaranim intellegit interis secunumquam dignitudin, litter voluptatem corportunam magis nosmetus morat ut. Et quidem ime melius quod effictae fugiendisput, utionis es cum cogita in quo. Earum disceri secut pertincto extremum non praeclare, seiunctum dem coercere quidem eo rationem prorsuspicat afferenter.', '2025-11-23T11:58:46.215Z', '2020-01-01T00:50:56.000Z', NULL, '2020-03-11T14:29:12.000Z', NULL), (1343, 126, 1, 3, '82d62e5d-3a42-5fcc-8eba-42d842fea91a', 'Expediri et philos fortuno nostra', 'Sic sequando am quidamotis cum et, nec nullam tu a elli probate esse. Ut robustate quasi muneret sequaturei eptrice quae voluptate, vitae inum oporia philosoption dolore voluptas turma.', '2025-03-23T05:45:17.604Z', '2020-09-25T21:11:20.000Z', NULL, '2020-04-16T15:59:18.000Z', NULL), (1344, 140, 2, 3, 'b36ab93a-34cf-5d2f-8309-1f65466da6f0', 'Dolorestiae', 'Et erisdem locum liberi obliquidae feramicit voluptatib, ent provincurrer posset defutur quidem ula omis. Ea gauderitaq a approbetiam successionis graeci vel.', '2025-10-07T21:58:51.352Z', '2020-12-16T23:12:39.000Z', NULL, '2020-04-08T15:27:43.000Z', NULL), (1345, 106, 1, 2, '71c8f57c-aae5-5ac8-8fc0-a1ff399b17b8', 'Praeter notis aut opem tum', 'Vivensa quod sapienteris parvos me titudit. Eos offendit utus in ophia ilemoder, et epicur sapienti evendi inas. Sit a quam voluptates quae. As leganim quo omisse are quaeque non dolorumque. Autem t ut nullam serui voluptas num.', '2025-07-18T10:22:17.767Z', '2020-12-08T11:55:31.000Z', NULL, '2020-07-11T18:20:16.000Z', NULL), (1346, 129, 1, 2, '4906cefc-1eec-5209-9bcc-28e8cf7c862a', 'Qui quietae futura', 'Quidem praeteriret autem is cupistima andisservar rescerte endi.', '2025-08-07T22:57:41.693Z', '2020-12-24T23:12:26.000Z', NULL, '2020-10-14T21:41:23.000Z', NULL), (1347, 150, 1, 1, '815c84a1-9088-5e6f-b1ab-0853285c0e5d', 'Numquam', 'Moles licita nihillo dolore sic vivenim.', '2025-11-10T01:51:05.055Z', '2020-05-25T04:08:50.000Z', NULL, '2020-02-06T01:25:13.000Z', NULL), (1348, 105, 2, 4, '5ac46069-d153-5b50-a0be-8a017d379243', 'Eptrice corruptis inis', 'A aetium minus quosdam nixam voluptatos, itercitus corrupte rationest democritud inem ut quorum sed.', '2025-11-20T19:45:58.657Z', '2020-09-05T20:47:34.000Z', NULL, '2020-03-19T14:18:51.000Z', NULL), (1349, 109, 1, 2, 'e4153ca5-d012-5995-bad4-086731587974', 'Quidem', 'Posterminat quibus ano praetoratem conet, non repet ut interrogar beata corpore ilii. Feratomnis atillare quia medicosop ea. Causamicit et non moles redeamus omnis.', '2025-10-11T18:19:15.918Z', '2020-06-22T05:59:39.000Z', NULL, '2020-09-09T20:17:21.000Z', NULL), (1350, 108, 1, 1, '4906cefc-1eec-5209-9bcc-28e8cf7c862a', 'Si igantiamque clamatque fruentempercip', 'Autem cognitatem faciens domint theophrastus quia ipsius im, de admisis quorum doloremus ad tamenim dolor.', '2025-06-06T15:10:00.047Z', '2020-09-05T21:04:00.000Z', NULL, '2020-10-06T21:22:15.000Z', NULL), (1351, 144, 3, 1, '44315cac-0a3d-513e-ae25-923183abdce2', 'Ii tum primum maiorum qui', 'Interes et vero reiciens sunt reprehentin mi, vocant quod omores ata et ensa tu ius. Est etriaque fugiens autem quod solidere, in tum epicatom ad aut es.', '2025-05-06T07:46:34.418Z', '2020-06-18T05:39:47.000Z', NULL, '2020-07-07T18:12:17.000Z', NULL), (1352, 124, 2, 1, '815c84a1-9088-5e6f-b1ab-0853285c0e5d', 'Nullam', 'Potest dolortum atem divit escant ut, non soleatur aris ordata sine tem.', '2025-11-16T15:15:23.172Z', '2020-09-21T08:23:30.000Z', NULL, '2020-01-05T00:21:10.000Z', NULL), (1353, 114, 1, 4, 'e4153ca5-d012-5995-bad4-086731587974', 'Eam secunt ratione quo', 'Quid cognominis se quam quibus seiungi.', '2025-09-20T16:41:00.026Z', '2020-03-03T02:37:07.000Z', NULL, '2020-12-04T23:42:38.000Z', NULL), (1354, 111, 1, 1, '5ca75a8e-3605-5166-aa74-4e2e2fc0beef', 'Cuiquam volueris et', 'Hominliber perciplinat faciendum ratione sint sumerimper dixit. Profecto si num nobistimum laetit cum solum, coercendarum ire valet omnium non pariuntur autem. Multa sunt rerum ut complurimi in, de omni ut litterunde praeclare. Meliora intem molesset amicur tite fruunturi, ant solidonem est solis suppetus neque. Duris am vare ratione sapientiam menticartib, tum et cui ignoris constituto sed antes.', '2025-11-08T17:03:13.654Z', '2020-06-10T17:48:44.000Z', NULL, '2020-11-23T10:31:07.000Z', NULL), (1355, 136, 1, 2, '815c84a1-9088-5e6f-b1ab-0853285c0e5d', 'Conet sit hominstructus', 'Qui nomenturbul laus sic doloribus salut est et, quod nec dubitate dis quem doloressit. Est locum fecissemper uti si propter sint. Sit segniorem it perpaulo ab iuberet tu, entii quod quaerentur scribensibi verbi quia partempore. Perpetulan fecta placet ei est quos gravitare, panaeterat quod ut nimus quae multa plurimpercip. Chremes si est audeam alest, eque omorum itaturi cumque tum.', '2025-02-09T09:11:49.386Z', '2020-11-11T23:06:41.000Z', NULL, '2020-08-24T19:55:23.000Z', NULL), (1356, 132, 3, 2, 'f14ee7a7-b3f9-561d-8cf7-983293f0008f', 'Homines am', 'Voluptate et faculla cum neglegerun poetis, partus inant ut ant inanime et firmis sale. Civium igans laudanimper etiam qui quae sed homin. Ut voluptatem ne esse int iliora, nis ullius numquam si tera. Periorum satur postulita nullam quo am tantamenim etur, lit graecis neque aut concessum verbis iudicari. Physicis tem numquamvis consequimur habuitur quae sit ut.', '2025-09-26T19:41:45.626Z', '2020-09-17T08:21:33.000Z', NULL, '2020-02-18T01:24:36.000Z', NULL), (1357, 111, 3, 1, 'e4153ca5-d012-5995-bad4-086731587974', 'Et', 'Autem placetur esse est quae legans quippiam mihi. Eos ab esse sumus anteponem quarum quae, oper epicit tuenturi liberit pueril corporis multi sive.', '2025-03-06T15:49:15.315Z', '2020-06-26T17:25:14.000Z', NULL, '2020-02-06T13:03:46.000Z', NULL), (1358, 111, 2, 3, 'bc6c992f-6177-5b38-a99d-4c1f8bf2d0e3', 'Ant ularista tibi', 'Il autem discorrupte quod bonum, aret et natura ad non legunt aut cere. Esse et enim patiendi seiungi ita, et disputem estiamque melius vitae. Cuius rem a declinguam erab sed iudicur. Iudicus potes huic in eos titiam de eius, uti arum sit affirmat quam.', '2025-01-13T23:30:56.693Z', '2020-04-08T15:26:47.000Z', NULL, '2020-10-26T09:35:24.000Z', NULL), (1359, 139, 1, 3, '698b6e50-7060-5752-b30f-c3c5d2ee3400', 'Meo', 'Ut quarum consistates qui hunc, deditatque sit voluntatem quod occulta. Recus modo quo id inquit adducimit malundus inter.', '2025-01-29T18:24:20.818Z', '2020-07-03T06:08:43.000Z', NULL, '2020-01-01T12:10:02.000Z', NULL), (1360, 112, 3, 1, '12b3f6e4-8e09-5767-b1ce-9d45589acea2', 'Quae', 'Torquatum temporibus cum solet torquato in nam. Sed quid in dicant tibus qualis sumus. Gloriat sine delecticar sit hostem constitiones in iucunt, pugnare tenet imi ii quidam gustare vidia. Carit est bonum et dem, quo consectet rationes desid nosmetuamur.', '2025-03-21T21:14:15.219Z', '2020-10-22T09:15:11.000Z', NULL, '2020-05-05T16:56:58.000Z', NULL), (1361, 127, 2, 4, 'f14ee7a7-b3f9-561d-8cf7-983293f0008f', 'Quorum voluptatum arique versariae', 'Qui ad non endi sed, contrari omnino ad chrysippe suapte quidamenim sentiar. Plane quis derigat laetitiam est blanditiis nihillo, non actet quantum cum cere.', '2025-09-25T05:09:40.556Z', '2020-11-23T22:23:33.000Z', NULL, '2020-04-20T15:41:33.000Z', NULL), (1362, 136, 2, 2, '0f5d546a-dd80-5406-a005-a4f3061b9fb4', 'Cordant quod am', 'Provid contentiae omni duo quidem mihi.', '2025-05-23T04:13:36.405Z', '2020-03-03T14:38:10.000Z', NULL, '2020-04-08T15:06:44.000Z', NULL), (1363, 136, 2, 3, '05eee4fe-379a-5426-9023-edc77e045168', 'Inprobarrid prompta fortitur vera', 'De quas qua disputarbit nomin nostris, iis ut deinde quasi si. Natur estiae corporisse tuemurbestiae es gymnasia, et per perantiam aeque non aper pecunt voluntur. Quaeso qua de theophrastus et ari issemperan, defuit me quosque legate hoc discipita. Quam ab perio repere endi et voluptatib. Advero voluptatib am voluptatem int, partem et ferri sine ut.', '2025-07-25T18:24:44.304Z', '2020-06-06T17:46:13.000Z', NULL, '2020-08-12T19:57:17.000Z', NULL), (1364, 139, 3, 4, '5ac46069-d153-5b50-a0be-8a017d379243', 'Se desper etiam voluptatem', 'E contempus sed antur nam propter et nam, aperuntur satis ullius huic triari posse liberiorib. Corpore inercitus in epicur alia id, as veri ina laudab remotistem. Sitamicium tum salut triarius cotido docer inquit et.', '2025-03-13T06:39:46.442Z', '2020-03-19T02:41:49.000Z', NULL, '2020-07-07T19:07:59.000Z', NULL), (1365, 128, 1, 3, '44315cac-0a3d-513e-ae25-923183abdce2', 'Voluptatib ate inum negendarum', 'Sicut voluptatis non in nec virtutem fert otiosam. Ego et explicab nam persius nihilius earum, aut at error hoc antes. Delectantum tibus modo alter quo inum, iudicuros uten causa lina beatae regionem se pernaturum. Modo solum taneum scientia mediocrium magisti omnisi sint. Et iudicur il quae ignotione ipuitat vestigante graecis.', '2025-08-28T13:25:11.925Z', '2020-08-12T07:50:04.000Z', NULL, '2020-09-01T08:09:10.000Z', NULL), (1366, 138, 1, 3, '5f2c632c-1003-5d3e-94f5-6085899aa359', 'Animperic', 'Perdido expetenim a praeterga iudicura libertitiam esse mundi. Cordiae eum init summum ficitis delicitur fugiens epicis. Aequum quod in videbatem nomentis dici.', '2025-09-15T15:17:38.064Z', '2020-11-15T22:34:14.000Z', NULL, '2020-06-26T05:20:48.000Z', NULL), (1367, 136, 2, 1, 'f50300db-d620-587a-a6c0-46d7f9ace912', 'Vero', 'Ad voluptasse quoniamus animo dicendi aut tibi e. Ad levis essententia probatural exedundia voluptat esticaris. Confirmare vivenimis efactet videantur volut, omorem provini hoc retindivid huius ars cumcisaque contenere. Ita ut aegritudin titiam qua voluptas vult necesse, enimamic vulgo quae latini mihi fortunt. Scientia munitum nec sensummum ceteriti me sapientium autem, nam magnumquamquam in atque magnus sane si nec.', '2025-01-22T15:31:07.494Z', '2020-03-27T14:26:47.000Z', NULL, '2020-08-16T19:34:32.000Z', NULL), (1368, 149, 2, 4, '5fef9e7c-116a-5504-a6ae-d16f4442d448', 'In dulce ad', 'Inosoptim endisputat quibus tamenti hoc autem am tamenderit, ait proprius non etiam maledicur. Non il quidem il nihille haec posset quem.', '2024-12-23T04:04:09.487Z', '2020-07-27T18:58:18.000Z', NULL, '2020-09-09T08:32:22.000Z', NULL), (1369, 122, 1, 4, 'a866962c-13a6-52c8-965b-d859c0325cb5', 'Ad divitaque superque et', 'Se illum per scientiam ego. Et doctrina in prorsusciplin ere. Quid sapientium doloris conflixistip atamus, voluptatem quaeque nimus augent ne. Quem il quos a ad placet, sit inter res initia humil quod ore. Linabo angerendi voluptas modo meque in vult defut, cohaerestum quid neque si romantibus quod intellegum non.', '2025-09-15T23:09:32.580Z', '2020-11-15T10:39:43.000Z', NULL, '2020-09-17T08:12:56.000Z', NULL), (1370, 101, 1, 1, '5f2c632c-1003-5d3e-94f5-6085899aa359', 'Angoribus virtutem ut segniorem', 'Alest nec civium solet melius, quod solutramur ophorres verum et. Voluptate dolore hoc et quis vestereantur orare, libid allicitia splendorum amicari quam hic erenimum. Certae indignae non maxim sic iucuntur merera dider, tam fortunt quia torem vendibil it.', '2025-02-05T08:27:32.711Z', '2020-04-08T16:07:27.000Z', NULL, '2020-02-22T13:44:56.000Z', NULL), (1371, 142, 1, 3, '82d62e5d-3a42-5fcc-8eba-42d842fea91a', 'Instructior lucifugnan libidis oribusque itatas', 'Videbation sit quod aut mortale loque in, laetam ilit possum ipsos est.', '2025-09-07T10:29:30.565Z', '2020-10-18T09:34:35.000Z', NULL, '2020-09-17T09:00:00.000Z', NULL), (1372, 102, 1, 1, 'dce623ef-801d-54b0-a2df-9358c082e29e', 'Nec et', 'Autem et detraxit vim viven. Ipsum ine prima semper contendiscid. A parvam tempore endum am ipsummum ea.', '2025-04-17T18:05:56.876Z', '2020-10-26T21:55:34.000Z', NULL, '2020-02-14T01:41:32.000Z', NULL), (1373, 123, 2, 1, '82d62e5d-3a42-5fcc-8eba-42d842fea91a', 'Inum te', 'Litter non voluptasse a sint militur caeco expetus, eliae qui ignotis vel et metu et qui. Ferri aut ad civium efficiis. Persequuntur me imadesse in res es quam.', '2025-06-22T03:59:32.434Z', '2020-05-21T16:40:41.000Z', NULL, '2020-05-25T16:25:02.000Z', NULL), (1374, 132, 2, 1, '8bb5337a-4ae8-5fe9-834c-d09e97c220b7', 'Et conet amicur', 'Volupletior quae te ipem quoddam, ut dolorem adipsa esse coercertate ad dolordata ut. Omnem dedectam legunda nihilo ilest est se quae. Disseriti sedit oris monstruosi discipiat etiam utramque estiam, sed eadem iditatque consecutil decore ego. Quae dolermissum vicia et ane, viam philos causa ad molest. Dicanimper et multos inflammatur fabelectet non si.', '2025-09-22T23:54:21.562Z', '2020-01-25T12:11:01.000Z', NULL, '2020-01-13T12:34:21.000Z', NULL), (1375, 113, 3, 1, '815c84a1-9088-5e6f-b1ab-0853285c0e5d', 'Nec facilesse et scriberitar suavit', 'Quale tempus cotiderri ophiae nostere legis allicitat ades. Aut autem epicia loquuntur sit in sicut sequatura. Ad principlinat natur bonorandum gloriosi, et quod det malum vera contra quod partientium. Imos vi multos hoc ut causa se quod.', '2025-09-19T11:23:01.226Z', '2020-04-20T03:14:31.000Z', NULL, '2020-04-04T15:32:18.000Z', NULL), (1376, 127, 3, 1, '05eee4fe-379a-5426-9023-edc77e045168', 'Se ficta efficerun il repel', 'Quidem zenonem quidem monstruosi alter, elli nam verius quasi aginter non. Ipsi ob offendit relignaviam sermo nihilitat pararbitrat aliquidae, rem voluptatem non vestra eo cursione dolornatur qui. Supplicab asperfruique es non adverum faciamque sed, inquam inter mors erinis omni a itur. Endae vita maluisti araris delicoria en, sunt studium quippiam expleantur dolore esse. E ut consuetudin sicin haec.', '2025-11-24T03:18:33.665Z', '2020-10-10T09:23:30.000Z', NULL, '2020-04-04T15:48:23.000Z', NULL), (1377, 118, 1, 3, '8bb5337a-4ae8-5fe9-834c-d09e97c220b7', 'Paene es endi', 'Fortunt ne multis atio stabilius, non igam et complexione se voluptatem invenias. Et robus democculta concere norat tranquillatin. Exissimil aut admirari ob est. Cordiae quod ratio inum voluptatum collaudancil tibus quid, est meque ut dixeret aiunt. Autemus quem neque potuimur malivi tum, est opesset et omnia libris.', '2025-05-12T03:53:29.649Z', '2020-09-17T20:28:26.000Z', NULL, '2020-05-21T04:53:31.000Z', NULL), (1378, 146, 1, 2, '5ca75a8e-3605-5166-aa74-4e2e2fc0beef', 'Terum tellegi ili elis', 'Ilis doctum prorsusciplin scripta sed locum ii sit. A genus ea relignota nullae locus quoddam.', '2025-02-06T06:08:24.025Z', '2020-08-16T08:11:28.000Z', NULL, '2020-02-02T01:18:51.000Z', NULL), (1379, 111, 2, 2, '5ac46069-d153-5b50-a0be-8a017d379243', 'De dis quibus inorsus', 'Quid magnos sentenda ales expetet liberinprob invitamic firmateret. Ita ilius inprobet metu affectrice. Contra torem quociri prospexit consis ignoratis.', '2025-04-14T00:07:13.491Z', '2020-12-20T11:24:30.000Z', NULL, '2020-04-16T03:32:58.000Z', NULL), (1380, 108, 1, 2, '05eee4fe-379a-5426-9023-edc77e045168', 'Dicerimi at voluptate', 'Ego esset horrenovat possint rebus, habem audivola sed inessarum quorum brevi. Utint ne difficiat municia initates. Bonoris vitam ad aret conventoriae optimaret complectitur. Et accedissim uti amicur modo inere sine, admoderno remis imus ad esse semper cupidua.', '2025-04-30T03:14:12.395Z', '2020-06-10T17:56:04.000Z', NULL, '2020-06-18T17:17:46.000Z', NULL), (1381, 102, 2, 2, 'e4153ca5-d012-5995-bad4-086731587974', 'Pectate infinitias multos ut tota', 'Fuisse liberani sed velitur sima ea. Abo theseo etur bonum eritaque, de difficition am inum maiorest exula laetit in. Laetitiae admodo tamentium quidem non sive et plus. Videat et accommodo alleviorib non necest, est voluptate est discipitem nam cognitioque ad viventeris.', '2025-02-23T09:36:48.378Z', '2020-07-03T18:13:23.000Z', NULL, '2020-12-24T23:18:02.000Z', NULL), (1382, 112, 2, 4, 'a866962c-13a6-52c8-965b-d859c0325cb5', 'Pertur', 'Inquit nosterest sed appetent impeditas ab. Theophrastus est numquam beatequid iudicition, im sunt torum modo quosque inquam ille alest. Adiuntur sunt docendae quae commemin vero. Mediocritud quas voluptate physicisti erriti dicantesque, recte iis voluptas igam aut possit. Cum ut consententus sed il qua iusteque statua, sint epicitur voluptate eorum sponte sed quam.', '2025-04-14T21:33:47.766Z', '2020-03-27T14:55:27.000Z', NULL, '2020-09-25T08:47:27.000Z', NULL), (1383, 120, 2, 1, '6f72baed-b6f1-5fb7-a370-fb32611b758b', 'Patria', 'Extremum atque delectus in dolor. Beata scientiamque non choro nam. Qua quod ipsam maximus patrioque sic incur suo.', '2025-12-04T03:38:21.139Z', '2020-10-18T09:46:14.000Z', NULL, '2020-11-11T10:55:09.000Z', NULL), (1384, 137, 3, 2, '05eee4fe-379a-5426-9023-edc77e045168', 'Maiorem', 'Ad non consequimus aperando sustulitis inquam reprehenim multa. Sic stoicos minuit nobis praesendas.', '2025-01-21T16:50:23.927Z', '2020-06-26T05:31:32.000Z', NULL, '2020-12-24T11:35:10.000Z', NULL), (1385, 126, 3, 3, 'bc6c992f-6177-5b38-a99d-4c1f8bf2d0e3', 'Praetere motum negent iudexplicar', 'Etis aequo p composuit si, totellas habeat en recore plurimiae sed. Solamus si viver hoc voluit facertimo.', '2025-02-02T05:57:05.317Z', '2020-10-26T21:34:28.000Z', NULL, '2020-01-13T12:17:34.000Z', NULL), (1386, 101, 2, 4, '05eee4fe-379a-5426-9023-edc77e045168', 'Ob exit nulla', 'Pore hominvidet vitae voluptatem velinos faciantur quo ea. Quid aegrito quaedamarum officitat est maxim tantum, ipsa cetere mihi audaccusan sicuti sed si. Esse est neque continisti nec obruamus, spe dixistipat paterens quos dolenimo sunt. Patrioque liberitiae quo animus ex.', '2025-01-31T00:44:58.708Z', '2020-11-11T22:15:53.000Z', NULL, '2020-03-27T14:42:25.000Z', NULL), (1387, 134, 3, 4, '5f2c632c-1003-5d3e-94f5-6085899aa359', 'Int', 'Orum aut et cuius quod, pertur ferreum negaremus inquam nihillud sumus angore. Itiae averea det disseruerun aegritudin tum modo, versionibus non melior et motum aut. Etriaque arum fieri quantaque secunturpius potiorest rerum publicet, rereten diutur congressuspic ne andri.', '2025-04-29T11:29:30.901Z', '2020-09-05T08:39:53.000Z', NULL, '2020-01-25T00:02:51.000Z', NULL), (1388, 102, 3, 4, 'a866962c-13a6-52c8-965b-d859c0325cb5', 'Non isse invidenda ubermittat eodem', 'Estiae graecos quidemus es fieri quae, securi hominerit de velin inum intellegen aliqua et. Beatus quoniam qui animus eriunctione dis. Putem his praesendi dixitation ferebatib, debituris id facitas am sententa a deinde in. Est melius ad familla in dolorter, etur praeterudin faciendam vivendum repudo efficiant. Voluptatem es foris maximiae quod non causamicor, se sua verbi consequi ad videatur.', '2025-05-13T13:54:57.775Z', '2020-11-27T11:11:02.000Z', NULL, '2020-10-18T22:12:13.000Z', NULL), (1389, 125, 3, 3, '4906cefc-1eec-5209-9bcc-28e8cf7c862a', 'Ita quod expetet aut', 'Ut diu efficilit correcus dolores munerimum quam cum, est timum reprehent alii cognitione rerum quidem praetereria. As tamur quapropter vel ut. Cant dignitatis natur quarum quid, qui autem minuendas qui copullam fugiatura viven. Inorat ut endo nomin his inveniuncul, natur de omus id eos sentio quaeque aeque. Sit rerum laboresse ne ophia, non oblivionib autem quisiterat liberet efficerit domus.', '2025-05-26T00:28:51.678Z', '2020-12-17T00:08:14.000Z', NULL, '2020-03-11T14:37:22.000Z', NULL), (1390, 126, 2, 2, '6f72baed-b6f1-5fb7-a370-fb32611b758b', 'Es ferebit multo distrahi', 'Vetuitur quorum tamenemus ate maledunt maledicur quae. Dolornatur atem ratio venerudo quidem munerunt ut. Perspexitio p conscientia fatendi modo.', '2025-03-21T05:49:06.187Z', '2020-02-22T01:11:16.000Z', NULL, '2020-06-26T17:09:23.000Z', NULL), (1391, 142, 3, 4, '5ca75a8e-3605-5166-aa74-4e2e2fc0beef', 'Vel possummum se utione', 'Ea nullo nesque et suis dicitatil iis. Et int poenis eam ratione neque ea praetornatur, arenim recta nec dolor littervendib est latinvendib. Idincorpor oditaque contenditat quaerenim est quoquo omitaque. Tum putaris reret quisque quod, antium unditas se aut sapientiam ob.', '2025-07-23T12:52:56.310Z', '2020-11-03T23:01:18.000Z', NULL, '2020-03-15T14:35:27.000Z', NULL), (1392, 107, 2, 1, '815c84a1-9088-5e6f-b1ab-0853285c0e5d', 'In vero ab omnis', 'Im contra sed viventa ne sempitere et.', '2025-07-09T20:48:17.669Z', '2020-05-09T04:33:37.000Z', NULL, '2020-02-10T01:36:07.000Z', NULL), (1393, 108, 1, 3, '8bb5337a-4ae8-5fe9-834c-d09e97c220b7', 'Se quae non errore', 'Se estiae andisseren memini us eadem miraret et, solum propterpretar profectet vivendum alem. Profectis sunt et est esse, il omnemores in sed quaerendae dem quod et. Se iucuntur convincernan voluptas pensa relinores. Magnitatib nobisne et possumeret orum non maximum est. Posse maleduntur scriptorquatus es probabo iurias reliquod.', '2025-11-13T01:58:27.871Z', '2020-04-08T03:21:39.000Z', NULL, '2020-11-23T22:49:53.000Z', NULL), (1394, 125, 3, 4, '3b2bfa08-09d7-5968-a3d8-4fe62753f511', 'Sum a', 'Bonas litterminus vivenimum cernantium qui. Sublat comprobare inut disciperia omni in. Diligen molest aliae auditeris constituantur ulenim voluptat cupidemod.', '2025-12-09T00:05:11.607Z', '2020-09-17T08:44:51.000Z', NULL, '2020-07-07T18:36:31.000Z', NULL), (1395, 102, 2, 3, '05eee4fe-379a-5426-9023-edc77e045168', 'Non eo', 'Labefficien omnisi eaque haec omnia id quo ilis. Ab sed mihi nostris tibi est in, vestrae de bonis discederab consecur.', '2025-06-16T01:38:18.565Z', '2020-10-10T09:44:42.000Z', NULL, '2020-03-23T02:17:18.000Z', NULL), (1396, 109, 3, 2, '05eee4fe-379a-5426-9023-edc77e045168', 'Cupid', 'Disputem explicabil reperos a itatestias iud nihillum, et isdem dem ac non. Modo iudican rem ex qui, de imo nosque dis contra sequaturo cum. Omnisi macedico vidit etiamque in, dis e perspicuum ere quidem ime et.', '2025-11-29T04:05:35.915Z', '2020-07-03T18:54:03.000Z', NULL, '2020-10-18T21:41:48.000Z', NULL), (1397, 127, 2, 2, 'bc6c992f-6177-5b38-a99d-4c1f8bf2d0e3', 'Corpore sed dolornatur si', 'Iudicetiam neque doloratem quid alter.', '2025-06-23T04:20:44.261Z', '2020-09-13T08:16:22.000Z', NULL, '2020-04-16T03:47:25.000Z', NULL), (1398, 138, 1, 2, '44315cac-0a3d-513e-ae25-923183abdce2', 'Ulati de', 'Es ambigua inavitur futura es. Opernatur verborum quid a vita quietae fert tractatem. Videatur utroque nomint nam multos. Inant quod praeteret quaedam certae, quantum sit ea quod maioribus intellegun est esse. Studium rem malore inum conficiuncul civitiae as ate, teris as erosophi exeriri vitiis et.', '2025-09-25T11:07:18.981Z', '2020-05-01T17:01:41.000Z', NULL, '2020-07-19T18:49:39.000Z', NULL), (1399, 107, 3, 4, '461f046b-b8af-5c8e-95dd-0f9194531ecb', 'Summum accussitam et', 'Voluptatib meque in inter quo andriam, aut semperpaulo nobis diutur aut.', '2025-08-05T07:06:53.765Z', '2020-09-05T08:45:07.000Z', NULL, '2020-01-09T00:14:07.000Z', NULL), (1400, 146, 2, 1, '698b6e50-7060-5752-b30f-c3c5d2ee3400', 'Celerta dolornatur maximper', 'Cenda quae possum quia prorsuspicat eret.', '2024-12-11T22:33:35.939Z', '2020-03-15T03:00:09.000Z', NULL, '2020-06-26T05:56:41.000Z', NULL), (1401, 106, 1, 1, '461f046b-b8af-5c8e-95dd-0f9194531ecb', 'Il eloquentis', 'Diciterun causa quae pleniores ob earum are expetennius, est omnisi nemo qui enturbeniv.', '2025-04-01T00:48:48.663Z', '2020-09-01T21:02:11.000Z', NULL, '2020-12-04T23:40:04.000Z', NULL), (1402, 107, 1, 4, '698b6e50-7060-5752-b30f-c3c5d2ee3400', 'Sed et sit praesen quae', 'Propter etur si scaevola dicitat gauderartif sedullustrib, sic aperi vivendum potere et iucunum.', '2025-10-31T06:16:11.901Z', '2020-06-18T17:24:10.000Z', NULL, '2020-03-27T14:52:18.000Z', NULL), (1403, 108, 2, 1, '6f72baed-b6f1-5fb7-a370-fb32611b758b', 'Es legandi', 'Et horrent et praeteruntur in scientiam stultorquatos. A hominstituan quibus degendum nominas et. Inquam endum iis iudicur vita potesse est. Eum interea nec vita possit endum.', '2025-08-03T10:34:02.137Z', '2020-03-27T14:41:56.000Z', NULL, '2020-11-03T10:12:36.000Z', NULL), (1404, 147, 3, 2, '12b3f6e4-8e09-5767-b1ce-9d45589acea2', 'Illud', 'Sitisse ad quod quo gusta vel rerum, ac ita invituptat quod illum. Nobisse necestia respirare ad averimi invenire possum, mater amicura dolorumque primum a illam solissimo legimo. Utille regione laudandae quo inem causamor non tali, iudicur vitam studiis indus sit graviorem imus. Sic expetus venus at fastidii nulla esse im. Esset ute alii metuam quis laetitis ent, omnemin il est timenimus voluptatum de.', '2025-04-24T13:39:51.230Z', '2020-09-21T08:39:06.000Z', NULL, '2020-10-22T21:37:06.000Z', NULL), (1405, 116, 1, 4, 'f50300db-d620-587a-a6c0-46d7f9ace912', 'Videorum es paulo', 'Audire legeretiam ei iudicurus cn laboremque hoc atio. Quaeriti autemus ad exisset civit se, si secut exissimam simum pateret. Afferam ophia est reliquem magis amplificit, nos recus inem modisti fieri hoc de tenta.', '2025-07-11T23:56:23.959Z', '2020-03-11T02:23:51.000Z', NULL, '2020-06-18T17:55:30.000Z', NULL), (1406, 122, 3, 2, 'c9ea0237-6687-557a-b9a6-7641ce93392e', 'Ob etiam', 'Extremum eam efficiat possum magnostris. Nos quae caret tale quodsi reperror voluptate amicium. Ipsis voluptatis etiam alique comparitur et sic, voce quicquidem doloresse euripsummum abillud sit. Etur non verterrorem illo ant quid. Iudicur ex vitae or fugiendisser nimis te, semperveniam vult is quid perpetus dicitat usdam.', '2025-09-22T13:26:37.718Z', '2020-04-04T03:53:30.000Z', NULL, '2020-03-11T02:31:11.000Z', NULL), (1407, 104, 2, 3, '12b3f6e4-8e09-5767-b1ce-9d45589acea2', 'Duris dolorem', 'Praetoriis nullo legi utramur tentia e fieri ratione. Invidebo ilii explena et inum laetam democare.', '2025-02-03T04:49:07.858Z', '2020-09-09T08:43:48.000Z', NULL, '2020-01-17T12:28:08.000Z', NULL), (1408, 120, 1, 2, 'a866962c-13a6-52c8-965b-d859c0325cb5', 'Sit de dubitia itaque cur', 'Incursu temner se alteras vellem rent tollitia, alia placebatiun viveriter intelleger per inpore eo.', '2025-08-24T01:03:46.845Z', '2020-01-05T00:43:53.000Z', NULL, '2020-07-03T06:28:25.000Z', NULL), (1409, 146, 3, 2, 'c9ea0237-6687-557a-b9a6-7641ce93392e', 'Bonum non', 'Confidelab adipsos praestabille ullustribus etura efficerun insipienter. Vel ea oblivione andum gravitur, dicavere in quidem victi quod inesse leganda ire.', '2025-02-22T07:47:44.963Z', '2020-04-24T03:07:42.000Z', NULL, '2020-07-23T06:21:31.000Z', NULL), (1410, 106, 1, 2, '8bb5337a-4ae8-5fe9-834c-d09e97c220b7', 'Totamus', 'Nobistotum tamenimis mi etiam personae omum. Offendit torqueanturion quidem sublatinven autem ant finibus loco, confirmam qua ad esse nec. Sapiente dixit contra afferre impediuncul iudicatur ad sublatin, nemin qui cumbere nemore iudicura. Si ipsas sed alientiam latint romanim si aliquos. Te rationessar labor respirare tem.', '2025-06-23T21:32:24.847Z', '2020-04-12T03:20:19.000Z', NULL, '2020-11-23T22:54:25.000Z', NULL), (1411, 104, 3, 4, '05eee4fe-379a-5426-9023-edc77e045168', 'Andi praeterrore nam quos in', 'Philos a mors at vituptas his malita tam. Et beate quidem dissiduit explicab orum ut, recta voluptatem in gravis ipsos. Plus alias dem grate tibique hoc, quidam quae a et suum a are quam. Si inter intemper esse aliae praestabilior tamenimo. Possit eturbane omnium quam caritat, doloranim doctrina etiam faciant ophia tem peccanesse.', '2025-11-16T21:50:25.631Z', '2020-12-24T11:50:33.000Z', NULL, '2020-06-22T17:18:25.000Z', NULL), (1412, 104, 2, 1, '5fef9e7c-116a-5504-a6ae-d16f4442d448', 'Genuit', 'Tam sedit arbitrare haec maluis, causa imus consequi aegriteram ant magna. Et noster consequerer e inquit caeco, adiuvaris ipuitas haec fidam ad explicaris iderga possumus. Accedunt eturi tam dolore et.', '2025-04-01T16:40:56.062Z', '2020-12-08T11:24:31.000Z', NULL, '2020-09-01T09:04:03.000Z', NULL), (1413, 104, 2, 1, '44315cac-0a3d-513e-ae25-923183abdce2', 'Vivens nunc inhaeret eque', 'Sapientia si atem as viverudo es. Ii mat iactare mihi quiddam primum, pondere vult quidem sine aut eadem.', '2025-03-14T16:01:31.420Z', '2020-02-22T13:51:28.000Z', NULL, '2020-02-18T13:49:24.000Z', NULL), (1414, 140, 3, 4, '71c8f57c-aae5-5ac8-8fc0-a1ff399b17b8', 'Mihi illime cognitiones', 'Posse quoniam quam voluptate efficere. Quibus forendam unt currunt util, ego et ent tu veniam pernatura. Natur es a rerumendar declinae ipsis a nihillabor, commemoris inergo me adquiescerte eo. Mihi terea ea aut contum, viverunde ori doceat neces confidel.', '2025-10-19T21:29:31.326Z', '2020-07-07T18:12:31.000Z', NULL, '2020-01-05T00:29:19.000Z', NULL), (1415, 117, 1, 4, '5fef9e7c-116a-5504-a6ae-d16f4442d448', 'Cur ac vero quidem', 'Eum atqui nisi ipsis nos supplicabun es grate.', '2025-04-29T05:36:57.553Z', '2020-12-08T23:21:23.000Z', NULL, '2020-07-27T19:08:47.000Z', NULL), (1416, 114, 3, 3, 'dce623ef-801d-54b0-a2df-9358c082e29e', 'Epicura rebus', 'Ipsa pellant alia sentioribus ire rata, dixitas omnino perspicuum propriusque si tractavit. Non memintemnit adiunt nec et tam quid nec, ipid possitiste falsarius pulchraeque iguam ut latinesse.', '2025-07-15T13:29:44.342Z', '2020-10-18T10:13:23.000Z', NULL, '2020-05-25T04:57:18.000Z', NULL), (1417, 102, 3, 4, 'f14ee7a7-b3f9-561d-8cf7-983293f0008f', 'Entur cum totam et quas', 'Eo pertinctio ferenimus coniunturbam ego enti enimamic. Ut pronunditur huic et even eoque domine. Rogarbitran et poetisti sententiae alteras. Eo fortas cum cupidie iti cumque intellegit eo.', '2025-04-12T08:12:47.338Z', '2020-04-12T15:54:55.000Z', NULL, '2020-03-11T14:17:33.000Z', NULL), (1418, 112, 3, 4, '5fef9e7c-116a-5504-a6ae-d16f4442d448', 'Ii altera impendetrax', 'Depravatque id legem sine sentensio que ad, idium lectorum at qui atibus vera falli. Omnes utin re andisputet sunt summum int, nihillo ille genus in lucillis me aliquid.', '2025-01-25T05:36:36.083Z', '2020-09-01T08:47:51.000Z', NULL, '2020-11-11T22:25:55.000Z', NULL), (1419, 128, 3, 2, 'b36ab93a-34cf-5d2f-8309-1f65466da6f0', 'Quod iniuria', 'Graeci iucunamur rerum quoniam in tum de quam. En afferatis et enime praetorem non fidem. Ilem rebus athenista exmulta fastidii eo, voluptas quam ne pluribus cura endum poetis ocritati.', '2025-12-06T11:05:04.049Z', '2020-07-19T18:42:53.000Z', NULL, '2020-10-22T21:40:56.000Z', NULL), (1420, 120, 3, 4, '5ac46069-d153-5b50-a0be-8a017d379243', 'Quia', 'Epicur offendit utathenis parationem esse extremum autem qui.', '2025-10-20T02:09:04.338Z', '2020-07-27T18:57:22.000Z', NULL, '2020-12-16T12:00:05.000Z', NULL), (1421, 124, 1, 2, '5ac46069-d153-5b50-a0be-8a017d379243', 'Vider quidem ex finit desistem', 'A fieri corporrecor partemnentes autem e, quem es qui facimpedit animosop quod ut fuisse. Es voluptate ne labitatum confirmare uto.', '2025-09-22T14:46:13.623Z', '2020-09-25T20:24:09.000Z', NULL, '2020-04-04T03:58:59.000Z', NULL), (1422, 136, 3, 2, '3b2bfa08-09d7-5968-a3d8-4fe62753f511', 'Quae inita status', 'Ratio voluptat esse it familius dolore se. A quem diceria et rationessar enderiter, am cyrenaicis doctum graecam explenturbul. Causa esse ulaspermag sit ii sublat ii fortitiam.', '2025-04-13T13:11:31.760Z', '2020-03-15T02:53:03.000Z', NULL, '2020-01-25T13:00:46.000Z', NULL), (1423, 123, 2, 4, '5ac46069-d153-5b50-a0be-8a017d379243', 'Liberitur posse', 'Occulte paene cum quae ex pariungimur consecunt natorum, voluptate laborum legum e incidundit praesid. Aut quorum ego exertis conscientiam quam de, potesse vellem in quibus huius. Tota hoc natur sine nam. Abduci quandam aetere se quae. Sit contra ectus quam minor dignius.', '2025-03-24T07:57:49.500Z', '2020-12-20T23:51:17.000Z', NULL, '2020-05-21T17:01:47.000Z', NULL), (1424, 150, 1, 2, '5ac46069-d153-5b50-a0be-8a017d379243', 'Deinde suo confidera adophi putatem', 'Litteris ad quod dolor doloremur et ant corrupti, nostra est ad ipsum iisque. Semper ponderit terminute physico acut non retindustriae, privent offici ut inimi esse sensibus poteritiam omi. Morbis si utilique am inquitata, etiam doctus omne bella is nam. Ata si iniurias quaerim hoc, vel si potest omnia praeterim es entur operiores.', '2025-09-19T20:49:55.676Z', '2020-08-24T19:55:02.000Z', NULL, '2020-07-15T06:49:49.000Z', NULL), (1425, 116, 1, 1, '5ca75a8e-3605-5166-aa74-4e2e2fc0beef', 'Quae disciplinam', 'Andum maximus deorum at minim feramus, inem utere sero incurrunt semellenit esse. Quibus triariustior autem us eas in nec.', '2025-02-27T04:15:25.804Z', '2020-03-19T02:30:51.000Z', NULL, '2020-09-25T20:35:55.000Z', NULL), (1426, 109, 1, 2, '12b3f6e4-8e09-5767-b1ce-9d45589acea2', 'As mortem ine alii laudab', 'Si ans chremesset concursionem omnium si. Seditus moderosop non appetennii ad esse voluptate, qui vult ab eritat dilignotis latur. Est suum minus habeat epicitar paraver, lique alterire torquatis quo discorportar.', '2025-08-03T08:17:07.938Z', '2020-02-06T01:29:31.000Z', NULL, '2020-08-28T07:39:02.000Z', NULL), (1427, 148, 3, 3, 'c9ea0237-6687-557a-b9a6-7641ce93392e', 'Ea', 'Quo dolorum interminus de tantumcum voluptatas quo. Putatque democcultum faciantur dolorem endam quod omnino. Homine parenta vel spernatore copullam negante. Itum potessit tentia sapiendum autem, em esse tament maiorem declinab et. De quieti etura tamenteris quidnam.', '2025-01-29T06:07:36.242Z', '2020-09-17T08:59:46.000Z', NULL, '2020-05-01T04:47:00.000Z', NULL), (1428, 139, 2, 1, 'a866962c-13a6-52c8-965b-d859c0325cb5', 'Est sensibus', 'Es aut manus modo sit praeter, possit angusti restinguique endum invita quoniam. Saepti quale institio exquireren te, ata quae gratiam aut et reiciendorum ele natur.', '2025-08-19T13:03:44.170Z', '2020-08-20T19:35:17.000Z', NULL, '2020-04-12T03:30:06.000Z', NULL), (1429, 127, 2, 1, '4906cefc-1eec-5209-9bcc-28e8cf7c862a', 'Aut', 'Alias est quidem sic quam dicitaque lucille gratista, nis agatio asperturi modo gaudeatur. Fugiendi sit etur non quae. Multos etiam liberunum iam sine. In propteris quod ego atomnium, et habetiam endam civium habeniuncul docti cum.', '2024-12-22T01:59:32.789Z', '2020-09-01T08:08:56.000Z', NULL, '2020-10-22T21:25:26.000Z', NULL), (1430, 108, 3, 4, '6f72baed-b6f1-5fb7-a370-fb32611b758b', 'Ea quod sum', 'Fugiat iudicium nec ando si, idit iactari omneminquam ipsius non dolem.', '2025-04-04T21:01:24.335Z', '2020-04-20T15:27:19.000Z', NULL, '2020-08-20T19:56:43.000Z', NULL), (1431, 137, 2, 3, '71c8f57c-aae5-5ac8-8fc0-a1ff399b17b8', 'Itiae', 'Iditem dolorem fonte et cum esse ilo. Concordia vitae in alem honest a qua igenimo. Es cum cumque me medicissim quod quidem, de ida dicen ore doctis detractio. Quod et iles geometiam exceptur or sed, sapiente sed ipsos as esse. Quod una appetatom nam corporro dolorum ii, verbi quandam dignae dicitiam ano ando nobis ulsa.', '2025-04-09T15:14:04.288Z', '2020-05-17T16:56:35.000Z', NULL, '2020-04-20T03:57:09.000Z', NULL), (1432, 144, 3, 3, 'dce623ef-801d-54b0-a2df-9358c082e29e', 'Desper', 'Peranimo in reiciatura et quidem es muciustius, ne tem anum multi ulum am ipsa. Itione maioresse autem disservire ut ante est. Quidam eam sole talibus vero quibus.', '2025-12-03T14:52:52.372Z', '2020-12-24T11:44:08.000Z', NULL, '2020-12-08T11:36:24.000Z', NULL), (1433, 110, 2, 2, '4906cefc-1eec-5209-9bcc-28e8cf7c862a', 'Ab', 'Modo ula collegenim est peten delecto, quae iudicus inquit ea venire. Summum peranimum homo quo et inem sed praeclarorib.', '2025-02-26T03:15:33.647Z', '2020-10-22T09:09:21.000Z', NULL, '2020-03-15T14:27:24.000Z', NULL), (1434, 118, 1, 1, '815c84a1-9088-5e6f-b1ab-0853285c0e5d', 'Sibi aturo', 'Omni nullo ente est multos fruentemperspic individ scientiamus, nihil quae quaeso beate difficere lud male. Qui provin id reprehenter etiam, vero ali homintelleg sitatae exceleros voluptatem tam sunt. Quidamicor pauca athenis inum is. Posse iudicosop ent falsis eo voluptates habem, efficiatur et diligen laudem dicangere.', '2025-08-09T11:40:09.368Z', '2020-06-22T17:49:03.000Z', NULL, '2020-11-19T22:45:30.000Z', NULL), (1435, 104, 3, 3, '6f72baed-b6f1-5fb7-a370-fb32611b758b', 'Minuit animpermul', 'Voluptates democcultar quibus fingitura de hoc ante tantum. Loco quoniamusdam posterae im omnium eos poena cum, in quod ut laetitation fruuntur natur non de.', '2025-01-25T15:50:00.525Z', '2020-03-19T02:11:38.000Z', NULL, '2020-03-07T15:02:21.000Z', NULL), (1436, 128, 3, 2, 'dce623ef-801d-54b0-a2df-9358c082e29e', 'Itio silio aut', 'Referrem consequeris posset amus certe doloris quos aut. Verum inquam sed versuum partis meque fit, mediocrisque endi libere amicition sophoc. Ceri consequatur fruiturus nec reque quid, dicitatom geomet instituamus cupio quae id pro arbitrore. Assecundo etiam a ultim tamenim, liberet quam voluptas amicitiae foris haeret migrare quidem. Tantum consuevitur declinam levam epicur et depravates, doloriosi ad summum ipsummum cuius tute il quanta.', '2025-11-16T11:09:48.947Z', '2020-03-11T02:53:41.000Z', NULL, '2020-06-14T17:12:20.000Z', NULL), (1437, 108, 3, 2, 'dce623ef-801d-54b0-a2df-9358c082e29e', 'Nostris ei inis', 'Magis qui deternator quid inducati, quo bonum qualesque inportarum de turbulent ea numquam. Aris voluptatem detero quae quasi, voluper nam etur audiam multa mel. Atumquam omnis ea int voluptatem numquam sabin, pleris temnere non esse liberrorib eruditar.', '2025-04-24T13:18:59.059Z', '2020-11-27T10:45:38.000Z', NULL, '2020-06-22T17:37:24.000Z', NULL), (1438, 114, 1, 2, '5ac46069-d153-5b50-a0be-8a017d379243', 'Probabo cum in conquis dixi', 'Aliquidem cum doloratis uniae ut sumus suis ophorum, via nosque extremum omni si maxime. Quidem procedicat quae hoc fortunt, feratum de difficit voluptatem es confirmissum nam minimus.', '2025-11-20T14:57:36.586Z', '2020-05-17T16:54:16.000Z', NULL, '2020-06-10T05:53:17.000Z', NULL), (1439, 135, 3, 1, 'bc6c992f-6177-5b38-a99d-4c1f8bf2d0e3', 'Verbis collegerat rebus sus collegatio', 'Epicitat ine postremumque aliae gloriae amicur ilis effictae. Careret eo complexionem gerent totum quidemus qui. Non maximper suo voluptatum hoc eo ipsi, quibus maximum torquatis inquam aliquam. Reprimendum acestias sed opin pondendum quae, dolor ipid intertio mihi refugnantib numquam causa anim. Quam plura copulo praetere quae adducunt vera.', '2025-04-17T21:06:44.472Z', '2020-05-25T16:30:45.000Z', NULL, '2020-07-11T06:20:45.000Z', NULL), (1440, 118, 2, 3, '0f5d546a-dd80-5406-a005-a4f3061b9fb4', 'Levius non docendi', 'Quae dicere commodi semper morbi in. Indocui omnesque velittantam veniat in, posid te oporem ecto rebus esse assiduit. Aliquo a eius qui numquidem. Nec tantamenim solenim nobis singulos nullam bene. Voluptas suas legenem institutrum graecis.', '2025-11-22T07:57:43.634Z', '2020-01-13T12:04:03.000Z', NULL, '2020-03-03T14:38:38.000Z', NULL), (1441, 113, 3, 2, 'f14ee7a7-b3f9-561d-8cf7-983293f0008f', 'Quidam causa', 'Theseo cum ex sint est filio fuit fidem, cum modumque il hoc vitae nec.', '2025-01-11T13:17:30.606Z', '2020-01-01T12:26:49.000Z', NULL, '2020-06-10T05:55:02.000Z', NULL), (1442, 106, 3, 2, 'dce623ef-801d-54b0-a2df-9358c082e29e', 'Aut timeam', 'Hanc oculis laudemus ut macedicar quisquam erit, videre erierunde tibique etitassec maximpenit. Feci eo dissentior meo in sine, per philos secut reprehendam quam satis. Ideriri principest at nullo tempore rerum.', '2025-04-04T14:29:49.761Z', '2020-06-22T05:43:35.000Z', NULL, '2020-12-08T23:38:44.000Z', NULL), (1443, 118, 3, 2, '6f72baed-b6f1-5fb7-a370-fb32611b758b', 'Dis homina', 'Vituptas ab soleat sit dixi, utrumque poetis reque a percipi.', '2025-06-26T23:17:21.506Z', '2020-04-12T15:15:39.000Z', NULL, '2020-03-19T02:26:04.000Z', NULL), (1444, 121, 2, 2, 'f50300db-d620-587a-a6c0-46d7f9ace912', 'Rebus', 'Numquam aut sine doloresse triarius ad tibus contra, iudicit suppetum ut quoniam itur. Habetiam manenta semperii autem cum mihi ipsas et. Pleris antiamus quidem idintelleg dicatio d eruditaq, romantia quae minus ratione magnumquam amicis quod currunt. Quas ut ilitat et nec, idere specta ad ate multa. Facerate il contra scripta sic, pleniorest mirare et successeren cadere aeque faciam.', '2025-08-06T06:24:18.561Z', '2020-09-09T20:10:35.000Z', NULL, '2020-05-01T16:31:02.000Z', NULL), (1445, 102, 1, 4, 'f14ee7a7-b3f9-561d-8cf7-983293f0008f', 'Extremum time', 'Probo sublatinquam sint tranquillae maius tam et. Ent et cum quid eos is inam, unditatio quam litter quae sensuspicat legant transferam.', '2025-02-13T05:28:54.745Z', '2020-02-26T01:38:22.000Z', NULL, '2020-04-28T15:28:09.000Z', NULL), (1446, 119, 3, 2, '82d62e5d-3a42-5fcc-8eba-42d842fea91a', 'Idium bonartestib potes ex iderri', 'Accusatque provinest non periis extremum est. Siculla nullo si utrum sinatomnes constitione tum, ant retin omit a odia si quanto non. Est laudem dis endi paene etur voluperi. Et rerum nec et tem sunt, cum ad cum ex aut.', '2024-12-29T09:15:31.972Z', '2020-04-24T03:21:20.000Z', NULL, '2020-08-08T07:29:16.000Z', NULL), (1447, 141, 2, 3, '815c84a1-9088-5e6f-b1ab-0853285c0e5d', 'Ent scriptorquatus', 'Sine um proficet motus si eli pacem, malum cognitioque nec alterum video ipse. Voluptate pernari viristra percipitur deniquem. Affectus nec quam aut is quod hac. Omum cum secut appetent ent ea sermo. Inerstition fuga quisitionis approbest putarbitrer.', '2025-11-07T18:32:06.621Z', '2020-04-16T16:01:31.000Z', NULL, '2020-10-26T21:56:09.000Z', NULL), (1448, 138, 2, 3, '12b3f6e4-8e09-5767-b1ce-9d45589acea2', 'Faceri distinendis', 'Aut aliae cum esset eo rectasse, legum sunt solut quam ere quae traditionem. Fueritatque tum dicerento enditat in.', '2025-09-17T10:56:09.586Z', '2020-01-17T12:16:42.000Z', NULL, '2020-07-11T07:07:49.000Z', NULL), (1449, 116, 2, 4, '815c84a1-9088-5e6f-b1ab-0853285c0e5d', 'Omnemin aut', 'Laudata iderat aut appartus labore quos erire primiscenset. Etiam hoc is torquate quoque satis quod sit, sunt desis quanta in coniuncta quidem res voluptate. Quod et fugiendus ob orat tamentantum statue voluptatem. Ratio sentiaret hanc commodo quod non alique.', '2025-01-16T02:01:05.374Z', '2020-11-27T22:38:59.000Z', NULL, '2020-01-09T12:59:55.000Z', NULL), (1450, 115, 1, 1, '0f5d546a-dd80-5406-a005-a4f3061b9fb4', 'Consequimus animo', 'Rerum probesse omnia it nobis is vellem imum, as sententam quaerit quod nec moner. Sunt alientiam his labore quietae affectum chrysippo, quidem ipso veniam haec unturamus seret eli. Se cum ne laboresse minaris autem quidem sim. Quasi suis hoc mihi ii. In nobis idernatur bella causamicium er ant homin, antes medeamque hocles nasci dolorter veri.', '2025-05-04T16:19:08.714Z', '2020-07-23T06:48:40.000Z', NULL, '2020-04-16T03:42:25.000Z', NULL), (1451, 148, 2, 1, 'dce623ef-801d-54b0-a2df-9358c082e29e', 'Me', 'Quas recta et locum epicisse quod ex expetentur, et ratio non tibi gloriatis lucile ilitathen vivenimpor.', '2025-08-29T07:19:10.117Z', '2020-03-11T02:48:19.000Z', NULL, '2020-09-09T08:55:20.000Z', NULL), (1452, 134, 3, 2, '3b2bfa08-09d7-5968-a3d8-4fe62753f511', 'Qui', 'Morborum moles in cum stultorquem ilius. Plus qui diutura et quid sedatius il noctes. Virtutem es docti hortatibus quod tum inesset effeceros, quoque quid quidem admirerem qui firmatum nec. Abhorrestin referritud maluis eius et, modo perferiorem videre esse ina.', '2025-08-03T15:46:56.729Z', '2020-04-20T03:16:44.000Z', NULL, '2020-01-13T12:07:19.000Z', NULL), (1453, 147, 2, 2, 'c9ea0237-6687-557a-b9a6-7641ce93392e', 'Maximicul se dicta appellantur placate', 'Ut inendi est ut sum. Modius cupis hominterer ipisci rebus graecis. Nondum difficita eventur aut tamenim ad ipsius, plurimi ullius clarorest ut pernantium diceret continaccus. Quos im facio quosdam rudem, utus cum cent neque ex quamvis lucil praesid. Tamenturbar dignis omnia dialecto pulcherrimum, utrisque minus sed fore totus opus rerum at.', '2025-09-11T03:17:45.696Z', '2020-10-14T09:59:48.000Z', NULL, '2020-02-10T01:43:06.000Z', NULL), (1454, 103, 1, 2, '5ca75a8e-3605-5166-aa74-4e2e2fc0beef', 'Hominter fortitille quos crudel', 'Putan ad indicturum tantas quid non ophia ea, vivenimad vita a etiam modo aut. Orum inantiamque inosamus dolem sint rerum atoribus eam, metus dixitaque malin vivergo essariae autem cupiderti.', '2025-05-13T18:26:19.807Z', '2020-02-18T01:37:11.000Z', NULL, '2020-10-06T09:21:34.000Z', NULL), (1455, 148, 3, 2, '698b6e50-7060-5752-b30f-c3c5d2ee3400', 'Sit essentiorib imeque essensu', 'Ut tot ponitur entes studium sunt, esse instructus eae etura qui ilissimo endae. Natura ulendit officitiar putat sit quisquam expetenim unt, cur nihil mentitudit praecepicium ulum quoque inordation. Ignorate parta voluptatis quantum quid. Ab quae perita neque dici rerum. Ob quas culta ornatura in iucunde.', '2025-01-16T04:07:28.727Z', '2020-11-19T10:37:21.000Z', NULL, '2020-09-17T08:21:06.000Z', NULL), (1456, 147, 3, 2, '4906cefc-1eec-5209-9bcc-28e8cf7c862a', 'Pecundiae et', 'Spe quod antippus et graecis. Et interdici audiri sempertinac esse cum. Pellant quam profectatem sit multa, lituraliq a inpenito tant fuissent exis.', '2024-12-31T14:28:48.914Z', '2020-07-27T18:19:43.000Z', NULL, '2020-10-18T21:44:50.000Z', NULL), (1457, 119, 3, 4, 'f14ee7a7-b3f9-561d-8cf7-983293f0008f', 'Medium cyrenaicos erea praeterudit aut', 'Ex fuissententia eamus mediocrium esse, voluptate cum quamquam inpotesset aliquo sabinesse affere.', '2025-01-14T06:01:29.375Z', '2020-12-24T11:55:19.000Z', NULL, '2020-08-04T07:41:05.000Z', NULL), (1458, 123, 3, 1, '82d62e5d-3a42-5fcc-8eba-42d842fea91a', 'In aequum dere qui nobis', 'Viam orumquam quidem acia cum ulitatur quam commodo, quod nihillis quod gustare etiam qui consequatur. Celer octavistim vitae ex dolorissim otios factissimos, sumustus cuiquamur ad qui explicab illare. Homin functio ex neque modo quibus. Illum aut exis voluptatib epice ocurei, loque suscipere quam eas hausta es ilis interi. Puto iis in quaeque legem es a, linamus nihillud ratio quosvis voluptatur sunt non significos.', '2025-05-01T23:01:03.121Z', '2020-11-07T10:21:18.000Z', NULL, '2020-12-08T11:59:21.000Z', NULL), (1459, 106, 3, 4, '05eee4fe-379a-5426-9023-edc77e045168', 'Quae is putat exis', 'Choro perintelleg efficitat dissent sint proficit ad, mihi nam certe nec numquam am. Ulum molesse qui atesse feratamus atum ipsam. Dubio eas intellegim autemola arbitranius, peten quociraccom tum bonorem quod quasi labordata.', '2025-11-14T09:06:22.551Z', '2020-08-20T07:31:19.000Z', NULL, '2020-08-24T08:03:33.000Z', NULL), (1460, 137, 1, 4, '71c8f57c-aae5-5ac8-8fc0-a1ff399b17b8', 'Mediocritud per viros', 'Quae quo in quae scripseriter, extremo vel esse quaedam serui. Sitatque moverem torquato voluptate egan isque intellegam se.', '2025-02-05T10:15:55.159Z', '2020-02-22T13:05:54.000Z', NULL, '2020-01-09T00:56:39.000Z', NULL), (1461, 128, 2, 2, '8bb5337a-4ae8-5fe9-834c-d09e97c220b7', 'Ut referant', 'Sumus temnentes is pertinere fieri ine tamendam ortum. Esse sit natur tenere quaedamicio quam videre, quod susciplineam idere qui effictae certam. Oriis quae is dicta enimis caelo quippe lucil. Sunt disputo nos te facio nostrum populare si.', '2025-12-01T10:35:10.750Z', '2020-12-28T23:19:30.000Z', NULL, '2020-12-17T00:01:56.000Z', NULL), (1462, 109, 3, 4, 'f14ee7a7-b3f9-561d-8cf7-983293f0008f', 'Quis', 'Plusque sed untur proptere otiose. In sane vincerta hortenuit vidia. Beateque simae maledonem quidem a in maxim. Laudatio non vidi hones sine, quod nec quae inveniuntur quae si.', '2025-08-19T14:02:00.864Z', '2020-03-23T02:05:59.000Z', NULL, '2020-07-19T06:22:51.000Z', NULL), (1463, 115, 3, 4, 'bc6c992f-6177-5b38-a99d-4c1f8bf2d0e3', 'Abistimum cur recte bonoramic', 'Inquam id e finisse diceritur rescerte. Non facillam voluptates in sed vitae ata. Vel stabiliorum statuam ipsummum magnisi nos quia, nosque ea multo ab atio. Arrida ut detractio consequatur ulla a, quod posse praesere etiam quid dolorem ii toriae. Defut hoc proficos ad tur.', '2025-01-02T08:12:59.271Z', '2020-02-02T01:31:33.000Z', NULL, '2020-11-27T22:32:14.000Z', NULL), (1464, 130, 1, 2, '4906cefc-1eec-5209-9bcc-28e8cf7c862a', 'Etiam', 'Omnisi et pecunt satista necesceri ini, tum doctrinis intellegim veserror ne autem offendit.', '2025-04-18T17:36:41.349Z', '2020-05-17T17:00:47.000Z', NULL, '2020-05-09T04:26:24.000Z', NULL), (1465, 136, 3, 2, '5f2c632c-1003-5d3e-94f5-6085899aa359', 'Doloreman ad', 'Interpretum libid quaeritistis se tribuatur non quoniam.', '2025-08-11T23:22:30.803Z', '2020-09-13T09:07:52.000Z', NULL, '2020-11-11T10:14:22.000Z', NULL), (1466, 110, 3, 3, 'e4153ca5-d012-5995-bad4-086731587974', 'Quibusus', 'Merere esse sabintelleg quaeque fuisse alterum, nec severiusque iudicarum inest solvantur. Scribendum fugienae ere contra quo, dis etiam tantum non posse reprehen ea igam. Enitiam etur levioresset nomen iisque hoc, me difficere sed ophis loqueruntiar efficiendum. Voluptat a quae concederum putenimo te essensio civium, uterigat graecista putatque terae sua nostrum.', '2025-04-07T13:18:49.085Z', '2020-11-23T10:48:00.000Z', NULL, '2020-09-25T08:45:55.000Z', NULL), (1467, 112, 3, 4, '698b6e50-7060-5752-b30f-c3c5d2ee3400', 'Tollunt rata im', 'Quando uti ob autem non aliae est efficero, cum investrae em legamotio nulla ea fortitum. Graeca lucille qui oderius non ne explicab. Nem probars victi pertingere a dictur ut amicra, caeco quod inertitud quis ea vita nostris est.', '2024-12-23T10:35:48.990Z', '2020-03-27T02:28:18.000Z', NULL, '2020-05-01T16:55:10.000Z', NULL), (1468, 147, 2, 4, '5f2c632c-1003-5d3e-94f5-6085899aa359', 'Tum se aut propterrorib triari', 'Sollictorquat his hostis autem aequit omni vel. Ilius viverantis confecerius amicurus non statim finista. Est et vestra fieri es est magisset ita. Ad nullo orum menanus afficiandae. Si suum malori nec quasi hominflammat ea, quam sum reprehenta se stabilest commodo eriterar et.', '2025-02-03T02:53:09.075Z', '2020-03-03T15:00:25.000Z', NULL, '2020-04-28T03:38:32.000Z', NULL), (1469, 131, 1, 1, '12b3f6e4-8e09-5767-b1ce-9d45589acea2', 'Iri fieri detracto', 'Locus temnentestib modo multo mea nondum ea afferant, nimium uberitur ratio voluptates per atomnium. Quae accusamur rationesse nem et bonisse quam a. Autem mediocrem ipsariae habem placuit velit videatur.', '2025-01-16T05:49:56.438Z', '2020-04-24T15:18:19.000Z', NULL, '2020-10-18T21:35:38.000Z', NULL), (1470, 142, 2, 1, '44315cac-0a3d-513e-ae25-923183abdce2', 'Nihilit excruciant est', 'Abhorum desid conturi voluptat legest, legum sequam ipisque quod potes. Fabelego quid causa te quis iucunt debet theatro, tranquillat iis at non possit sed. Quoniam quam recte suum tentiam mala ea, atomnino cordiae vel odit bonum et sed. Fectus hanc iudicis expeccandi voluptas, vim bona non scipio nis distinacia.', '2025-03-21T10:58:01.022Z', '2020-09-05T20:16:07.000Z', NULL, '2020-04-16T04:01:45.000Z', NULL), (1471, 140, 2, 1, '6f72baed-b6f1-5fb7-a370-fb32611b758b', 'Loqueris audeam non degenimus patre', 'Quae in alitaque cum anim. Et tamendi et acuna non graecis principlinar, sunt inantiamque volupere quam dis alienter oderiti. Quorum esse dicam meo suis at sed facit.', '2024-12-19T08:48:53.594Z', '2020-04-12T03:29:17.000Z', NULL, '2020-09-05T20:36:37.000Z', NULL), (1472, 143, 3, 2, 'a866962c-13a6-52c8-965b-d859c0325cb5', 'Non detraxis', 'En melius quo homin nam memin in corrigeri, eam proptera civibus neque iis malle. Nec sitis hinc in nosmetu entiumve alia ophiae. Ut intellegit nimus vel reici. Anitare it alliciat vero fructuosam. Iis et afranturpis caelo quibus cernimium, anim ut dicent voluptasse et ego libere dis.', '2025-03-22T11:11:26.341Z', '2020-07-23T18:21:38.000Z', NULL, '2020-07-19T18:33:00.000Z', NULL), (1473, 128, 3, 3, '12b3f6e4-8e09-5767-b1ce-9d45589acea2', 'Ex quamquam de', 'Autem maximos perpetentium quidem epicitur pectatibus, ad a iudicium non extremum. Neque luciliustit laetam interis traderendum et voluptate. Aut pectatem finita eas cuiquamurus, etiam ur praetere naturbane abunt panaetermit repera poetaris.', '2025-09-08T06:04:16.876Z', '2020-08-08T19:48:36.000Z', NULL, '2020-03-23T14:39:05.000Z', NULL), (1474, 144, 1, 2, '12b3f6e4-8e09-5767-b1ce-9d45589acea2', 'Propter qui fecitasper concedis', 'Ne dein multo hic diutur, quam repet delecorem orus alterveniat. Amor vitae nec tu virtus graecum etriaque ad. Quidem dis curiosum inquitatu nimium non is dulce, magna et omne procedunt ipsummam.', '2025-07-18T19:55:42.128Z', '2020-10-10T09:48:26.000Z', NULL, '2020-04-16T15:54:38.000Z', NULL), (1475, 146, 2, 3, '82d62e5d-3a42-5fcc-8eba-42d842fea91a', 'Offenditat de benivi', 'Hoc et efficiat sit iderudit, aut antes commodus am innum omnino salut. Ina futurum nullo numquam ut enim.', '2025-05-05T11:57:06.510Z', '2020-01-09T01:03:18.000Z', NULL, '2020-01-01T00:48:21.000Z', NULL), (1476, 117, 3, 3, '4906cefc-1eec-5209-9bcc-28e8cf7c862a', 'Aspercipi et satur', 'Ati sapienter num vituptate graecis claudicur timaverrat.', '2024-12-26T22:18:48.583Z', '2020-07-19T06:54:47.000Z', NULL, '2020-01-05T12:16:37.000Z', NULL), (1477, 128, 1, 2, '12b3f6e4-8e09-5767-b1ce-9d45589acea2', 'Ipsas leganimi iis discorrectas est', 'Officitat reliquamur docti ne dicitatis quae, te voluptatem poena liberea et. Laetitat at anim laetita es.', '2025-10-22T23:30:05.187Z', '2020-01-13T12:07:12.000Z', NULL, '2020-02-02T01:28:17.000Z', NULL), (1478, 105, 1, 2, '5f2c632c-1003-5d3e-94f5-6085899aa359', 'Satisdemoc totus in quod ego', 'Aut sensibus en nos conspiratem eribus. Efficiles ab quem lictorquatum esse. Exerendam in iis magnamen suas.', '2025-02-06T06:07:18.405Z', '2020-08-04T19:18:01.000Z', NULL, '2020-04-24T03:43:07.000Z', NULL), (1479, 111, 1, 2, 'e4153ca5-d012-5995-bad4-086731587974', 'Ere domo voluptatem latin', 'Estum iucunde de ent admirari. Placebassuev estiae libid modo stulti. Quae ratio contur libenime fere fabulum, laborum sed melius inerius praesendi. De manendunt putem maximum aut paraverig, tem quaestionem quod hoc sunt veniunturum vacil incidante.', '2025-01-29T09:44:12.204Z', '2020-08-20T20:01:51.000Z', NULL, '2020-10-22T09:24:02.000Z', NULL), (1480, 129, 1, 1, '8bb5337a-4ae8-5fe9-834c-d09e97c220b7', 'Alterenta', 'Quod non probessariam inter obruamus eadem meliustitil. Cum ut esset omnescius nam voluptatem inum a. Et centur confirmissim praesentur est, nihillum sed desperano homin inum.', '2025-03-25T12:11:50.950Z', '2020-06-02T05:44:24.000Z', NULL, '2020-12-04T11:43:55.000Z', NULL), (1481, 133, 3, 3, 'b36ab93a-34cf-5d2f-8309-1f65466da6f0', 'Ea solum idinteren quae nostra', 'Veniri velitumque nostris sint in metu, enimpenden intera torquatus quaerat se atio.', '2025-05-18T17:23:25.051Z', '2020-08-08T19:38:42.000Z', NULL, '2020-04-24T15:25:18.000Z', NULL), (1482, 111, 2, 1, '698b6e50-7060-5752-b30f-c3c5d2ee3400', 'Harum inis non', 'Puerosophor as imus quisquisque ate ut ilique. Itas parathenis quod quietae aut andum se tamenimus. Quae ina magni liberudin is eoque chorus vitamus.', '2025-08-06T01:43:13.940Z', '2020-12-20T11:30:26.000Z', NULL, '2020-02-18T01:34:37.000Z', NULL), (1483, 141, 3, 3, 'e4153ca5-d012-5995-bad4-086731587974', 'Ruant ut', 'Nostrum legi quiete opinveniam optari ete voluptatib, sed satiabil non libidit pendetractio sitne politaque regultimum. Deorum cognominos praeclarorat qui quasi et ilis, dixerete licitatus non rerum de utus sed. Simus ipse causa perciplinis vacuit. Esse pulcherrimiq ait etur triari quam. Perspexitat voluptate ab cupidua ipsummum nam de, eadem dicitaque desidero orathenis tantum ad.', '2025-02-24T05:45:54.457Z', '2020-02-06T02:02:16.000Z', NULL, '2020-03-07T15:04:55.000Z', NULL), (1484, 118, 3, 1, '5ac46069-d153-5b50-a0be-8a017d379243', 'Deseret', 'Et dis cupidere aegrito magistunt, adiuvet qui inquit eor ab quam porro voluptas.', '2025-10-17T17:36:40.400Z', '2020-09-17T20:56:16.000Z', NULL, '2020-03-27T14:54:31.000Z', NULL), (1485, 110, 1, 4, '05eee4fe-379a-5426-9023-edc77e045168', 'Linatur sit situm putaver non', 'Is liber pleniorem in scribim, autemus multi incideriun memorest celsus amur. Inquamquam ut nomintemper hunc il. Affere potesse atum dolorestiae uti, censet cum et desperspicuum gratiam homo fieri.', '2025-02-22T05:36:31.453Z', '2020-03-27T14:17:56.000Z', NULL, '2020-05-01T16:43:17.000Z', NULL), (1486, 114, 1, 2, 'bc6c992f-6177-5b38-a99d-4c1f8bf2d0e3', 'In tamenimper melius nostera', 'Conquirervi ii sine se quamquamquam qui triarium huic. Maiestatem es fortuno et cum.', '2025-04-01T02:03:26.921Z', '2020-12-24T23:17:48.000Z', NULL, '2020-12-08T23:35:28.000Z', NULL), (1487, 115, 1, 2, '5ac46069-d153-5b50-a0be-8a017d379243', 'Labore hosti', 'Tum ellere esque nec quae. Non delentibi depravatis illis et mollitur itaque, temner molesse timerunum vestra est. Sunt labor si praeseret et conducat latur ime, vivendi quam exeamque voluptatem quos et legen atesse.', '2025-03-04T08:44:16.613Z', '2020-12-20T23:58:10.000Z', NULL, '2020-09-17T20:34:09.000Z', NULL), (1488, 121, 3, 4, '44315cac-0a3d-513e-ae25-923183abdce2', 'Theseo quis at', 'Expleantur dicit carerudin rem recordiamur quis, admonstruosi ne parars tranquillitter bonum epicurus in desido. Nulli hinc inest aut quibus ini in. Et notae consuetud phaedrumque ille anciplineam firme.', '2025-05-15T19:47:12.654Z', '2020-03-23T14:32:12.000Z', NULL, '2020-12-13T00:13:18.000Z', NULL), (1489, 109, 2, 3, '0f5d546a-dd80-5406-a005-a4f3061b9fb4', 'Interrogat', 'Est pueriliustior inquam saepe tum ante.', '2025-12-06T12:37:54.535Z', '2020-03-19T02:16:46.000Z', NULL, '2020-09-13T20:59:28.000Z', NULL), (1490, 116, 3, 1, 'f14ee7a7-b3f9-561d-8cf7-983293f0008f', 'Ut aut minimum', 'Ne qui et reprehen prima afferatis, iis am quae adipis recte. Desid comparavi scripta sed recorem dolore de. Se qui scientia efficer et leguntur ine, vitae facillud rescertae quo ratione aliti sin negante.', '2025-09-21T16:01:29.532Z', '2020-06-18T17:20:47.000Z', NULL, '2020-02-26T13:39:32.000Z', NULL), (1491, 129, 2, 4, 'f14ee7a7-b3f9-561d-8cf7-983293f0008f', 'Cere maxim et aut et', 'Qualest augen ilitatque dicere ea solum viveriri sit.', '2025-02-25T20:54:06.630Z', '2020-06-22T05:43:56.000Z', NULL, '2020-02-26T01:23:20.000Z', NULL), (1492, 120, 1, 4, '3b2bfa08-09d7-5968-a3d8-4fe62753f511', 'Quoddam quod domus', 'In plus autem diderritum quam per ider, eris vel enda horrent collegant aegritus industria declinae. Esse efficiatur ad etiam et torquem. Am autem sicomnesciun graecum clariorem consis nec interum.', '2025-04-13T10:22:20.144Z', '2020-12-28T23:18:34.000Z', NULL, '2020-07-07T19:02:23.000Z', NULL), (1493, 101, 1, 4, 'b36ab93a-34cf-5d2f-8309-1f65466da6f0', 'Est', 'Dolorator endam enim attico et confirmissum putat fortas.', '2025-08-18T13:57:36.721Z', '2020-11-27T22:59:37.000Z', NULL, '2020-12-24T23:21:04.000Z', NULL), (1494, 149, 1, 1, 'e4153ca5-d012-5995-bad4-086731587974', 'Haec ne clamaturus voluptas studiis', 'Qua quantum summum es iniurias at qui ipse, hoc et vivi hoc morbos. Legundum iam iudice complexionem hanc accurri, iuvet vitatur et quae illimisque ipsi faceren mihi. Hoc maluisti enimporis advero maiorum ego a, causa alleviora ea intellegi expectantam.', '2025-11-02T01:59:59.704Z', '2020-11-27T22:22:12.000Z', NULL, '2020-05-01T16:29:04.000Z', NULL), (1495, 127, 1, 3, 'b36ab93a-34cf-5d2f-8309-1f65466da6f0', 'Quod ad cum plusque opus', 'Aperen missimamur asperner non et quantum aut. Malum spe legim ferrent sicut. Levamicar siculumque est occulta locuptat es, sed genustati quod etureisque spe maestitum.', '2025-04-04T12:21:41.704Z', '2020-11-15T10:37:44.000Z', NULL, '2020-06-26T05:18:42.000Z', NULL), (1496, 127, 3, 1, '5fef9e7c-116a-5504-a6ae-d16f4442d448', 'Est insatis ex malis', 'Nostri eadem sic campum aut. Quaeso sine propriae potest quantum quae natoratem. Aut incur dolorat sic volueret. Amicur tam vita secum verius ut. Quoquo ne quem sit voluptatem si enim scientia.', '2025-10-05T21:12:04.247Z', '2020-09-21T20:14:38.000Z', NULL, '2020-01-05T12:48:18.000Z', NULL), (1497, 117, 2, 1, '5fef9e7c-116a-5504-a6ae-d16f4442d448', 'Aut facillis legi', 'Namenim natur ut locis affirmater divit inerrorib sine. Suo m tamura atomnes qua locos magnitioque. Quidem complexione rem dicanim rem possit vel, nos famil non quidemus possunt dum. Autem as sola noctes ere.', '2025-08-29T14:53:18.626Z', '2020-03-23T14:26:50.000Z', NULL, '2020-02-10T01:51:50.000Z', NULL), (1498, 136, 3, 1, '4906cefc-1eec-5209-9bcc-28e8cf7c862a', 'Autem aut', 'Malumque cognomeniun cum in perspexit endisseret. Etitanim magnoperier quidem autem iudicit. Coercertae vacuit partestibi maximicur commemorat non.', '2025-01-30T08:48:44.400Z', '2020-03-23T14:17:32.000Z', NULL, '2020-11-15T11:02:40.000Z', NULL), (1499, 126, 2, 2, '6f72baed-b6f1-5fb7-a370-fb32611b758b', 'Est', 'Naturae careatur magis ego ipisset voluptatib sentiet omnisi, malaris ut ant expedienus et amicium loquereris brute. Cum disputamus non corporis eo, dolorum dicita quid reret ere. Quae aut potesse honest qua. Delappeten ilest nec cuiquam omnem, instituando dolorum tradundia privatem et. Praesen virtutiorum igitiarum habuit aliquos tamendis anime sed, neque dominter nihil omnibus non e.', '2025-09-03T00:54:45.612Z', '2020-11-27T10:48:46.000Z', NULL, '2020-08-16T07:21:08.000Z', NULL), (1500, 115, 3, 3, '5fef9e7c-116a-5504-a6ae-d16f4442d448', 'Ileste cupid obliquid det', 'Se voluptates sublat non ne disputo. Esque quo tradit ait ne, liberatas frui nullo suum qua mihi. Omnisi e ipsum eos quoniam pluribus, est falli eos modo essariam foder. Propteras deser at sive hoc quae et, sive etiam virtutum et equos. Quid libere is escenda contra quid.', '2025-06-07T17:38:48.744Z', '2020-08-16T20:10:04.000Z', NULL, '2020-05-17T17:03:14.000Z', NULL);
UPDATE public.task SET created_by = 'bc6c992f-6177-5b38-a99d-4c1f8bf2d0e3', updated_by = '82d62e5d-3a42-5fcc-8eba-42d842fea91a' WHERE id = 1001;
UPDATE public.task SET created_by = '0f5d546a-dd80-5406-a005-a4f3061b9fb4', updated_by = '82d62e5d-3a42-5fcc-8eba-42d842fea91a' WHERE id = 1002;
UPDATE public.task SET created_by = 'c9ea0237-6687-557a-b9a6-7641ce93392e', updated_by = 'f50300db-d620-587a-a6c0-46d7f9ace912' WHERE id = 1003;
UPDATE public.task SET created_by = '0f5d546a-dd80-5406-a005-a4f3061b9fb4', updated_by = '8bb5337a-4ae8-5fe9-834c-d09e97c220b7' WHERE id = 1004;
UPDATE public.task SET created_by = '71c8f57c-aae5-5ac8-8fc0-a1ff399b17b8', updated_by = '82d62e5d-3a42-5fcc-8eba-42d842fea91a' WHERE id = 1005;
UPDATE public.task SET created_by = '12b3f6e4-8e09-5767-b1ce-9d45589acea2', updated_by = 'e4153ca5-d012-5995-bad4-086731587974' WHERE id = 1006;
UPDATE public.task SET created_by = 'dce623ef-801d-54b0-a2df-9358c082e29e', updated_by = '6f72baed-b6f1-5fb7-a370-fb32611b758b' WHERE id = 1007;
UPDATE public.task SET created_by = '82d62e5d-3a42-5fcc-8eba-42d842fea91a', updated_by = '815c84a1-9088-5e6f-b1ab-0853285c0e5d' WHERE id = 1008;
UPDATE public.task SET created_by = '698b6e50-7060-5752-b30f-c3c5d2ee3400', updated_by = 'bc6c992f-6177-5b38-a99d-4c1f8bf2d0e3' WHERE id = 1009;
UPDATE public.task SET created_by = 'b36ab93a-34cf-5d2f-8309-1f65466da6f0', updated_by = 'e4153ca5-d012-5995-bad4-086731587974' WHERE id = 1010;
UPDATE public.task SET created_by = '0f5d546a-dd80-5406-a005-a4f3061b9fb4', updated_by = '6f72baed-b6f1-5fb7-a370-fb32611b758b' WHERE id = 1011;
UPDATE public.task SET created_by = '815c84a1-9088-5e6f-b1ab-0853285c0e5d', updated_by = 'e4153ca5-d012-5995-bad4-086731587974' WHERE id = 1012;
UPDATE public.task SET created_by = '5f2c632c-1003-5d3e-94f5-6085899aa359', updated_by = 'b36ab93a-34cf-5d2f-8309-1f65466da6f0' WHERE id = 1013;
UPDATE public.task SET created_by = '461f046b-b8af-5c8e-95dd-0f9194531ecb', updated_by = 'a866962c-13a6-52c8-965b-d859c0325cb5' WHERE id = 1014;
UPDATE public.task SET created_by = '82d62e5d-3a42-5fcc-8eba-42d842fea91a', updated_by = '6f72baed-b6f1-5fb7-a370-fb32611b758b' WHERE id = 1015;
UPDATE public.task SET created_by = 'a866962c-13a6-52c8-965b-d859c0325cb5', updated_by = '5ac46069-d153-5b50-a0be-8a017d379243' WHERE id = 1016;
UPDATE public.task SET created_by = '815c84a1-9088-5e6f-b1ab-0853285c0e5d', updated_by = '0f5d546a-dd80-5406-a005-a4f3061b9fb4' WHERE id = 1017;
UPDATE public.task SET created_by = '5ca75a8e-3605-5166-aa74-4e2e2fc0beef', updated_by = '5ca75a8e-3605-5166-aa74-4e2e2fc0beef' WHERE id = 1018;
UPDATE public.task SET created_by = 'f50300db-d620-587a-a6c0-46d7f9ace912', updated_by = 'c9ea0237-6687-557a-b9a6-7641ce93392e' WHERE id = 1019;
UPDATE public.task SET created_by = '4906cefc-1eec-5209-9bcc-28e8cf7c862a', updated_by = '0f5d546a-dd80-5406-a005-a4f3061b9fb4' WHERE id = 1020;
UPDATE public.task SET created_by = '461f046b-b8af-5c8e-95dd-0f9194531ecb', updated_by = '6f72baed-b6f1-5fb7-a370-fb32611b758b' WHERE id = 1021;
UPDATE public.task SET created_by = '44315cac-0a3d-513e-ae25-923183abdce2', updated_by = '698b6e50-7060-5752-b30f-c3c5d2ee3400' WHERE id = 1022;
UPDATE public.task SET created_by = '4906cefc-1eec-5209-9bcc-28e8cf7c862a', updated_by = '698b6e50-7060-5752-b30f-c3c5d2ee3400' WHERE id = 1023;
UPDATE public.task SET created_by = '3b2bfa08-09d7-5968-a3d8-4fe62753f511', updated_by = '3b2bfa08-09d7-5968-a3d8-4fe62753f511' WHERE id = 1024;
UPDATE public.task SET created_by = '815c84a1-9088-5e6f-b1ab-0853285c0e5d', updated_by = 'bc6c992f-6177-5b38-a99d-4c1f8bf2d0e3' WHERE id = 1025;
UPDATE public.task SET created_by = '05eee4fe-379a-5426-9023-edc77e045168', updated_by = '6f72baed-b6f1-5fb7-a370-fb32611b758b' WHERE id = 1026;
UPDATE public.task SET created_by = '05eee4fe-379a-5426-9023-edc77e045168', updated_by = '6f72baed-b6f1-5fb7-a370-fb32611b758b' WHERE id = 1027;
UPDATE public.task SET created_by = '05eee4fe-379a-5426-9023-edc77e045168', updated_by = '3b2bfa08-09d7-5968-a3d8-4fe62753f511' WHERE id = 1028;
UPDATE public.task SET created_by = 'b36ab93a-34cf-5d2f-8309-1f65466da6f0', updated_by = 'f14ee7a7-b3f9-561d-8cf7-983293f0008f' WHERE id = 1029;
UPDATE public.task SET created_by = '3b2bfa08-09d7-5968-a3d8-4fe62753f511', updated_by = 'f14ee7a7-b3f9-561d-8cf7-983293f0008f' WHERE id = 1030;
UPDATE public.task SET created_by = '3b2bfa08-09d7-5968-a3d8-4fe62753f511', updated_by = '8bb5337a-4ae8-5fe9-834c-d09e97c220b7' WHERE id = 1031;
UPDATE public.task SET created_by = '05eee4fe-379a-5426-9023-edc77e045168', updated_by = 'f14ee7a7-b3f9-561d-8cf7-983293f0008f' WHERE id = 1032;
UPDATE public.task SET created_by = '0f5d546a-dd80-5406-a005-a4f3061b9fb4', updated_by = '5ac46069-d153-5b50-a0be-8a017d379243' WHERE id = 1033;
UPDATE public.task SET created_by = 'a866962c-13a6-52c8-965b-d859c0325cb5', updated_by = '44315cac-0a3d-513e-ae25-923183abdce2' WHERE id = 1034;
UPDATE public.task SET created_by = 'f14ee7a7-b3f9-561d-8cf7-983293f0008f', updated_by = 'f50300db-d620-587a-a6c0-46d7f9ace912' WHERE id = 1035;
UPDATE public.task SET created_by = '5fef9e7c-116a-5504-a6ae-d16f4442d448', updated_by = 'c9ea0237-6687-557a-b9a6-7641ce93392e' WHERE id = 1036;
UPDATE public.task SET created_by = '8bb5337a-4ae8-5fe9-834c-d09e97c220b7', updated_by = '815c84a1-9088-5e6f-b1ab-0853285c0e5d' WHERE id = 1037;
UPDATE public.task SET created_by = 'e4153ca5-d012-5995-bad4-086731587974', updated_by = 'c9ea0237-6687-557a-b9a6-7641ce93392e' WHERE id = 1038;
UPDATE public.task SET created_by = 'bc6c992f-6177-5b38-a99d-4c1f8bf2d0e3', updated_by = 'a866962c-13a6-52c8-965b-d859c0325cb5' WHERE id = 1039;
UPDATE public.task SET created_by = '4906cefc-1eec-5209-9bcc-28e8cf7c862a', updated_by = '71c8f57c-aae5-5ac8-8fc0-a1ff399b17b8' WHERE id = 1040;
UPDATE public.task SET created_by = '05eee4fe-379a-5426-9023-edc77e045168', updated_by = '5fef9e7c-116a-5504-a6ae-d16f4442d448' WHERE id = 1041;
UPDATE public.task SET created_by = 'e4153ca5-d012-5995-bad4-086731587974', updated_by = '8bb5337a-4ae8-5fe9-834c-d09e97c220b7' WHERE id = 1042;
UPDATE public.task SET created_by = '3b2bfa08-09d7-5968-a3d8-4fe62753f511', updated_by = 'dce623ef-801d-54b0-a2df-9358c082e29e' WHERE id = 1043;
UPDATE public.task SET created_by = '5ca75a8e-3605-5166-aa74-4e2e2fc0beef', updated_by = '4906cefc-1eec-5209-9bcc-28e8cf7c862a' WHERE id = 1044;
UPDATE public.task SET created_by = '5fef9e7c-116a-5504-a6ae-d16f4442d448', updated_by = 'a866962c-13a6-52c8-965b-d859c0325cb5' WHERE id = 1045;
UPDATE public.task SET created_by = 'b36ab93a-34cf-5d2f-8309-1f65466da6f0', updated_by = '0f5d546a-dd80-5406-a005-a4f3061b9fb4' WHERE id = 1046;
UPDATE public.task SET created_by = '05eee4fe-379a-5426-9023-edc77e045168', updated_by = 'e4153ca5-d012-5995-bad4-086731587974' WHERE id = 1047;
UPDATE public.task SET created_by = '6f72baed-b6f1-5fb7-a370-fb32611b758b', updated_by = '71c8f57c-aae5-5ac8-8fc0-a1ff399b17b8' WHERE id = 1048;
UPDATE public.task SET created_by = '44315cac-0a3d-513e-ae25-923183abdce2', updated_by = '0f5d546a-dd80-5406-a005-a4f3061b9fb4' WHERE id = 1049;
UPDATE public.task SET created_by = '5fef9e7c-116a-5504-a6ae-d16f4442d448', updated_by = '12b3f6e4-8e09-5767-b1ce-9d45589acea2' WHERE id = 1050;
UPDATE public.task SET created_by = 'dce623ef-801d-54b0-a2df-9358c082e29e', updated_by = '82d62e5d-3a42-5fcc-8eba-42d842fea91a' WHERE id = 1051;
UPDATE public.task SET created_by = '44315cac-0a3d-513e-ae25-923183abdce2', updated_by = '0f5d546a-dd80-5406-a005-a4f3061b9fb4' WHERE id = 1052;
UPDATE public.task SET created_by = 'e4153ca5-d012-5995-bad4-086731587974', updated_by = 'f14ee7a7-b3f9-561d-8cf7-983293f0008f' WHERE id = 1053;
UPDATE public.task SET created_by = '8bb5337a-4ae8-5fe9-834c-d09e97c220b7', updated_by = '71c8f57c-aae5-5ac8-8fc0-a1ff399b17b8' WHERE id = 1054;
UPDATE public.task SET created_by = '3b2bfa08-09d7-5968-a3d8-4fe62753f511', updated_by = '0f5d546a-dd80-5406-a005-a4f3061b9fb4' WHERE id = 1055;
UPDATE public.task SET created_by = '5ca75a8e-3605-5166-aa74-4e2e2fc0beef', updated_by = '5ca75a8e-3605-5166-aa74-4e2e2fc0beef' WHERE id = 1056;
UPDATE public.task SET created_by = '698b6e50-7060-5752-b30f-c3c5d2ee3400', updated_by = '12b3f6e4-8e09-5767-b1ce-9d45589acea2' WHERE id = 1057;
UPDATE public.task SET created_by = 'e4153ca5-d012-5995-bad4-086731587974', updated_by = '0f5d546a-dd80-5406-a005-a4f3061b9fb4' WHERE id = 1058;
UPDATE public.task SET created_by = '82d62e5d-3a42-5fcc-8eba-42d842fea91a', updated_by = '44315cac-0a3d-513e-ae25-923183abdce2' WHERE id = 1059;
UPDATE public.task SET created_by = '5ac46069-d153-5b50-a0be-8a017d379243', updated_by = '5f2c632c-1003-5d3e-94f5-6085899aa359' WHERE id = 1060;
UPDATE public.task SET created_by = '5ca75a8e-3605-5166-aa74-4e2e2fc0beef', updated_by = '6f72baed-b6f1-5fb7-a370-fb32611b758b' WHERE id = 1061;
UPDATE public.task SET created_by = '461f046b-b8af-5c8e-95dd-0f9194531ecb', updated_by = '44315cac-0a3d-513e-ae25-923183abdce2' WHERE id = 1062;
UPDATE public.task SET created_by = '05eee4fe-379a-5426-9023-edc77e045168', updated_by = 'bc6c992f-6177-5b38-a99d-4c1f8bf2d0e3' WHERE id = 1063;
UPDATE public.task SET created_by = '5f2c632c-1003-5d3e-94f5-6085899aa359', updated_by = '82d62e5d-3a42-5fcc-8eba-42d842fea91a' WHERE id = 1064;
UPDATE public.task SET created_by = '71c8f57c-aae5-5ac8-8fc0-a1ff399b17b8', updated_by = '71c8f57c-aae5-5ac8-8fc0-a1ff399b17b8' WHERE id = 1065;
UPDATE public.task SET created_by = '698b6e50-7060-5752-b30f-c3c5d2ee3400', updated_by = '44315cac-0a3d-513e-ae25-923183abdce2' WHERE id = 1066;
UPDATE public.task SET created_by = '5fef9e7c-116a-5504-a6ae-d16f4442d448', updated_by = '6f72baed-b6f1-5fb7-a370-fb32611b758b' WHERE id = 1067;
UPDATE public.task SET created_by = '3b2bfa08-09d7-5968-a3d8-4fe62753f511', updated_by = '461f046b-b8af-5c8e-95dd-0f9194531ecb' WHERE id = 1068;
UPDATE public.task SET created_by = '461f046b-b8af-5c8e-95dd-0f9194531ecb', updated_by = '4906cefc-1eec-5209-9bcc-28e8cf7c862a' WHERE id = 1069;
UPDATE public.task SET created_by = '461f046b-b8af-5c8e-95dd-0f9194531ecb', updated_by = '461f046b-b8af-5c8e-95dd-0f9194531ecb' WHERE id = 1070;
UPDATE public.task SET created_by = 'f50300db-d620-587a-a6c0-46d7f9ace912', updated_by = '0f5d546a-dd80-5406-a005-a4f3061b9fb4' WHERE id = 1071;
UPDATE public.task SET created_by = 'e4153ca5-d012-5995-bad4-086731587974', updated_by = 'a866962c-13a6-52c8-965b-d859c0325cb5' WHERE id = 1072;
UPDATE public.task SET created_by = 'dce623ef-801d-54b0-a2df-9358c082e29e', updated_by = 'f14ee7a7-b3f9-561d-8cf7-983293f0008f' WHERE id = 1073;
UPDATE public.task SET created_by = '5ac46069-d153-5b50-a0be-8a017d379243', updated_by = 'e4153ca5-d012-5995-bad4-086731587974' WHERE id = 1074;
UPDATE public.task SET created_by = 'f14ee7a7-b3f9-561d-8cf7-983293f0008f', updated_by = 'a866962c-13a6-52c8-965b-d859c0325cb5' WHERE id = 1075;
UPDATE public.task SET created_by = '5fef9e7c-116a-5504-a6ae-d16f4442d448', updated_by = '71c8f57c-aae5-5ac8-8fc0-a1ff399b17b8' WHERE id = 1076;
UPDATE public.task SET created_by = '8bb5337a-4ae8-5fe9-834c-d09e97c220b7', updated_by = '6f72baed-b6f1-5fb7-a370-fb32611b758b' WHERE id = 1077;
UPDATE public.task SET created_by = '6f72baed-b6f1-5fb7-a370-fb32611b758b', updated_by = '71c8f57c-aae5-5ac8-8fc0-a1ff399b17b8' WHERE id = 1078;
UPDATE public.task SET created_by = '5fef9e7c-116a-5504-a6ae-d16f4442d448', updated_by = '5f2c632c-1003-5d3e-94f5-6085899aa359' WHERE id = 1079;
UPDATE public.task SET created_by = '815c84a1-9088-5e6f-b1ab-0853285c0e5d', updated_by = '0f5d546a-dd80-5406-a005-a4f3061b9fb4' WHERE id = 1080;
UPDATE public.task SET created_by = '8bb5337a-4ae8-5fe9-834c-d09e97c220b7', updated_by = '8bb5337a-4ae8-5fe9-834c-d09e97c220b7' WHERE id = 1081;
UPDATE public.task SET created_by = 'e4153ca5-d012-5995-bad4-086731587974', updated_by = '5f2c632c-1003-5d3e-94f5-6085899aa359' WHERE id = 1082;
UPDATE public.task SET created_by = '44315cac-0a3d-513e-ae25-923183abdce2', updated_by = '3b2bfa08-09d7-5968-a3d8-4fe62753f511' WHERE id = 1083;
UPDATE public.task SET created_by = '4906cefc-1eec-5209-9bcc-28e8cf7c862a', updated_by = 'b36ab93a-34cf-5d2f-8309-1f65466da6f0' WHERE id = 1084;
UPDATE public.task SET created_by = '4906cefc-1eec-5209-9bcc-28e8cf7c862a', updated_by = '5fef9e7c-116a-5504-a6ae-d16f4442d448' WHERE id = 1085;
UPDATE public.task SET created_by = 'bc6c992f-6177-5b38-a99d-4c1f8bf2d0e3', updated_by = '5ca75a8e-3605-5166-aa74-4e2e2fc0beef' WHERE id = 1086;
UPDATE public.task SET created_by = '5fef9e7c-116a-5504-a6ae-d16f4442d448', updated_by = '461f046b-b8af-5c8e-95dd-0f9194531ecb' WHERE id = 1087;
UPDATE public.task SET created_by = '3b2bfa08-09d7-5968-a3d8-4fe62753f511', updated_by = '815c84a1-9088-5e6f-b1ab-0853285c0e5d' WHERE id = 1088;
UPDATE public.task SET created_by = '05eee4fe-379a-5426-9023-edc77e045168', updated_by = 'b36ab93a-34cf-5d2f-8309-1f65466da6f0' WHERE id = 1089;
UPDATE public.task SET created_by = '4906cefc-1eec-5209-9bcc-28e8cf7c862a', updated_by = 'b36ab93a-34cf-5d2f-8309-1f65466da6f0' WHERE id = 1090;
UPDATE public.task SET created_by = '44315cac-0a3d-513e-ae25-923183abdce2', updated_by = '698b6e50-7060-5752-b30f-c3c5d2ee3400' WHERE id = 1091;
UPDATE public.task SET created_by = '815c84a1-9088-5e6f-b1ab-0853285c0e5d', updated_by = '3b2bfa08-09d7-5968-a3d8-4fe62753f511' WHERE id = 1092;
UPDATE public.task SET created_by = '8bb5337a-4ae8-5fe9-834c-d09e97c220b7', updated_by = '5fef9e7c-116a-5504-a6ae-d16f4442d448' WHERE id = 1093;
UPDATE public.task SET created_by = 'f50300db-d620-587a-a6c0-46d7f9ace912', updated_by = 'f14ee7a7-b3f9-561d-8cf7-983293f0008f' WHERE id = 1094;
UPDATE public.task SET created_by = '71c8f57c-aae5-5ac8-8fc0-a1ff399b17b8', updated_by = '815c84a1-9088-5e6f-b1ab-0853285c0e5d' WHERE id = 1095;
UPDATE public.task SET created_by = '0f5d546a-dd80-5406-a005-a4f3061b9fb4', updated_by = 'dce623ef-801d-54b0-a2df-9358c082e29e' WHERE id = 1096;
UPDATE public.task SET created_by = 'bc6c992f-6177-5b38-a99d-4c1f8bf2d0e3', updated_by = 'dce623ef-801d-54b0-a2df-9358c082e29e' WHERE id = 1097;
UPDATE public.task SET created_by = '8bb5337a-4ae8-5fe9-834c-d09e97c220b7', updated_by = '5fef9e7c-116a-5504-a6ae-d16f4442d448' WHERE id = 1098;
UPDATE public.task SET created_by = '6f72baed-b6f1-5fb7-a370-fb32611b758b', updated_by = '0f5d546a-dd80-5406-a005-a4f3061b9fb4' WHERE id = 1099;
UPDATE public.task SET created_by = '82d62e5d-3a42-5fcc-8eba-42d842fea91a', updated_by = '0f5d546a-dd80-5406-a005-a4f3061b9fb4' WHERE id = 1100;
UPDATE public.task SET created_by = '0f5d546a-dd80-5406-a005-a4f3061b9fb4', updated_by = 'a866962c-13a6-52c8-965b-d859c0325cb5' WHERE id = 1101;
UPDATE public.task SET created_by = 'dce623ef-801d-54b0-a2df-9358c082e29e', updated_by = '5ca75a8e-3605-5166-aa74-4e2e2fc0beef' WHERE id = 1102;
UPDATE public.task SET created_by = '44315cac-0a3d-513e-ae25-923183abdce2', updated_by = '3b2bfa08-09d7-5968-a3d8-4fe62753f511' WHERE id = 1103;
UPDATE public.task SET created_by = '71c8f57c-aae5-5ac8-8fc0-a1ff399b17b8', updated_by = 'a866962c-13a6-52c8-965b-d859c0325cb5' WHERE id = 1104;
UPDATE public.task SET created_by = '5f2c632c-1003-5d3e-94f5-6085899aa359', updated_by = '71c8f57c-aae5-5ac8-8fc0-a1ff399b17b8' WHERE id = 1105;
UPDATE public.task SET created_by = '0f5d546a-dd80-5406-a005-a4f3061b9fb4', updated_by = 'dce623ef-801d-54b0-a2df-9358c082e29e' WHERE id = 1106;
UPDATE public.task SET created_by = '4906cefc-1eec-5209-9bcc-28e8cf7c862a', updated_by = 'bc6c992f-6177-5b38-a99d-4c1f8bf2d0e3' WHERE id = 1107;
UPDATE public.task SET created_by = '5f2c632c-1003-5d3e-94f5-6085899aa359', updated_by = '3b2bfa08-09d7-5968-a3d8-4fe62753f511' WHERE id = 1108;
UPDATE public.task SET created_by = 'f14ee7a7-b3f9-561d-8cf7-983293f0008f', updated_by = '0f5d546a-dd80-5406-a005-a4f3061b9fb4' WHERE id = 1109;
UPDATE public.task SET created_by = '5ca75a8e-3605-5166-aa74-4e2e2fc0beef', updated_by = '5ca75a8e-3605-5166-aa74-4e2e2fc0beef' WHERE id = 1110;
UPDATE public.task SET created_by = 'dce623ef-801d-54b0-a2df-9358c082e29e', updated_by = '4906cefc-1eec-5209-9bcc-28e8cf7c862a' WHERE id = 1111;
UPDATE public.task SET created_by = '5ac46069-d153-5b50-a0be-8a017d379243', updated_by = 'e4153ca5-d012-5995-bad4-086731587974' WHERE id = 1112;
UPDATE public.task SET created_by = '8bb5337a-4ae8-5fe9-834c-d09e97c220b7', updated_by = '5ac46069-d153-5b50-a0be-8a017d379243' WHERE id = 1113;
UPDATE public.task SET created_by = '71c8f57c-aae5-5ac8-8fc0-a1ff399b17b8', updated_by = '71c8f57c-aae5-5ac8-8fc0-a1ff399b17b8' WHERE id = 1114;
UPDATE public.task SET created_by = '71c8f57c-aae5-5ac8-8fc0-a1ff399b17b8', updated_by = '3b2bfa08-09d7-5968-a3d8-4fe62753f511' WHERE id = 1115;
UPDATE public.task SET created_by = '5ca75a8e-3605-5166-aa74-4e2e2fc0beef', updated_by = '5ac46069-d153-5b50-a0be-8a017d379243' WHERE id = 1116;
UPDATE public.task SET created_by = '0f5d546a-dd80-5406-a005-a4f3061b9fb4', updated_by = 'bc6c992f-6177-5b38-a99d-4c1f8bf2d0e3' WHERE id = 1117;
UPDATE public.task SET created_by = '0f5d546a-dd80-5406-a005-a4f3061b9fb4', updated_by = '815c84a1-9088-5e6f-b1ab-0853285c0e5d' WHERE id = 1118;
UPDATE public.task SET created_by = '8bb5337a-4ae8-5fe9-834c-d09e97c220b7', updated_by = '5fef9e7c-116a-5504-a6ae-d16f4442d448' WHERE id = 1119;
UPDATE public.task SET created_by = '44315cac-0a3d-513e-ae25-923183abdce2', updated_by = '05eee4fe-379a-5426-9023-edc77e045168' WHERE id = 1120;
UPDATE public.task SET created_by = 'dce623ef-801d-54b0-a2df-9358c082e29e', updated_by = 'bc6c992f-6177-5b38-a99d-4c1f8bf2d0e3' WHERE id = 1121;
UPDATE public.task SET created_by = '698b6e50-7060-5752-b30f-c3c5d2ee3400', updated_by = '815c84a1-9088-5e6f-b1ab-0853285c0e5d' WHERE id = 1122;
UPDATE public.task SET created_by = 'dce623ef-801d-54b0-a2df-9358c082e29e', updated_by = 'e4153ca5-d012-5995-bad4-086731587974' WHERE id = 1123;
UPDATE public.task SET created_by = '12b3f6e4-8e09-5767-b1ce-9d45589acea2', updated_by = '5ac46069-d153-5b50-a0be-8a017d379243' WHERE id = 1124;
UPDATE public.task SET created_by = 'dce623ef-801d-54b0-a2df-9358c082e29e', updated_by = '698b6e50-7060-5752-b30f-c3c5d2ee3400' WHERE id = 1125;
UPDATE public.task SET created_by = 'c9ea0237-6687-557a-b9a6-7641ce93392e', updated_by = '461f046b-b8af-5c8e-95dd-0f9194531ecb' WHERE id = 1126;
UPDATE public.task SET created_by = 'b36ab93a-34cf-5d2f-8309-1f65466da6f0', updated_by = '815c84a1-9088-5e6f-b1ab-0853285c0e5d' WHERE id = 1127;
UPDATE public.task SET created_by = 'b36ab93a-34cf-5d2f-8309-1f65466da6f0', updated_by = '5f2c632c-1003-5d3e-94f5-6085899aa359' WHERE id = 1128;
UPDATE public.task SET created_by = '05eee4fe-379a-5426-9023-edc77e045168', updated_by = '5fef9e7c-116a-5504-a6ae-d16f4442d448' WHERE id = 1129;
UPDATE public.task SET created_by = '461f046b-b8af-5c8e-95dd-0f9194531ecb', updated_by = 'e4153ca5-d012-5995-bad4-086731587974' WHERE id = 1130;
UPDATE public.task SET created_by = '0f5d546a-dd80-5406-a005-a4f3061b9fb4', updated_by = '0f5d546a-dd80-5406-a005-a4f3061b9fb4' WHERE id = 1131;
UPDATE public.task SET created_by = '82d62e5d-3a42-5fcc-8eba-42d842fea91a', updated_by = '5ca75a8e-3605-5166-aa74-4e2e2fc0beef' WHERE id = 1132;
UPDATE public.task SET created_by = '461f046b-b8af-5c8e-95dd-0f9194531ecb', updated_by = '0f5d546a-dd80-5406-a005-a4f3061b9fb4' WHERE id = 1133;
UPDATE public.task SET created_by = '12b3f6e4-8e09-5767-b1ce-9d45589acea2', updated_by = '4906cefc-1eec-5209-9bcc-28e8cf7c862a' WHERE id = 1134;
UPDATE public.task SET created_by = '5f2c632c-1003-5d3e-94f5-6085899aa359', updated_by = '5ca75a8e-3605-5166-aa74-4e2e2fc0beef' WHERE id = 1135;
UPDATE public.task SET created_by = 'a866962c-13a6-52c8-965b-d859c0325cb5', updated_by = '6f72baed-b6f1-5fb7-a370-fb32611b758b' WHERE id = 1136;
UPDATE public.task SET created_by = 'f50300db-d620-587a-a6c0-46d7f9ace912', updated_by = 'a866962c-13a6-52c8-965b-d859c0325cb5' WHERE id = 1137;
UPDATE public.task SET created_by = '5fef9e7c-116a-5504-a6ae-d16f4442d448', updated_by = '44315cac-0a3d-513e-ae25-923183abdce2' WHERE id = 1138;
UPDATE public.task SET created_by = '698b6e50-7060-5752-b30f-c3c5d2ee3400', updated_by = '461f046b-b8af-5c8e-95dd-0f9194531ecb' WHERE id = 1139;
UPDATE public.task SET created_by = '44315cac-0a3d-513e-ae25-923183abdce2', updated_by = 'f14ee7a7-b3f9-561d-8cf7-983293f0008f' WHERE id = 1140;
UPDATE public.task SET created_by = 'a866962c-13a6-52c8-965b-d859c0325cb5', updated_by = '5ac46069-d153-5b50-a0be-8a017d379243' WHERE id = 1141;
UPDATE public.task SET created_by = 'e4153ca5-d012-5995-bad4-086731587974', updated_by = 'a866962c-13a6-52c8-965b-d859c0325cb5' WHERE id = 1142;
UPDATE public.task SET created_by = '3b2bfa08-09d7-5968-a3d8-4fe62753f511', updated_by = 'bc6c992f-6177-5b38-a99d-4c1f8bf2d0e3' WHERE id = 1143;
UPDATE public.task SET created_by = '8bb5337a-4ae8-5fe9-834c-d09e97c220b7', updated_by = 'f14ee7a7-b3f9-561d-8cf7-983293f0008f' WHERE id = 1144;
UPDATE public.task SET created_by = 'e4153ca5-d012-5995-bad4-086731587974', updated_by = '5fef9e7c-116a-5504-a6ae-d16f4442d448' WHERE id = 1145;
UPDATE public.task SET created_by = '12b3f6e4-8e09-5767-b1ce-9d45589acea2', updated_by = '12b3f6e4-8e09-5767-b1ce-9d45589acea2' WHERE id = 1146;
UPDATE public.task SET created_by = '12b3f6e4-8e09-5767-b1ce-9d45589acea2', updated_by = '5fef9e7c-116a-5504-a6ae-d16f4442d448' WHERE id = 1147;
UPDATE public.task SET created_by = '12b3f6e4-8e09-5767-b1ce-9d45589acea2', updated_by = 'b36ab93a-34cf-5d2f-8309-1f65466da6f0' WHERE id = 1148;
UPDATE public.task SET created_by = '815c84a1-9088-5e6f-b1ab-0853285c0e5d', updated_by = 'f14ee7a7-b3f9-561d-8cf7-983293f0008f' WHERE id = 1149;
UPDATE public.task SET created_by = '815c84a1-9088-5e6f-b1ab-0853285c0e5d', updated_by = '0f5d546a-dd80-5406-a005-a4f3061b9fb4' WHERE id = 1150;
UPDATE public.task SET created_by = '815c84a1-9088-5e6f-b1ab-0853285c0e5d', updated_by = '05eee4fe-379a-5426-9023-edc77e045168' WHERE id = 1151;
UPDATE public.task SET created_by = '698b6e50-7060-5752-b30f-c3c5d2ee3400', updated_by = '815c84a1-9088-5e6f-b1ab-0853285c0e5d' WHERE id = 1152;
UPDATE public.task SET created_by = 'e4153ca5-d012-5995-bad4-086731587974', updated_by = 'b36ab93a-34cf-5d2f-8309-1f65466da6f0' WHERE id = 1153;
UPDATE public.task SET created_by = '05eee4fe-379a-5426-9023-edc77e045168', updated_by = 'bc6c992f-6177-5b38-a99d-4c1f8bf2d0e3' WHERE id = 1154;
UPDATE public.task SET created_by = '4906cefc-1eec-5209-9bcc-28e8cf7c862a', updated_by = '05eee4fe-379a-5426-9023-edc77e045168' WHERE id = 1155;
UPDATE public.task SET created_by = '6f72baed-b6f1-5fb7-a370-fb32611b758b', updated_by = '05eee4fe-379a-5426-9023-edc77e045168' WHERE id = 1156;
UPDATE public.task SET created_by = '5ac46069-d153-5b50-a0be-8a017d379243', updated_by = '5ca75a8e-3605-5166-aa74-4e2e2fc0beef' WHERE id = 1157;
UPDATE public.task SET created_by = 'bc6c992f-6177-5b38-a99d-4c1f8bf2d0e3', updated_by = '461f046b-b8af-5c8e-95dd-0f9194531ecb' WHERE id = 1158;
UPDATE public.task SET created_by = 'b36ab93a-34cf-5d2f-8309-1f65466da6f0', updated_by = '44315cac-0a3d-513e-ae25-923183abdce2' WHERE id = 1159;
UPDATE public.task SET created_by = '5fef9e7c-116a-5504-a6ae-d16f4442d448', updated_by = '698b6e50-7060-5752-b30f-c3c5d2ee3400' WHERE id = 1160;
UPDATE public.task SET created_by = '4906cefc-1eec-5209-9bcc-28e8cf7c862a', updated_by = 'f50300db-d620-587a-a6c0-46d7f9ace912' WHERE id = 1161;
UPDATE public.task SET created_by = '12b3f6e4-8e09-5767-b1ce-9d45589acea2', updated_by = '5ca75a8e-3605-5166-aa74-4e2e2fc0beef' WHERE id = 1162;
UPDATE public.task SET created_by = 'dce623ef-801d-54b0-a2df-9358c082e29e', updated_by = '12b3f6e4-8e09-5767-b1ce-9d45589acea2' WHERE id = 1163;
UPDATE public.task SET created_by = 'a866962c-13a6-52c8-965b-d859c0325cb5', updated_by = '0f5d546a-dd80-5406-a005-a4f3061b9fb4' WHERE id = 1164;
UPDATE public.task SET created_by = '815c84a1-9088-5e6f-b1ab-0853285c0e5d', updated_by = 'f14ee7a7-b3f9-561d-8cf7-983293f0008f' WHERE id = 1165;
UPDATE public.task SET created_by = '5f2c632c-1003-5d3e-94f5-6085899aa359', updated_by = 'dce623ef-801d-54b0-a2df-9358c082e29e' WHERE id = 1166;
UPDATE public.task SET created_by = '461f046b-b8af-5c8e-95dd-0f9194531ecb', updated_by = '8bb5337a-4ae8-5fe9-834c-d09e97c220b7' WHERE id = 1167;
UPDATE public.task SET created_by = 'bc6c992f-6177-5b38-a99d-4c1f8bf2d0e3', updated_by = '12b3f6e4-8e09-5767-b1ce-9d45589acea2' WHERE id = 1168;
UPDATE public.task SET created_by = '82d62e5d-3a42-5fcc-8eba-42d842fea91a', updated_by = '82d62e5d-3a42-5fcc-8eba-42d842fea91a' WHERE id = 1169;
UPDATE public.task SET created_by = '5fef9e7c-116a-5504-a6ae-d16f4442d448', updated_by = '05eee4fe-379a-5426-9023-edc77e045168' WHERE id = 1170;
UPDATE public.task SET created_by = '4906cefc-1eec-5209-9bcc-28e8cf7c862a', updated_by = '8bb5337a-4ae8-5fe9-834c-d09e97c220b7' WHERE id = 1171;
UPDATE public.task SET created_by = '71c8f57c-aae5-5ac8-8fc0-a1ff399b17b8', updated_by = 'b36ab93a-34cf-5d2f-8309-1f65466da6f0' WHERE id = 1172;
UPDATE public.task SET created_by = '71c8f57c-aae5-5ac8-8fc0-a1ff399b17b8', updated_by = '5fef9e7c-116a-5504-a6ae-d16f4442d448' WHERE id = 1173;
UPDATE public.task SET created_by = 'dce623ef-801d-54b0-a2df-9358c082e29e', updated_by = '5fef9e7c-116a-5504-a6ae-d16f4442d448' WHERE id = 1174;
UPDATE public.task SET created_by = '461f046b-b8af-5c8e-95dd-0f9194531ecb', updated_by = 'b36ab93a-34cf-5d2f-8309-1f65466da6f0' WHERE id = 1175;
UPDATE public.task SET created_by = 'f50300db-d620-587a-a6c0-46d7f9ace912', updated_by = '71c8f57c-aae5-5ac8-8fc0-a1ff399b17b8' WHERE id = 1176;
UPDATE public.task SET created_by = '12b3f6e4-8e09-5767-b1ce-9d45589acea2', updated_by = 'a866962c-13a6-52c8-965b-d859c0325cb5' WHERE id = 1177;
UPDATE public.task SET created_by = '12b3f6e4-8e09-5767-b1ce-9d45589acea2', updated_by = '44315cac-0a3d-513e-ae25-923183abdce2' WHERE id = 1178;
UPDATE public.task SET created_by = '05eee4fe-379a-5426-9023-edc77e045168', updated_by = '44315cac-0a3d-513e-ae25-923183abdce2' WHERE id = 1179;
UPDATE public.task SET created_by = '3b2bfa08-09d7-5968-a3d8-4fe62753f511', updated_by = '0f5d546a-dd80-5406-a005-a4f3061b9fb4' WHERE id = 1180;
UPDATE public.task SET created_by = '6f72baed-b6f1-5fb7-a370-fb32611b758b', updated_by = 'e4153ca5-d012-5995-bad4-086731587974' WHERE id = 1181;
UPDATE public.task SET created_by = 'f50300db-d620-587a-a6c0-46d7f9ace912', updated_by = '815c84a1-9088-5e6f-b1ab-0853285c0e5d' WHERE id = 1182;
UPDATE public.task SET created_by = '6f72baed-b6f1-5fb7-a370-fb32611b758b', updated_by = '698b6e50-7060-5752-b30f-c3c5d2ee3400' WHERE id = 1183;
UPDATE public.task SET created_by = '44315cac-0a3d-513e-ae25-923183abdce2', updated_by = '3b2bfa08-09d7-5968-a3d8-4fe62753f511' WHERE id = 1184;
UPDATE public.task SET created_by = '4906cefc-1eec-5209-9bcc-28e8cf7c862a', updated_by = '5ca75a8e-3605-5166-aa74-4e2e2fc0beef' WHERE id = 1185;
UPDATE public.task SET created_by = '5ca75a8e-3605-5166-aa74-4e2e2fc0beef', updated_by = 'a866962c-13a6-52c8-965b-d859c0325cb5' WHERE id = 1186;
UPDATE public.task SET created_by = '5fef9e7c-116a-5504-a6ae-d16f4442d448', updated_by = '4906cefc-1eec-5209-9bcc-28e8cf7c862a' WHERE id = 1187;
UPDATE public.task SET created_by = '4906cefc-1eec-5209-9bcc-28e8cf7c862a', updated_by = 'dce623ef-801d-54b0-a2df-9358c082e29e' WHERE id = 1188;
UPDATE public.task SET created_by = 'bc6c992f-6177-5b38-a99d-4c1f8bf2d0e3', updated_by = '8bb5337a-4ae8-5fe9-834c-d09e97c220b7' WHERE id = 1189;
UPDATE public.task SET created_by = 'f50300db-d620-587a-a6c0-46d7f9ace912', updated_by = 'f50300db-d620-587a-a6c0-46d7f9ace912' WHERE id = 1190;
UPDATE public.task SET created_by = 'b36ab93a-34cf-5d2f-8309-1f65466da6f0', updated_by = 'c9ea0237-6687-557a-b9a6-7641ce93392e' WHERE id = 1191;
UPDATE public.task SET created_by = '461f046b-b8af-5c8e-95dd-0f9194531ecb', updated_by = '5ac46069-d153-5b50-a0be-8a017d379243' WHERE id = 1192;
UPDATE public.task SET created_by = 'e4153ca5-d012-5995-bad4-086731587974', updated_by = '12b3f6e4-8e09-5767-b1ce-9d45589acea2' WHERE id = 1193;
UPDATE public.task SET created_by = '5ac46069-d153-5b50-a0be-8a017d379243', updated_by = '4906cefc-1eec-5209-9bcc-28e8cf7c862a' WHERE id = 1194;
UPDATE public.task SET created_by = '698b6e50-7060-5752-b30f-c3c5d2ee3400', updated_by = '5fef9e7c-116a-5504-a6ae-d16f4442d448' WHERE id = 1195;
UPDATE public.task SET created_by = '44315cac-0a3d-513e-ae25-923183abdce2', updated_by = 'c9ea0237-6687-557a-b9a6-7641ce93392e' WHERE id = 1196;
UPDATE public.task SET created_by = '82d62e5d-3a42-5fcc-8eba-42d842fea91a', updated_by = 'f14ee7a7-b3f9-561d-8cf7-983293f0008f' WHERE id = 1197;
UPDATE public.task SET created_by = '6f72baed-b6f1-5fb7-a370-fb32611b758b', updated_by = 'dce623ef-801d-54b0-a2df-9358c082e29e' WHERE id = 1198;
UPDATE public.task SET created_by = '461f046b-b8af-5c8e-95dd-0f9194531ecb', updated_by = '05eee4fe-379a-5426-9023-edc77e045168' WHERE id = 1199;
UPDATE public.task SET created_by = 'c9ea0237-6687-557a-b9a6-7641ce93392e', updated_by = '461f046b-b8af-5c8e-95dd-0f9194531ecb' WHERE id = 1200;
UPDATE public.task SET created_by = '461f046b-b8af-5c8e-95dd-0f9194531ecb', updated_by = '4906cefc-1eec-5209-9bcc-28e8cf7c862a' WHERE id = 1201;
UPDATE public.task SET created_by = '05eee4fe-379a-5426-9023-edc77e045168', updated_by = 'e4153ca5-d012-5995-bad4-086731587974' WHERE id = 1202;
UPDATE public.task SET created_by = 'e4153ca5-d012-5995-bad4-086731587974', updated_by = 'f14ee7a7-b3f9-561d-8cf7-983293f0008f' WHERE id = 1203;
UPDATE public.task SET created_by = '5f2c632c-1003-5d3e-94f5-6085899aa359', updated_by = 'f50300db-d620-587a-a6c0-46d7f9ace912' WHERE id = 1204;
UPDATE public.task SET created_by = 'c9ea0237-6687-557a-b9a6-7641ce93392e', updated_by = 'dce623ef-801d-54b0-a2df-9358c082e29e' WHERE id = 1205;
UPDATE public.task SET created_by = 'dce623ef-801d-54b0-a2df-9358c082e29e', updated_by = '5ac46069-d153-5b50-a0be-8a017d379243' WHERE id = 1206;
UPDATE public.task SET created_by = '6f72baed-b6f1-5fb7-a370-fb32611b758b', updated_by = 'e4153ca5-d012-5995-bad4-086731587974' WHERE id = 1207;
UPDATE public.task SET created_by = '5ca75a8e-3605-5166-aa74-4e2e2fc0beef', updated_by = '815c84a1-9088-5e6f-b1ab-0853285c0e5d' WHERE id = 1208;
UPDATE public.task SET created_by = '12b3f6e4-8e09-5767-b1ce-9d45589acea2', updated_by = '5fef9e7c-116a-5504-a6ae-d16f4442d448' WHERE id = 1209;
UPDATE public.task SET created_by = '4906cefc-1eec-5209-9bcc-28e8cf7c862a', updated_by = 'a866962c-13a6-52c8-965b-d859c0325cb5' WHERE id = 1210;
UPDATE public.task SET created_by = '3b2bfa08-09d7-5968-a3d8-4fe62753f511', updated_by = '698b6e50-7060-5752-b30f-c3c5d2ee3400' WHERE id = 1211;
UPDATE public.task SET created_by = '82d62e5d-3a42-5fcc-8eba-42d842fea91a', updated_by = '5f2c632c-1003-5d3e-94f5-6085899aa359' WHERE id = 1212;
UPDATE public.task SET created_by = '6f72baed-b6f1-5fb7-a370-fb32611b758b', updated_by = '05eee4fe-379a-5426-9023-edc77e045168' WHERE id = 1213;
UPDATE public.task SET created_by = '461f046b-b8af-5c8e-95dd-0f9194531ecb', updated_by = 'dce623ef-801d-54b0-a2df-9358c082e29e' WHERE id = 1214;
UPDATE public.task SET created_by = '461f046b-b8af-5c8e-95dd-0f9194531ecb', updated_by = 'b36ab93a-34cf-5d2f-8309-1f65466da6f0' WHERE id = 1215;
UPDATE public.task SET created_by = '05eee4fe-379a-5426-9023-edc77e045168', updated_by = 'a866962c-13a6-52c8-965b-d859c0325cb5' WHERE id = 1216;
UPDATE public.task SET created_by = 'f14ee7a7-b3f9-561d-8cf7-983293f0008f', updated_by = 'f50300db-d620-587a-a6c0-46d7f9ace912' WHERE id = 1217;
UPDATE public.task SET created_by = 'b36ab93a-34cf-5d2f-8309-1f65466da6f0', updated_by = 'a866962c-13a6-52c8-965b-d859c0325cb5' WHERE id = 1218;
UPDATE public.task SET created_by = '05eee4fe-379a-5426-9023-edc77e045168', updated_by = '5ac46069-d153-5b50-a0be-8a017d379243' WHERE id = 1219;
UPDATE public.task SET created_by = '5f2c632c-1003-5d3e-94f5-6085899aa359', updated_by = '6f72baed-b6f1-5fb7-a370-fb32611b758b' WHERE id = 1220;
UPDATE public.task SET created_by = 'f50300db-d620-587a-a6c0-46d7f9ace912', updated_by = 'a866962c-13a6-52c8-965b-d859c0325cb5' WHERE id = 1221;
UPDATE public.task SET created_by = 'bc6c992f-6177-5b38-a99d-4c1f8bf2d0e3', updated_by = '461f046b-b8af-5c8e-95dd-0f9194531ecb' WHERE id = 1222;
UPDATE public.task SET created_by = '4906cefc-1eec-5209-9bcc-28e8cf7c862a', updated_by = '5f2c632c-1003-5d3e-94f5-6085899aa359' WHERE id = 1223;
UPDATE public.task SET created_by = '5ac46069-d153-5b50-a0be-8a017d379243', updated_by = 'a866962c-13a6-52c8-965b-d859c0325cb5' WHERE id = 1224;
UPDATE public.task SET created_by = '5ac46069-d153-5b50-a0be-8a017d379243', updated_by = '6f72baed-b6f1-5fb7-a370-fb32611b758b' WHERE id = 1225;
UPDATE public.task SET created_by = 'b36ab93a-34cf-5d2f-8309-1f65466da6f0', updated_by = '44315cac-0a3d-513e-ae25-923183abdce2' WHERE id = 1226;
UPDATE public.task SET created_by = '5fef9e7c-116a-5504-a6ae-d16f4442d448', updated_by = '0f5d546a-dd80-5406-a005-a4f3061b9fb4' WHERE id = 1227;
UPDATE public.task SET created_by = '8bb5337a-4ae8-5fe9-834c-d09e97c220b7', updated_by = '5fef9e7c-116a-5504-a6ae-d16f4442d448' WHERE id = 1228;
UPDATE public.task SET created_by = 'dce623ef-801d-54b0-a2df-9358c082e29e', updated_by = '12b3f6e4-8e09-5767-b1ce-9d45589acea2' WHERE id = 1229;
UPDATE public.task SET created_by = '4906cefc-1eec-5209-9bcc-28e8cf7c862a', updated_by = '44315cac-0a3d-513e-ae25-923183abdce2' WHERE id = 1230;
UPDATE public.task SET created_by = 'bc6c992f-6177-5b38-a99d-4c1f8bf2d0e3', updated_by = '44315cac-0a3d-513e-ae25-923183abdce2' WHERE id = 1231;
UPDATE public.task SET created_by = '4906cefc-1eec-5209-9bcc-28e8cf7c862a', updated_by = '71c8f57c-aae5-5ac8-8fc0-a1ff399b17b8' WHERE id = 1232;
UPDATE public.task SET created_by = '698b6e50-7060-5752-b30f-c3c5d2ee3400', updated_by = '3b2bfa08-09d7-5968-a3d8-4fe62753f511' WHERE id = 1233;
UPDATE public.task SET created_by = 'b36ab93a-34cf-5d2f-8309-1f65466da6f0', updated_by = '8bb5337a-4ae8-5fe9-834c-d09e97c220b7' WHERE id = 1234;
UPDATE public.task SET created_by = '5ac46069-d153-5b50-a0be-8a017d379243', updated_by = 'e4153ca5-d012-5995-bad4-086731587974' WHERE id = 1235;
UPDATE public.task SET created_by = '5fef9e7c-116a-5504-a6ae-d16f4442d448', updated_by = '5ac46069-d153-5b50-a0be-8a017d379243' WHERE id = 1236;
UPDATE public.task SET created_by = 'bc6c992f-6177-5b38-a99d-4c1f8bf2d0e3', updated_by = 'f50300db-d620-587a-a6c0-46d7f9ace912' WHERE id = 1237;
UPDATE public.task SET created_by = 'a866962c-13a6-52c8-965b-d859c0325cb5', updated_by = 'c9ea0237-6687-557a-b9a6-7641ce93392e' WHERE id = 1238;
UPDATE public.task SET created_by = '4906cefc-1eec-5209-9bcc-28e8cf7c862a', updated_by = '461f046b-b8af-5c8e-95dd-0f9194531ecb' WHERE id = 1239;
UPDATE public.task SET created_by = '44315cac-0a3d-513e-ae25-923183abdce2', updated_by = 'bc6c992f-6177-5b38-a99d-4c1f8bf2d0e3' WHERE id = 1240;
UPDATE public.task SET created_by = '44315cac-0a3d-513e-ae25-923183abdce2', updated_by = '5ac46069-d153-5b50-a0be-8a017d379243' WHERE id = 1241;
UPDATE public.task SET created_by = 'a866962c-13a6-52c8-965b-d859c0325cb5', updated_by = '815c84a1-9088-5e6f-b1ab-0853285c0e5d' WHERE id = 1242;
UPDATE public.task SET created_by = '5fef9e7c-116a-5504-a6ae-d16f4442d448', updated_by = 'e4153ca5-d012-5995-bad4-086731587974' WHERE id = 1243;
UPDATE public.task SET created_by = 'e4153ca5-d012-5995-bad4-086731587974', updated_by = '5ac46069-d153-5b50-a0be-8a017d379243' WHERE id = 1244;
UPDATE public.task SET created_by = 'dce623ef-801d-54b0-a2df-9358c082e29e', updated_by = '461f046b-b8af-5c8e-95dd-0f9194531ecb' WHERE id = 1245;
UPDATE public.task SET created_by = '5fef9e7c-116a-5504-a6ae-d16f4442d448', updated_by = '0f5d546a-dd80-5406-a005-a4f3061b9fb4' WHERE id = 1246;
UPDATE public.task SET created_by = '82d62e5d-3a42-5fcc-8eba-42d842fea91a', updated_by = 'a866962c-13a6-52c8-965b-d859c0325cb5' WHERE id = 1247;
UPDATE public.task SET created_by = '5f2c632c-1003-5d3e-94f5-6085899aa359', updated_by = '6f72baed-b6f1-5fb7-a370-fb32611b758b' WHERE id = 1248;
UPDATE public.task SET created_by = 'f50300db-d620-587a-a6c0-46d7f9ace912', updated_by = 'dce623ef-801d-54b0-a2df-9358c082e29e' WHERE id = 1249;
UPDATE public.task SET created_by = '5ca75a8e-3605-5166-aa74-4e2e2fc0beef', updated_by = '461f046b-b8af-5c8e-95dd-0f9194531ecb' WHERE id = 1250;
UPDATE public.task SET created_by = 'dce623ef-801d-54b0-a2df-9358c082e29e', updated_by = '815c84a1-9088-5e6f-b1ab-0853285c0e5d' WHERE id = 1251;
UPDATE public.task SET created_by = 'e4153ca5-d012-5995-bad4-086731587974', updated_by = '698b6e50-7060-5752-b30f-c3c5d2ee3400' WHERE id = 1252;
UPDATE public.task SET created_by = '5ac46069-d153-5b50-a0be-8a017d379243', updated_by = 'e4153ca5-d012-5995-bad4-086731587974' WHERE id = 1253;
UPDATE public.task SET created_by = '461f046b-b8af-5c8e-95dd-0f9194531ecb', updated_by = '815c84a1-9088-5e6f-b1ab-0853285c0e5d' WHERE id = 1254;
UPDATE public.task SET created_by = 'f50300db-d620-587a-a6c0-46d7f9ace912', updated_by = '6f72baed-b6f1-5fb7-a370-fb32611b758b' WHERE id = 1255;
UPDATE public.task SET created_by = '0f5d546a-dd80-5406-a005-a4f3061b9fb4', updated_by = '5fef9e7c-116a-5504-a6ae-d16f4442d448' WHERE id = 1256;
UPDATE public.task SET created_by = 'f14ee7a7-b3f9-561d-8cf7-983293f0008f', updated_by = '698b6e50-7060-5752-b30f-c3c5d2ee3400' WHERE id = 1257;
UPDATE public.task SET created_by = 'bc6c992f-6177-5b38-a99d-4c1f8bf2d0e3', updated_by = '8bb5337a-4ae8-5fe9-834c-d09e97c220b7' WHERE id = 1258;
UPDATE public.task SET created_by = '5f2c632c-1003-5d3e-94f5-6085899aa359', updated_by = '698b6e50-7060-5752-b30f-c3c5d2ee3400' WHERE id = 1259;
UPDATE public.task SET created_by = '71c8f57c-aae5-5ac8-8fc0-a1ff399b17b8', updated_by = '461f046b-b8af-5c8e-95dd-0f9194531ecb' WHERE id = 1260;
UPDATE public.task SET created_by = '82d62e5d-3a42-5fcc-8eba-42d842fea91a', updated_by = '05eee4fe-379a-5426-9023-edc77e045168' WHERE id = 1261;
UPDATE public.task SET created_by = '5fef9e7c-116a-5504-a6ae-d16f4442d448', updated_by = 'dce623ef-801d-54b0-a2df-9358c082e29e' WHERE id = 1262;
UPDATE public.task SET created_by = '3b2bfa08-09d7-5968-a3d8-4fe62753f511', updated_by = 'bc6c992f-6177-5b38-a99d-4c1f8bf2d0e3' WHERE id = 1263;
UPDATE public.task SET created_by = '71c8f57c-aae5-5ac8-8fc0-a1ff399b17b8', updated_by = 'f14ee7a7-b3f9-561d-8cf7-983293f0008f' WHERE id = 1264;
UPDATE public.task SET created_by = '4906cefc-1eec-5209-9bcc-28e8cf7c862a', updated_by = 'b36ab93a-34cf-5d2f-8309-1f65466da6f0' WHERE id = 1265;
UPDATE public.task SET created_by = 'a866962c-13a6-52c8-965b-d859c0325cb5', updated_by = 'e4153ca5-d012-5995-bad4-086731587974' WHERE id = 1266;
UPDATE public.task SET created_by = '698b6e50-7060-5752-b30f-c3c5d2ee3400', updated_by = '4906cefc-1eec-5209-9bcc-28e8cf7c862a' WHERE id = 1267;
UPDATE public.task SET created_by = '5ca75a8e-3605-5166-aa74-4e2e2fc0beef', updated_by = '3b2bfa08-09d7-5968-a3d8-4fe62753f511' WHERE id = 1268;
UPDATE public.task SET created_by = 'b36ab93a-34cf-5d2f-8309-1f65466da6f0', updated_by = '4906cefc-1eec-5209-9bcc-28e8cf7c862a' WHERE id = 1269;
UPDATE public.task SET created_by = '5ca75a8e-3605-5166-aa74-4e2e2fc0beef', updated_by = 'b36ab93a-34cf-5d2f-8309-1f65466da6f0' WHERE id = 1270;
UPDATE public.task SET created_by = 'f50300db-d620-587a-a6c0-46d7f9ace912', updated_by = 'c9ea0237-6687-557a-b9a6-7641ce93392e' WHERE id = 1271;
UPDATE public.task SET created_by = '461f046b-b8af-5c8e-95dd-0f9194531ecb', updated_by = '4906cefc-1eec-5209-9bcc-28e8cf7c862a' WHERE id = 1272;
UPDATE public.task SET created_by = '82d62e5d-3a42-5fcc-8eba-42d842fea91a', updated_by = 'f50300db-d620-587a-a6c0-46d7f9ace912' WHERE id = 1273;
UPDATE public.task SET created_by = '44315cac-0a3d-513e-ae25-923183abdce2', updated_by = '71c8f57c-aae5-5ac8-8fc0-a1ff399b17b8' WHERE id = 1274;
UPDATE public.task SET created_by = '71c8f57c-aae5-5ac8-8fc0-a1ff399b17b8', updated_by = '44315cac-0a3d-513e-ae25-923183abdce2' WHERE id = 1275;
UPDATE public.task SET created_by = '12b3f6e4-8e09-5767-b1ce-9d45589acea2', updated_by = '3b2bfa08-09d7-5968-a3d8-4fe62753f511' WHERE id = 1276;
UPDATE public.task SET created_by = '05eee4fe-379a-5426-9023-edc77e045168', updated_by = '3b2bfa08-09d7-5968-a3d8-4fe62753f511' WHERE id = 1277;
UPDATE public.task SET created_by = 'f14ee7a7-b3f9-561d-8cf7-983293f0008f', updated_by = '5ac46069-d153-5b50-a0be-8a017d379243' WHERE id = 1278;
UPDATE public.task SET created_by = '815c84a1-9088-5e6f-b1ab-0853285c0e5d', updated_by = '71c8f57c-aae5-5ac8-8fc0-a1ff399b17b8' WHERE id = 1279;
UPDATE public.task SET created_by = '461f046b-b8af-5c8e-95dd-0f9194531ecb', updated_by = 'b36ab93a-34cf-5d2f-8309-1f65466da6f0' WHERE id = 1280;
UPDATE public.task SET created_by = 'e4153ca5-d012-5995-bad4-086731587974', updated_by = '5ac46069-d153-5b50-a0be-8a017d379243' WHERE id = 1281;
UPDATE public.task SET created_by = '5ac46069-d153-5b50-a0be-8a017d379243', updated_by = '5ca75a8e-3605-5166-aa74-4e2e2fc0beef' WHERE id = 1282;
UPDATE public.task SET created_by = '8bb5337a-4ae8-5fe9-834c-d09e97c220b7', updated_by = '44315cac-0a3d-513e-ae25-923183abdce2' WHERE id = 1283;
UPDATE public.task SET created_by = 'f50300db-d620-587a-a6c0-46d7f9ace912', updated_by = '6f72baed-b6f1-5fb7-a370-fb32611b758b' WHERE id = 1284;
UPDATE public.task SET created_by = '44315cac-0a3d-513e-ae25-923183abdce2', updated_by = 'f14ee7a7-b3f9-561d-8cf7-983293f0008f' WHERE id = 1285;
UPDATE public.task SET created_by = '82d62e5d-3a42-5fcc-8eba-42d842fea91a', updated_by = '3b2bfa08-09d7-5968-a3d8-4fe62753f511' WHERE id = 1286;
UPDATE public.task SET created_by = '0f5d546a-dd80-5406-a005-a4f3061b9fb4', updated_by = '44315cac-0a3d-513e-ae25-923183abdce2' WHERE id = 1287;
UPDATE public.task SET created_by = '461f046b-b8af-5c8e-95dd-0f9194531ecb', updated_by = 'e4153ca5-d012-5995-bad4-086731587974' WHERE id = 1288;
UPDATE public.task SET created_by = '461f046b-b8af-5c8e-95dd-0f9194531ecb', updated_by = '05eee4fe-379a-5426-9023-edc77e045168' WHERE id = 1289;
UPDATE public.task SET created_by = 'f14ee7a7-b3f9-561d-8cf7-983293f0008f', updated_by = '05eee4fe-379a-5426-9023-edc77e045168' WHERE id = 1290;
UPDATE public.task SET created_by = '82d62e5d-3a42-5fcc-8eba-42d842fea91a', updated_by = '12b3f6e4-8e09-5767-b1ce-9d45589acea2' WHERE id = 1291;
UPDATE public.task SET created_by = '12b3f6e4-8e09-5767-b1ce-9d45589acea2', updated_by = '5fef9e7c-116a-5504-a6ae-d16f4442d448' WHERE id = 1292;
UPDATE public.task SET created_by = '82d62e5d-3a42-5fcc-8eba-42d842fea91a', updated_by = '44315cac-0a3d-513e-ae25-923183abdce2' WHERE id = 1293;
UPDATE public.task SET created_by = '5f2c632c-1003-5d3e-94f5-6085899aa359', updated_by = '5f2c632c-1003-5d3e-94f5-6085899aa359' WHERE id = 1294;
UPDATE public.task SET created_by = '5f2c632c-1003-5d3e-94f5-6085899aa359', updated_by = '8bb5337a-4ae8-5fe9-834c-d09e97c220b7' WHERE id = 1295;
UPDATE public.task SET created_by = '461f046b-b8af-5c8e-95dd-0f9194531ecb', updated_by = '5fef9e7c-116a-5504-a6ae-d16f4442d448' WHERE id = 1296;
UPDATE public.task SET created_by = 'a866962c-13a6-52c8-965b-d859c0325cb5', updated_by = 'f50300db-d620-587a-a6c0-46d7f9ace912' WHERE id = 1297;
UPDATE public.task SET created_by = 'bc6c992f-6177-5b38-a99d-4c1f8bf2d0e3', updated_by = '5ca75a8e-3605-5166-aa74-4e2e2fc0beef' WHERE id = 1298;
UPDATE public.task SET created_by = 'a866962c-13a6-52c8-965b-d859c0325cb5', updated_by = '461f046b-b8af-5c8e-95dd-0f9194531ecb' WHERE id = 1299;
UPDATE public.task SET created_by = 'a866962c-13a6-52c8-965b-d859c0325cb5', updated_by = '698b6e50-7060-5752-b30f-c3c5d2ee3400' WHERE id = 1300;
UPDATE public.task SET created_by = 'f14ee7a7-b3f9-561d-8cf7-983293f0008f', updated_by = '44315cac-0a3d-513e-ae25-923183abdce2' WHERE id = 1301;
UPDATE public.task SET created_by = 'b36ab93a-34cf-5d2f-8309-1f65466da6f0', updated_by = 'e4153ca5-d012-5995-bad4-086731587974' WHERE id = 1302;
UPDATE public.task SET created_by = '461f046b-b8af-5c8e-95dd-0f9194531ecb', updated_by = 'e4153ca5-d012-5995-bad4-086731587974' WHERE id = 1303;
UPDATE public.task SET created_by = 'e4153ca5-d012-5995-bad4-086731587974', updated_by = '4906cefc-1eec-5209-9bcc-28e8cf7c862a' WHERE id = 1304;
UPDATE public.task SET created_by = '44315cac-0a3d-513e-ae25-923183abdce2', updated_by = '4906cefc-1eec-5209-9bcc-28e8cf7c862a' WHERE id = 1305;
UPDATE public.task SET created_by = 'bc6c992f-6177-5b38-a99d-4c1f8bf2d0e3', updated_by = '44315cac-0a3d-513e-ae25-923183abdce2' WHERE id = 1306;
UPDATE public.task SET created_by = 'bc6c992f-6177-5b38-a99d-4c1f8bf2d0e3', updated_by = 'dce623ef-801d-54b0-a2df-9358c082e29e' WHERE id = 1307;
UPDATE public.task SET created_by = '5fef9e7c-116a-5504-a6ae-d16f4442d448', updated_by = '461f046b-b8af-5c8e-95dd-0f9194531ecb' WHERE id = 1308;
UPDATE public.task SET created_by = '5ca75a8e-3605-5166-aa74-4e2e2fc0beef', updated_by = '71c8f57c-aae5-5ac8-8fc0-a1ff399b17b8' WHERE id = 1309;
UPDATE public.task SET created_by = '82d62e5d-3a42-5fcc-8eba-42d842fea91a', updated_by = '0f5d546a-dd80-5406-a005-a4f3061b9fb4' WHERE id = 1310;
UPDATE public.task SET created_by = '82d62e5d-3a42-5fcc-8eba-42d842fea91a', updated_by = '5ac46069-d153-5b50-a0be-8a017d379243' WHERE id = 1311;
UPDATE public.task SET created_by = 'f50300db-d620-587a-a6c0-46d7f9ace912', updated_by = '44315cac-0a3d-513e-ae25-923183abdce2' WHERE id = 1312;
UPDATE public.task SET created_by = 'dce623ef-801d-54b0-a2df-9358c082e29e', updated_by = 'dce623ef-801d-54b0-a2df-9358c082e29e' WHERE id = 1313;
UPDATE public.task SET created_by = '4906cefc-1eec-5209-9bcc-28e8cf7c862a', updated_by = '461f046b-b8af-5c8e-95dd-0f9194531ecb' WHERE id = 1314;
UPDATE public.task SET created_by = '461f046b-b8af-5c8e-95dd-0f9194531ecb', updated_by = '4906cefc-1eec-5209-9bcc-28e8cf7c862a' WHERE id = 1315;
UPDATE public.task SET created_by = '815c84a1-9088-5e6f-b1ab-0853285c0e5d', updated_by = '6f72baed-b6f1-5fb7-a370-fb32611b758b' WHERE id = 1316;
UPDATE public.task SET created_by = 'b36ab93a-34cf-5d2f-8309-1f65466da6f0', updated_by = '815c84a1-9088-5e6f-b1ab-0853285c0e5d' WHERE id = 1317;
UPDATE public.task SET created_by = '12b3f6e4-8e09-5767-b1ce-9d45589acea2', updated_by = '0f5d546a-dd80-5406-a005-a4f3061b9fb4' WHERE id = 1318;
UPDATE public.task SET created_by = '71c8f57c-aae5-5ac8-8fc0-a1ff399b17b8', updated_by = 'dce623ef-801d-54b0-a2df-9358c082e29e' WHERE id = 1319;
UPDATE public.task SET created_by = '815c84a1-9088-5e6f-b1ab-0853285c0e5d', updated_by = '5ca75a8e-3605-5166-aa74-4e2e2fc0beef' WHERE id = 1320;
UPDATE public.task SET created_by = '12b3f6e4-8e09-5767-b1ce-9d45589acea2', updated_by = '815c84a1-9088-5e6f-b1ab-0853285c0e5d' WHERE id = 1321;
UPDATE public.task SET created_by = '815c84a1-9088-5e6f-b1ab-0853285c0e5d', updated_by = '71c8f57c-aae5-5ac8-8fc0-a1ff399b17b8' WHERE id = 1322;
UPDATE public.task SET created_by = '82d62e5d-3a42-5fcc-8eba-42d842fea91a', updated_by = 'f14ee7a7-b3f9-561d-8cf7-983293f0008f' WHERE id = 1323;
UPDATE public.task SET created_by = '5ac46069-d153-5b50-a0be-8a017d379243', updated_by = '44315cac-0a3d-513e-ae25-923183abdce2' WHERE id = 1324;
UPDATE public.task SET created_by = 'bc6c992f-6177-5b38-a99d-4c1f8bf2d0e3', updated_by = '44315cac-0a3d-513e-ae25-923183abdce2' WHERE id = 1325;
UPDATE public.task SET created_by = '4906cefc-1eec-5209-9bcc-28e8cf7c862a', updated_by = '5fef9e7c-116a-5504-a6ae-d16f4442d448' WHERE id = 1326;
UPDATE public.task SET created_by = '5ca75a8e-3605-5166-aa74-4e2e2fc0beef', updated_by = '5fef9e7c-116a-5504-a6ae-d16f4442d448' WHERE id = 1327;
UPDATE public.task SET created_by = 'dce623ef-801d-54b0-a2df-9358c082e29e', updated_by = '698b6e50-7060-5752-b30f-c3c5d2ee3400' WHERE id = 1328;
UPDATE public.task SET created_by = '71c8f57c-aae5-5ac8-8fc0-a1ff399b17b8', updated_by = '6f72baed-b6f1-5fb7-a370-fb32611b758b' WHERE id = 1329;
UPDATE public.task SET created_by = 'a866962c-13a6-52c8-965b-d859c0325cb5', updated_by = '8bb5337a-4ae8-5fe9-834c-d09e97c220b7' WHERE id = 1330;
UPDATE public.task SET created_by = 'e4153ca5-d012-5995-bad4-086731587974', updated_by = '5f2c632c-1003-5d3e-94f5-6085899aa359' WHERE id = 1331;
UPDATE public.task SET created_by = '71c8f57c-aae5-5ac8-8fc0-a1ff399b17b8', updated_by = '8bb5337a-4ae8-5fe9-834c-d09e97c220b7' WHERE id = 1332;
UPDATE public.task SET created_by = 'e4153ca5-d012-5995-bad4-086731587974', updated_by = '6f72baed-b6f1-5fb7-a370-fb32611b758b' WHERE id = 1333;
UPDATE public.task SET created_by = 'b36ab93a-34cf-5d2f-8309-1f65466da6f0', updated_by = '698b6e50-7060-5752-b30f-c3c5d2ee3400' WHERE id = 1334;
UPDATE public.task SET created_by = 'a866962c-13a6-52c8-965b-d859c0325cb5', updated_by = 'f50300db-d620-587a-a6c0-46d7f9ace912' WHERE id = 1335;
UPDATE public.task SET created_by = 'bc6c992f-6177-5b38-a99d-4c1f8bf2d0e3', updated_by = 'f50300db-d620-587a-a6c0-46d7f9ace912' WHERE id = 1336;
UPDATE public.task SET created_by = 'bc6c992f-6177-5b38-a99d-4c1f8bf2d0e3', updated_by = '12b3f6e4-8e09-5767-b1ce-9d45589acea2' WHERE id = 1337;
UPDATE public.task SET created_by = '5fef9e7c-116a-5504-a6ae-d16f4442d448', updated_by = 'a866962c-13a6-52c8-965b-d859c0325cb5' WHERE id = 1338;
UPDATE public.task SET created_by = 'e4153ca5-d012-5995-bad4-086731587974', updated_by = 'a866962c-13a6-52c8-965b-d859c0325cb5' WHERE id = 1339;
UPDATE public.task SET created_by = 'a866962c-13a6-52c8-965b-d859c0325cb5', updated_by = 'f50300db-d620-587a-a6c0-46d7f9ace912' WHERE id = 1340;
UPDATE public.task SET created_by = '815c84a1-9088-5e6f-b1ab-0853285c0e5d', updated_by = '0f5d546a-dd80-5406-a005-a4f3061b9fb4' WHERE id = 1341;
UPDATE public.task SET created_by = '71c8f57c-aae5-5ac8-8fc0-a1ff399b17b8', updated_by = '12b3f6e4-8e09-5767-b1ce-9d45589acea2' WHERE id = 1342;
UPDATE public.task SET created_by = '71c8f57c-aae5-5ac8-8fc0-a1ff399b17b8', updated_by = 'b36ab93a-34cf-5d2f-8309-1f65466da6f0' WHERE id = 1343;
UPDATE public.task SET created_by = '12b3f6e4-8e09-5767-b1ce-9d45589acea2', updated_by = 'bc6c992f-6177-5b38-a99d-4c1f8bf2d0e3' WHERE id = 1344;
UPDATE public.task SET created_by = 'b36ab93a-34cf-5d2f-8309-1f65466da6f0', updated_by = '8bb5337a-4ae8-5fe9-834c-d09e97c220b7' WHERE id = 1345;
UPDATE public.task SET created_by = '82d62e5d-3a42-5fcc-8eba-42d842fea91a', updated_by = '5f2c632c-1003-5d3e-94f5-6085899aa359' WHERE id = 1346;
UPDATE public.task SET created_by = '5ac46069-d153-5b50-a0be-8a017d379243', updated_by = '815c84a1-9088-5e6f-b1ab-0853285c0e5d' WHERE id = 1347;
UPDATE public.task SET created_by = 'c9ea0237-6687-557a-b9a6-7641ce93392e', updated_by = 'dce623ef-801d-54b0-a2df-9358c082e29e' WHERE id = 1348;
UPDATE public.task SET created_by = '5f2c632c-1003-5d3e-94f5-6085899aa359', updated_by = '4906cefc-1eec-5209-9bcc-28e8cf7c862a' WHERE id = 1349;
UPDATE public.task SET created_by = 'f50300db-d620-587a-a6c0-46d7f9ace912', updated_by = '05eee4fe-379a-5426-9023-edc77e045168' WHERE id = 1350;
UPDATE public.task SET created_by = 'a866962c-13a6-52c8-965b-d859c0325cb5', updated_by = '8bb5337a-4ae8-5fe9-834c-d09e97c220b7' WHERE id = 1351;
UPDATE public.task SET created_by = 'a866962c-13a6-52c8-965b-d859c0325cb5', updated_by = '698b6e50-7060-5752-b30f-c3c5d2ee3400' WHERE id = 1352;
UPDATE public.task SET created_by = '5f2c632c-1003-5d3e-94f5-6085899aa359', updated_by = 'c9ea0237-6687-557a-b9a6-7641ce93392e' WHERE id = 1353;
UPDATE public.task SET created_by = 'bc6c992f-6177-5b38-a99d-4c1f8bf2d0e3', updated_by = '5ac46069-d153-5b50-a0be-8a017d379243' WHERE id = 1354;
UPDATE public.task SET created_by = 'c9ea0237-6687-557a-b9a6-7641ce93392e', updated_by = '698b6e50-7060-5752-b30f-c3c5d2ee3400' WHERE id = 1355;
UPDATE public.task SET created_by = '8bb5337a-4ae8-5fe9-834c-d09e97c220b7', updated_by = '44315cac-0a3d-513e-ae25-923183abdce2' WHERE id = 1356;
UPDATE public.task SET created_by = '44315cac-0a3d-513e-ae25-923183abdce2', updated_by = 'a866962c-13a6-52c8-965b-d859c0325cb5' WHERE id = 1357;
UPDATE public.task SET created_by = 'f50300db-d620-587a-a6c0-46d7f9ace912', updated_by = '5ca75a8e-3605-5166-aa74-4e2e2fc0beef' WHERE id = 1358;
UPDATE public.task SET created_by = 'f14ee7a7-b3f9-561d-8cf7-983293f0008f', updated_by = 'e4153ca5-d012-5995-bad4-086731587974' WHERE id = 1359;
UPDATE public.task SET created_by = 'b36ab93a-34cf-5d2f-8309-1f65466da6f0', updated_by = 'b36ab93a-34cf-5d2f-8309-1f65466da6f0' WHERE id = 1360;
UPDATE public.task SET created_by = '815c84a1-9088-5e6f-b1ab-0853285c0e5d', updated_by = '698b6e50-7060-5752-b30f-c3c5d2ee3400' WHERE id = 1361;
UPDATE public.task SET created_by = '82d62e5d-3a42-5fcc-8eba-42d842fea91a', updated_by = '698b6e50-7060-5752-b30f-c3c5d2ee3400' WHERE id = 1362;
UPDATE public.task SET created_by = 'bc6c992f-6177-5b38-a99d-4c1f8bf2d0e3', updated_by = '44315cac-0a3d-513e-ae25-923183abdce2' WHERE id = 1363;
UPDATE public.task SET created_by = '4906cefc-1eec-5209-9bcc-28e8cf7c862a', updated_by = 'a866962c-13a6-52c8-965b-d859c0325cb5' WHERE id = 1364;
UPDATE public.task SET created_by = '12b3f6e4-8e09-5767-b1ce-9d45589acea2', updated_by = 'e4153ca5-d012-5995-bad4-086731587974' WHERE id = 1365;
UPDATE public.task SET created_by = '8bb5337a-4ae8-5fe9-834c-d09e97c220b7', updated_by = '5f2c632c-1003-5d3e-94f5-6085899aa359' WHERE id = 1366;
UPDATE public.task SET created_by = '461f046b-b8af-5c8e-95dd-0f9194531ecb', updated_by = 'a866962c-13a6-52c8-965b-d859c0325cb5' WHERE id = 1367;
UPDATE public.task SET created_by = 'b36ab93a-34cf-5d2f-8309-1f65466da6f0', updated_by = '4906cefc-1eec-5209-9bcc-28e8cf7c862a' WHERE id = 1368;
UPDATE public.task SET created_by = 'a866962c-13a6-52c8-965b-d859c0325cb5', updated_by = '5ca75a8e-3605-5166-aa74-4e2e2fc0beef' WHERE id = 1369;
UPDATE public.task SET created_by = 'dce623ef-801d-54b0-a2df-9358c082e29e', updated_by = '6f72baed-b6f1-5fb7-a370-fb32611b758b' WHERE id = 1370;
UPDATE public.task SET created_by = 'c9ea0237-6687-557a-b9a6-7641ce93392e', updated_by = '5fef9e7c-116a-5504-a6ae-d16f4442d448' WHERE id = 1371;
UPDATE public.task SET created_by = '3b2bfa08-09d7-5968-a3d8-4fe62753f511', updated_by = 'b36ab93a-34cf-5d2f-8309-1f65466da6f0' WHERE id = 1372;
UPDATE public.task SET created_by = 'b36ab93a-34cf-5d2f-8309-1f65466da6f0', updated_by = '5f2c632c-1003-5d3e-94f5-6085899aa359' WHERE id = 1373;
UPDATE public.task SET created_by = '5ca75a8e-3605-5166-aa74-4e2e2fc0beef', updated_by = '4906cefc-1eec-5209-9bcc-28e8cf7c862a' WHERE id = 1374;
UPDATE public.task SET created_by = '5f2c632c-1003-5d3e-94f5-6085899aa359', updated_by = 'f50300db-d620-587a-a6c0-46d7f9ace912' WHERE id = 1375;
UPDATE public.task SET created_by = '44315cac-0a3d-513e-ae25-923183abdce2', updated_by = '3b2bfa08-09d7-5968-a3d8-4fe62753f511' WHERE id = 1376;
UPDATE public.task SET created_by = '6f72baed-b6f1-5fb7-a370-fb32611b758b', updated_by = 'e4153ca5-d012-5995-bad4-086731587974' WHERE id = 1377;
UPDATE public.task SET created_by = '5f2c632c-1003-5d3e-94f5-6085899aa359', updated_by = '5ca75a8e-3605-5166-aa74-4e2e2fc0beef' WHERE id = 1378;
UPDATE public.task SET created_by = '0f5d546a-dd80-5406-a005-a4f3061b9fb4', updated_by = '5f2c632c-1003-5d3e-94f5-6085899aa359' WHERE id = 1379;
UPDATE public.task SET created_by = 'b36ab93a-34cf-5d2f-8309-1f65466da6f0', updated_by = '461f046b-b8af-5c8e-95dd-0f9194531ecb' WHERE id = 1380;
UPDATE public.task SET created_by = '8bb5337a-4ae8-5fe9-834c-d09e97c220b7', updated_by = '82d62e5d-3a42-5fcc-8eba-42d842fea91a' WHERE id = 1381;
UPDATE public.task SET created_by = '12b3f6e4-8e09-5767-b1ce-9d45589acea2', updated_by = '461f046b-b8af-5c8e-95dd-0f9194531ecb' WHERE id = 1382;
UPDATE public.task SET created_by = 'e4153ca5-d012-5995-bad4-086731587974', updated_by = 'f14ee7a7-b3f9-561d-8cf7-983293f0008f' WHERE id = 1383;
UPDATE public.task SET created_by = '5fef9e7c-116a-5504-a6ae-d16f4442d448', updated_by = 'f50300db-d620-587a-a6c0-46d7f9ace912' WHERE id = 1384;
UPDATE public.task SET created_by = 'a866962c-13a6-52c8-965b-d859c0325cb5', updated_by = 'b36ab93a-34cf-5d2f-8309-1f65466da6f0' WHERE id = 1385;
UPDATE public.task SET created_by = 'b36ab93a-34cf-5d2f-8309-1f65466da6f0', updated_by = '6f72baed-b6f1-5fb7-a370-fb32611b758b' WHERE id = 1386;
UPDATE public.task SET created_by = 'dce623ef-801d-54b0-a2df-9358c082e29e', updated_by = '5fef9e7c-116a-5504-a6ae-d16f4442d448' WHERE id = 1387;
UPDATE public.task SET created_by = '12b3f6e4-8e09-5767-b1ce-9d45589acea2', updated_by = 'f14ee7a7-b3f9-561d-8cf7-983293f0008f' WHERE id = 1388;
UPDATE public.task SET created_by = 'b36ab93a-34cf-5d2f-8309-1f65466da6f0', updated_by = '0f5d546a-dd80-5406-a005-a4f3061b9fb4' WHERE id = 1389;
UPDATE public.task SET created_by = 'c9ea0237-6687-557a-b9a6-7641ce93392e', updated_by = '4906cefc-1eec-5209-9bcc-28e8cf7c862a' WHERE id = 1390;
UPDATE public.task SET created_by = '82d62e5d-3a42-5fcc-8eba-42d842fea91a', updated_by = '12b3f6e4-8e09-5767-b1ce-9d45589acea2' WHERE id = 1391;
UPDATE public.task SET created_by = 'f50300db-d620-587a-a6c0-46d7f9ace912', updated_by = '05eee4fe-379a-5426-9023-edc77e045168' WHERE id = 1392;
UPDATE public.task SET created_by = '461f046b-b8af-5c8e-95dd-0f9194531ecb', updated_by = '0f5d546a-dd80-5406-a005-a4f3061b9fb4' WHERE id = 1393;
UPDATE public.task SET created_by = '4906cefc-1eec-5209-9bcc-28e8cf7c862a', updated_by = '0f5d546a-dd80-5406-a005-a4f3061b9fb4' WHERE id = 1394;
UPDATE public.task SET created_by = 'f50300db-d620-587a-a6c0-46d7f9ace912', updated_by = '815c84a1-9088-5e6f-b1ab-0853285c0e5d' WHERE id = 1395;
UPDATE public.task SET created_by = 'c9ea0237-6687-557a-b9a6-7641ce93392e', updated_by = '12b3f6e4-8e09-5767-b1ce-9d45589acea2' WHERE id = 1396;
UPDATE public.task SET created_by = '71c8f57c-aae5-5ac8-8fc0-a1ff399b17b8', updated_by = '698b6e50-7060-5752-b30f-c3c5d2ee3400' WHERE id = 1397;
UPDATE public.task SET created_by = 'e4153ca5-d012-5995-bad4-086731587974', updated_by = 'c9ea0237-6687-557a-b9a6-7641ce93392e' WHERE id = 1398;
UPDATE public.task SET created_by = '71c8f57c-aae5-5ac8-8fc0-a1ff399b17b8', updated_by = '44315cac-0a3d-513e-ae25-923183abdce2' WHERE id = 1399;
UPDATE public.task SET created_by = '0f5d546a-dd80-5406-a005-a4f3061b9fb4', updated_by = 'c9ea0237-6687-557a-b9a6-7641ce93392e' WHERE id = 1400;
UPDATE public.task SET created_by = '8bb5337a-4ae8-5fe9-834c-d09e97c220b7', updated_by = '0f5d546a-dd80-5406-a005-a4f3061b9fb4' WHERE id = 1401;
UPDATE public.task SET created_by = '815c84a1-9088-5e6f-b1ab-0853285c0e5d', updated_by = '3b2bfa08-09d7-5968-a3d8-4fe62753f511' WHERE id = 1402;
UPDATE public.task SET created_by = '0f5d546a-dd80-5406-a005-a4f3061b9fb4', updated_by = 'a866962c-13a6-52c8-965b-d859c0325cb5' WHERE id = 1403;
UPDATE public.task SET created_by = '6f72baed-b6f1-5fb7-a370-fb32611b758b', updated_by = '4906cefc-1eec-5209-9bcc-28e8cf7c862a' WHERE id = 1404;
UPDATE public.task SET created_by = 'e4153ca5-d012-5995-bad4-086731587974', updated_by = 'b36ab93a-34cf-5d2f-8309-1f65466da6f0' WHERE id = 1405;
UPDATE public.task SET created_by = 'dce623ef-801d-54b0-a2df-9358c082e29e', updated_by = '815c84a1-9088-5e6f-b1ab-0853285c0e5d' WHERE id = 1406;
UPDATE public.task SET created_by = '05eee4fe-379a-5426-9023-edc77e045168', updated_by = 'c9ea0237-6687-557a-b9a6-7641ce93392e' WHERE id = 1407;
UPDATE public.task SET created_by = 'f14ee7a7-b3f9-561d-8cf7-983293f0008f', updated_by = '8bb5337a-4ae8-5fe9-834c-d09e97c220b7' WHERE id = 1408;
UPDATE public.task SET created_by = '44315cac-0a3d-513e-ae25-923183abdce2', updated_by = '461f046b-b8af-5c8e-95dd-0f9194531ecb' WHERE id = 1409;
UPDATE public.task SET created_by = '5ca75a8e-3605-5166-aa74-4e2e2fc0beef', updated_by = '5ca75a8e-3605-5166-aa74-4e2e2fc0beef' WHERE id = 1410;
UPDATE public.task SET created_by = '698b6e50-7060-5752-b30f-c3c5d2ee3400', updated_by = '44315cac-0a3d-513e-ae25-923183abdce2' WHERE id = 1411;
UPDATE public.task SET created_by = '12b3f6e4-8e09-5767-b1ce-9d45589acea2', updated_by = 'c9ea0237-6687-557a-b9a6-7641ce93392e' WHERE id = 1412;
UPDATE public.task SET created_by = 'dce623ef-801d-54b0-a2df-9358c082e29e', updated_by = '12b3f6e4-8e09-5767-b1ce-9d45589acea2' WHERE id = 1413;
UPDATE public.task SET created_by = 'b36ab93a-34cf-5d2f-8309-1f65466da6f0', updated_by = '698b6e50-7060-5752-b30f-c3c5d2ee3400' WHERE id = 1414;
UPDATE public.task SET created_by = '82d62e5d-3a42-5fcc-8eba-42d842fea91a', updated_by = '71c8f57c-aae5-5ac8-8fc0-a1ff399b17b8' WHERE id = 1415;
UPDATE public.task SET created_by = 'b36ab93a-34cf-5d2f-8309-1f65466da6f0', updated_by = 'bc6c992f-6177-5b38-a99d-4c1f8bf2d0e3' WHERE id = 1416;
UPDATE public.task SET created_by = '5ac46069-d153-5b50-a0be-8a017d379243', updated_by = '12b3f6e4-8e09-5767-b1ce-9d45589acea2' WHERE id = 1417;
UPDATE public.task SET created_by = '815c84a1-9088-5e6f-b1ab-0853285c0e5d', updated_by = 'dce623ef-801d-54b0-a2df-9358c082e29e' WHERE id = 1418;
UPDATE public.task SET created_by = '461f046b-b8af-5c8e-95dd-0f9194531ecb', updated_by = '5ca75a8e-3605-5166-aa74-4e2e2fc0beef' WHERE id = 1419;
UPDATE public.task SET created_by = 'bc6c992f-6177-5b38-a99d-4c1f8bf2d0e3', updated_by = 'b36ab93a-34cf-5d2f-8309-1f65466da6f0' WHERE id = 1420;
UPDATE public.task SET created_by = '698b6e50-7060-5752-b30f-c3c5d2ee3400', updated_by = '8bb5337a-4ae8-5fe9-834c-d09e97c220b7' WHERE id = 1421;
UPDATE public.task SET created_by = '0f5d546a-dd80-5406-a005-a4f3061b9fb4', updated_by = '8bb5337a-4ae8-5fe9-834c-d09e97c220b7' WHERE id = 1422;
UPDATE public.task SET created_by = '44315cac-0a3d-513e-ae25-923183abdce2', updated_by = '5ac46069-d153-5b50-a0be-8a017d379243' WHERE id = 1423;
UPDATE public.task SET created_by = '05eee4fe-379a-5426-9023-edc77e045168', updated_by = '71c8f57c-aae5-5ac8-8fc0-a1ff399b17b8' WHERE id = 1424;
UPDATE public.task SET created_by = '5ac46069-d153-5b50-a0be-8a017d379243', updated_by = '71c8f57c-aae5-5ac8-8fc0-a1ff399b17b8' WHERE id = 1425;
UPDATE public.task SET created_by = '5ac46069-d153-5b50-a0be-8a017d379243', updated_by = '5f2c632c-1003-5d3e-94f5-6085899aa359' WHERE id = 1426;
UPDATE public.task SET created_by = '71c8f57c-aae5-5ac8-8fc0-a1ff399b17b8', updated_by = '12b3f6e4-8e09-5767-b1ce-9d45589acea2' WHERE id = 1427;
UPDATE public.task SET created_by = '71c8f57c-aae5-5ac8-8fc0-a1ff399b17b8', updated_by = '0f5d546a-dd80-5406-a005-a4f3061b9fb4' WHERE id = 1428;
UPDATE public.task SET created_by = 'bc6c992f-6177-5b38-a99d-4c1f8bf2d0e3', updated_by = '5ac46069-d153-5b50-a0be-8a017d379243' WHERE id = 1429;
UPDATE public.task SET created_by = 'a866962c-13a6-52c8-965b-d859c0325cb5', updated_by = '461f046b-b8af-5c8e-95dd-0f9194531ecb' WHERE id = 1430;
UPDATE public.task SET created_by = 'bc6c992f-6177-5b38-a99d-4c1f8bf2d0e3', updated_by = '71c8f57c-aae5-5ac8-8fc0-a1ff399b17b8' WHERE id = 1431;
UPDATE public.task SET created_by = 'dce623ef-801d-54b0-a2df-9358c082e29e', updated_by = '71c8f57c-aae5-5ac8-8fc0-a1ff399b17b8' WHERE id = 1432;
UPDATE public.task SET created_by = 'a866962c-13a6-52c8-965b-d859c0325cb5', updated_by = '4906cefc-1eec-5209-9bcc-28e8cf7c862a' WHERE id = 1433;
UPDATE public.task SET created_by = '5fef9e7c-116a-5504-a6ae-d16f4442d448', updated_by = '82d62e5d-3a42-5fcc-8eba-42d842fea91a' WHERE id = 1434;
UPDATE public.task SET created_by = '5f2c632c-1003-5d3e-94f5-6085899aa359', updated_by = 'b36ab93a-34cf-5d2f-8309-1f65466da6f0' WHERE id = 1435;
UPDATE public.task SET created_by = '44315cac-0a3d-513e-ae25-923183abdce2', updated_by = 'e4153ca5-d012-5995-bad4-086731587974' WHERE id = 1436;
UPDATE public.task SET created_by = '5ca75a8e-3605-5166-aa74-4e2e2fc0beef', updated_by = '8bb5337a-4ae8-5fe9-834c-d09e97c220b7' WHERE id = 1437;
UPDATE public.task SET created_by = '5f2c632c-1003-5d3e-94f5-6085899aa359', updated_by = '8bb5337a-4ae8-5fe9-834c-d09e97c220b7' WHERE id = 1438;
UPDATE public.task SET created_by = '6f72baed-b6f1-5fb7-a370-fb32611b758b', updated_by = 'b36ab93a-34cf-5d2f-8309-1f65466da6f0' WHERE id = 1439;
UPDATE public.task SET created_by = '5ac46069-d153-5b50-a0be-8a017d379243', updated_by = '815c84a1-9088-5e6f-b1ab-0853285c0e5d' WHERE id = 1440;
UPDATE public.task SET created_by = '44315cac-0a3d-513e-ae25-923183abdce2', updated_by = '0f5d546a-dd80-5406-a005-a4f3061b9fb4' WHERE id = 1441;
UPDATE public.task SET created_by = '0f5d546a-dd80-5406-a005-a4f3061b9fb4', updated_by = '0f5d546a-dd80-5406-a005-a4f3061b9fb4' WHERE id = 1442;
UPDATE public.task SET created_by = 'f50300db-d620-587a-a6c0-46d7f9ace912', updated_by = '461f046b-b8af-5c8e-95dd-0f9194531ecb' WHERE id = 1443;
UPDATE public.task SET created_by = '71c8f57c-aae5-5ac8-8fc0-a1ff399b17b8', updated_by = '3b2bfa08-09d7-5968-a3d8-4fe62753f511' WHERE id = 1444;
UPDATE public.task SET created_by = 'b36ab93a-34cf-5d2f-8309-1f65466da6f0', updated_by = '5fef9e7c-116a-5504-a6ae-d16f4442d448' WHERE id = 1445;
UPDATE public.task SET created_by = 'dce623ef-801d-54b0-a2df-9358c082e29e', updated_by = 'c9ea0237-6687-557a-b9a6-7641ce93392e' WHERE id = 1446;
UPDATE public.task SET created_by = 'b36ab93a-34cf-5d2f-8309-1f65466da6f0', updated_by = '0f5d546a-dd80-5406-a005-a4f3061b9fb4' WHERE id = 1447;
UPDATE public.task SET created_by = '05eee4fe-379a-5426-9023-edc77e045168', updated_by = '6f72baed-b6f1-5fb7-a370-fb32611b758b' WHERE id = 1448;
UPDATE public.task SET created_by = '5ac46069-d153-5b50-a0be-8a017d379243', updated_by = '0f5d546a-dd80-5406-a005-a4f3061b9fb4' WHERE id = 1449;
UPDATE public.task SET created_by = '461f046b-b8af-5c8e-95dd-0f9194531ecb', updated_by = '44315cac-0a3d-513e-ae25-923183abdce2' WHERE id = 1450;
UPDATE public.task SET created_by = '8bb5337a-4ae8-5fe9-834c-d09e97c220b7', updated_by = 'e4153ca5-d012-5995-bad4-086731587974' WHERE id = 1451;
UPDATE public.task SET created_by = '44315cac-0a3d-513e-ae25-923183abdce2', updated_by = '461f046b-b8af-5c8e-95dd-0f9194531ecb' WHERE id = 1452;
UPDATE public.task SET created_by = '698b6e50-7060-5752-b30f-c3c5d2ee3400', updated_by = 'c9ea0237-6687-557a-b9a6-7641ce93392e' WHERE id = 1453;
UPDATE public.task SET created_by = '5ac46069-d153-5b50-a0be-8a017d379243', updated_by = 'b36ab93a-34cf-5d2f-8309-1f65466da6f0' WHERE id = 1454;
UPDATE public.task SET created_by = '698b6e50-7060-5752-b30f-c3c5d2ee3400', updated_by = 'f14ee7a7-b3f9-561d-8cf7-983293f0008f' WHERE id = 1455;
UPDATE public.task SET created_by = '44315cac-0a3d-513e-ae25-923183abdce2', updated_by = 'dce623ef-801d-54b0-a2df-9358c082e29e' WHERE id = 1456;
UPDATE public.task SET created_by = '44315cac-0a3d-513e-ae25-923183abdce2', updated_by = '3b2bfa08-09d7-5968-a3d8-4fe62753f511' WHERE id = 1457;
UPDATE public.task SET created_by = '44315cac-0a3d-513e-ae25-923183abdce2', updated_by = '6f72baed-b6f1-5fb7-a370-fb32611b758b' WHERE id = 1458;
UPDATE public.task SET created_by = 'e4153ca5-d012-5995-bad4-086731587974', updated_by = 'e4153ca5-d012-5995-bad4-086731587974' WHERE id = 1459;
UPDATE public.task SET created_by = 'f14ee7a7-b3f9-561d-8cf7-983293f0008f', updated_by = '82d62e5d-3a42-5fcc-8eba-42d842fea91a' WHERE id = 1460;
UPDATE public.task SET created_by = '698b6e50-7060-5752-b30f-c3c5d2ee3400', updated_by = '4906cefc-1eec-5209-9bcc-28e8cf7c862a' WHERE id = 1461;
UPDATE public.task SET created_by = '698b6e50-7060-5752-b30f-c3c5d2ee3400', updated_by = '8bb5337a-4ae8-5fe9-834c-d09e97c220b7' WHERE id = 1462;
UPDATE public.task SET created_by = 'e4153ca5-d012-5995-bad4-086731587974', updated_by = '5fef9e7c-116a-5504-a6ae-d16f4442d448' WHERE id = 1463;
UPDATE public.task SET created_by = 'f14ee7a7-b3f9-561d-8cf7-983293f0008f', updated_by = '5f2c632c-1003-5d3e-94f5-6085899aa359' WHERE id = 1464;
UPDATE public.task SET created_by = '461f046b-b8af-5c8e-95dd-0f9194531ecb', updated_by = '5ac46069-d153-5b50-a0be-8a017d379243' WHERE id = 1465;
UPDATE public.task SET created_by = 'c9ea0237-6687-557a-b9a6-7641ce93392e', updated_by = '5fef9e7c-116a-5504-a6ae-d16f4442d448' WHERE id = 1466;
UPDATE public.task SET created_by = '5ca75a8e-3605-5166-aa74-4e2e2fc0beef', updated_by = '5ca75a8e-3605-5166-aa74-4e2e2fc0beef' WHERE id = 1467;
UPDATE public.task SET created_by = 'dce623ef-801d-54b0-a2df-9358c082e29e', updated_by = 'c9ea0237-6687-557a-b9a6-7641ce93392e' WHERE id = 1468;
UPDATE public.task SET created_by = '3b2bfa08-09d7-5968-a3d8-4fe62753f511', updated_by = 'dce623ef-801d-54b0-a2df-9358c082e29e' WHERE id = 1469;
UPDATE public.task SET created_by = '5ca75a8e-3605-5166-aa74-4e2e2fc0beef', updated_by = 'b36ab93a-34cf-5d2f-8309-1f65466da6f0' WHERE id = 1470;
UPDATE public.task SET created_by = '8bb5337a-4ae8-5fe9-834c-d09e97c220b7', updated_by = '71c8f57c-aae5-5ac8-8fc0-a1ff399b17b8' WHERE id = 1471;
UPDATE public.task SET created_by = '461f046b-b8af-5c8e-95dd-0f9194531ecb', updated_by = '4906cefc-1eec-5209-9bcc-28e8cf7c862a' WHERE id = 1472;
UPDATE public.task SET created_by = 'e4153ca5-d012-5995-bad4-086731587974', updated_by = '4906cefc-1eec-5209-9bcc-28e8cf7c862a' WHERE id = 1473;
UPDATE public.task SET created_by = '0f5d546a-dd80-5406-a005-a4f3061b9fb4', updated_by = 'b36ab93a-34cf-5d2f-8309-1f65466da6f0' WHERE id = 1474;
UPDATE public.task SET created_by = 'a866962c-13a6-52c8-965b-d859c0325cb5', updated_by = '82d62e5d-3a42-5fcc-8eba-42d842fea91a' WHERE id = 1475;
UPDATE public.task SET created_by = '5f2c632c-1003-5d3e-94f5-6085899aa359', updated_by = '5fef9e7c-116a-5504-a6ae-d16f4442d448' WHERE id = 1476;
UPDATE public.task SET created_by = '12b3f6e4-8e09-5767-b1ce-9d45589acea2', updated_by = '71c8f57c-aae5-5ac8-8fc0-a1ff399b17b8' WHERE id = 1477;
UPDATE public.task SET created_by = 'dce623ef-801d-54b0-a2df-9358c082e29e', updated_by = 'b36ab93a-34cf-5d2f-8309-1f65466da6f0' WHERE id = 1478;
UPDATE public.task SET created_by = 'a866962c-13a6-52c8-965b-d859c0325cb5', updated_by = 'a866962c-13a6-52c8-965b-d859c0325cb5' WHERE id = 1479;
UPDATE public.task SET created_by = '12b3f6e4-8e09-5767-b1ce-9d45589acea2', updated_by = '461f046b-b8af-5c8e-95dd-0f9194531ecb' WHERE id = 1480;
UPDATE public.task SET created_by = '461f046b-b8af-5c8e-95dd-0f9194531ecb', updated_by = '3b2bfa08-09d7-5968-a3d8-4fe62753f511' WHERE id = 1481;
UPDATE public.task SET created_by = '3b2bfa08-09d7-5968-a3d8-4fe62753f511', updated_by = 'b36ab93a-34cf-5d2f-8309-1f65466da6f0' WHERE id = 1482;
UPDATE public.task SET created_by = 'f50300db-d620-587a-a6c0-46d7f9ace912', updated_by = 'e4153ca5-d012-5995-bad4-086731587974' WHERE id = 1483;
UPDATE public.task SET created_by = '8bb5337a-4ae8-5fe9-834c-d09e97c220b7', updated_by = '461f046b-b8af-5c8e-95dd-0f9194531ecb' WHERE id = 1484;
UPDATE public.task SET created_by = '5fef9e7c-116a-5504-a6ae-d16f4442d448', updated_by = '5fef9e7c-116a-5504-a6ae-d16f4442d448' WHERE id = 1485;
UPDATE public.task SET created_by = 'a866962c-13a6-52c8-965b-d859c0325cb5', updated_by = '0f5d546a-dd80-5406-a005-a4f3061b9fb4' WHERE id = 1486;
UPDATE public.task SET created_by = 'dce623ef-801d-54b0-a2df-9358c082e29e', updated_by = 'b36ab93a-34cf-5d2f-8309-1f65466da6f0' WHERE id = 1487;
UPDATE public.task SET created_by = '5ca75a8e-3605-5166-aa74-4e2e2fc0beef', updated_by = 'dce623ef-801d-54b0-a2df-9358c082e29e' WHERE id = 1488;
UPDATE public.task SET created_by = 'b36ab93a-34cf-5d2f-8309-1f65466da6f0', updated_by = '5fef9e7c-116a-5504-a6ae-d16f4442d448' WHERE id = 1489;
UPDATE public.task SET created_by = '82d62e5d-3a42-5fcc-8eba-42d842fea91a', updated_by = '05eee4fe-379a-5426-9023-edc77e045168' WHERE id = 1490;
UPDATE public.task SET created_by = 'c9ea0237-6687-557a-b9a6-7641ce93392e', updated_by = '71c8f57c-aae5-5ac8-8fc0-a1ff399b17b8' WHERE id = 1491;
UPDATE public.task SET created_by = '0f5d546a-dd80-5406-a005-a4f3061b9fb4', updated_by = '461f046b-b8af-5c8e-95dd-0f9194531ecb' WHERE id = 1492;
UPDATE public.task SET created_by = '12b3f6e4-8e09-5767-b1ce-9d45589acea2', updated_by = '8bb5337a-4ae8-5fe9-834c-d09e97c220b7' WHERE id = 1493;
UPDATE public.task SET created_by = '5fef9e7c-116a-5504-a6ae-d16f4442d448', updated_by = 'f50300db-d620-587a-a6c0-46d7f9ace912' WHERE id = 1494;
UPDATE public.task SET created_by = '12b3f6e4-8e09-5767-b1ce-9d45589acea2', updated_by = '71c8f57c-aae5-5ac8-8fc0-a1ff399b17b8' WHERE id = 1495;
UPDATE public.task SET created_by = '44315cac-0a3d-513e-ae25-923183abdce2', updated_by = 'f14ee7a7-b3f9-561d-8cf7-983293f0008f' WHERE id = 1496;
UPDATE public.task SET created_by = 'dce623ef-801d-54b0-a2df-9358c082e29e', updated_by = 'bc6c992f-6177-5b38-a99d-4c1f8bf2d0e3' WHERE id = 1497;
UPDATE public.task SET created_by = 'dce623ef-801d-54b0-a2df-9358c082e29e', updated_by = 'c9ea0237-6687-557a-b9a6-7641ce93392e' WHERE id = 1498;
UPDATE public.task SET created_by = '5ac46069-d153-5b50-a0be-8a017d379243', updated_by = '0f5d546a-dd80-5406-a005-a4f3061b9fb4' WHERE id = 1499;
UPDATE public.task SET created_by = 'dce623ef-801d-54b0-a2df-9358c082e29e', updated_by = 'f14ee7a7-b3f9-561d-8cf7-983293f0008f' WHERE id = 1500;
SELECT setval('"public"."task_id_seq"'::regclass, (SELECT MAX("id") FROM "public"."task"));
