INSERT INTO auth.users (instance_id,id,aud,role,email,encrypted_password,email_confirmed_at,invited_at,confirmation_token,confirmation_sent_at,recovery_token,recovery_sent_at,email_change_token_new,email_change,email_change_sent_at,last_sign_in_at,raw_app_meta_data,raw_user_meta_data,is_super_admin,created_at,updated_at,phone,phone_confirmed_at,phone_change,phone_change_token,phone_change_sent_at,email_change_token_current,email_change_confirm_status,banned_until,reauthentication_token,reauthentication_sent_at,is_sso_user,deleted_at,is_anonymous) VALUES ('00000000-0000-0000-0000-000000000000', '0f5d546a-dd80-5406-a005-a4f3061b9fb4', 'authenticated', 'authenticated', 'test.user1@tickit.com', 'Declinguam utenim voluptas si quis inpore voluptatem, et omni expetum tament esse.', '2024-12-10T11:21:30.603Z', NULL, NULL, NULL, NULL, '2024-12-10T11:21:30.603Z', NULL, NULL, NULL, '2024-12-10T11:21:30.603Z', '{"provider":"email","providers":["email"]}', '{}', NULL, '2024-12-10T11:21:30.603Z', '2024-12-10T11:21:30.603Z', NULL, NULL, NULL, NULL, NULL, NULL, 0, NULL, NULL, NULL, 'f', NULL, 'f'), ('00000000-0000-0000-0000-000000000000', '5fef9e7c-116a-5504-a6ae-d16f4442d448', 'authenticated', 'authenticated', 'test.user2@tickit.com', 'Nota nec quietus quid per errore ipsa etriaque, graviora dicam inum potitat isse distinac docertiman placeat.', '2024-12-10T11:21:30.603Z', NULL, NULL, NULL, NULL, '2024-12-10T11:21:30.603Z', NULL, NULL, NULL, '2024-12-10T11:21:30.603Z', '{"provider":"email","providers":["email"]}', '{}', NULL, '2024-12-10T11:21:30.603Z', '2024-12-10T11:21:30.603Z', NULL, NULL, NULL, NULL, NULL, NULL, 0, NULL, NULL, NULL, 'f', NULL, 'f'), ('00000000-0000-0000-0000-000000000000', '5ac46069-d153-5b50-a0be-8a017d379243', 'authenticated', 'authenticated', 'test.user3@tickit.com', 'Viverire quid valla iudicartif molesse gerendam esse, tenta sapere rebus ii consed nec ne.', '2024-12-10T11:21:30.603Z', NULL, NULL, NULL, NULL, '2024-12-10T11:21:30.603Z', NULL, NULL, NULL, '2024-12-10T11:21:30.603Z', '{"provider":"email","providers":["email"]}', '{}', NULL, '2024-12-10T11:21:30.603Z', '2024-12-10T11:21:30.603Z', NULL, NULL, NULL, NULL, NULL, NULL, 0, NULL, NULL, NULL, 'f', NULL, 'f'), ('00000000-0000-0000-0000-000000000000', '5f2c632c-1003-5d3e-94f5-6085899aa359', 'authenticated', 'authenticated', 'test.user4@tickit.com', 'Sumit es quaeso endas iis neque non dolore, cum integrisque cum confecerun cum.', '2024-12-10T11:21:30.603Z', NULL, NULL, NULL, NULL, '2024-12-10T11:21:30.603Z', NULL, NULL, NULL, '2024-12-10T11:21:30.603Z', '{"provider":"email","providers":["email"]}', '{}', NULL, '2024-12-10T11:21:30.603Z', '2024-12-10T11:21:30.603Z', NULL, NULL, NULL, NULL, NULL, NULL, 0, NULL, NULL, NULL, 'f', NULL, 'f'), ('00000000-0000-0000-0000-000000000000', '71c8f57c-aae5-5ac8-8fc0-a1ff399b17b8', 'authenticated', 'authenticated', 'test.user5@tickit.com', 'Aut ea posset cum dissentanta, distinere discipitaq quae graeci debitem.', '2024-12-10T11:21:30.603Z', NULL, NULL, NULL, NULL, '2024-12-10T11:21:30.603Z', NULL, NULL, NULL, '2024-12-10T11:21:30.603Z', '{"provider":"email","providers":["email"]}', '{}', NULL, '2024-12-10T11:21:30.603Z', '2024-12-10T11:21:30.603Z', NULL, NULL, NULL, NULL, NULL, NULL, 0, NULL, NULL, NULL, 'f', NULL, 'f'), ('00000000-0000-0000-0000-000000000000', '815c84a1-9088-5e6f-b1ab-0853285c0e5d', 'authenticated', 'authenticated', 'test.user6@tickit.com', 'Patriam se poterea etiam hic divelabor non l.', '2024-12-10T11:21:30.603Z', NULL, NULL, NULL, NULL, '2024-12-10T11:21:30.603Z', NULL, NULL, NULL, '2024-12-10T11:21:30.603Z', '{"provider":"email","providers":["email"]}', '{}', NULL, '2024-12-10T11:21:30.603Z', '2024-12-10T11:21:30.603Z', NULL, NULL, NULL, NULL, NULL, NULL, 0, NULL, NULL, NULL, 'f', NULL, 'f'), ('00000000-0000-0000-0000-000000000000', 'f14ee7a7-b3f9-561d-8cf7-983293f0008f', 'authenticated', 'authenticated', 'test.user7@tickit.com', 'Eo quid correcus eam molest motus et sola.', '2024-12-10T11:21:30.603Z', NULL, NULL, NULL, NULL, '2024-12-10T11:21:30.603Z', NULL, NULL, NULL, '2024-12-10T11:21:30.603Z', '{"provider":"email","providers":["email"]}', '{}', NULL, '2024-12-10T11:21:30.603Z', '2024-12-10T11:21:30.603Z', NULL, NULL, NULL, NULL, NULL, NULL, 0, NULL, NULL, NULL, 'f', NULL, 'f'), ('00000000-0000-0000-0000-000000000000', 'e4153ca5-d012-5995-bad4-086731587974', 'authenticated', 'authenticated', 'test.user8@tickit.com', 'A nis voluptatem ista nam iteraliq non recus.', '2024-12-10T11:21:30.603Z', NULL, NULL, NULL, NULL, '2024-12-10T11:21:30.603Z', NULL, NULL, NULL, '2024-12-10T11:21:30.603Z', '{"provider":"email","providers":["email"]}', '{}', NULL, '2024-12-10T11:21:30.603Z', '2024-12-10T11:21:30.603Z', NULL, NULL, NULL, NULL, NULL, NULL, 0, NULL, NULL, NULL, 'f', NULL, 'f'), ('00000000-0000-0000-0000-000000000000', '8bb5337a-4ae8-5fe9-834c-d09e97c220b7', 'authenticated', 'authenticated', 'test.user9@tickit.com', 'Adverterror quisquam potest abilest tibus etur sumus detractis, industria intelleger parargueren qua pugnantibus gravisse nondum et.', '2024-12-10T11:21:30.603Z', NULL, NULL, NULL, NULL, '2024-12-10T11:21:30.603Z', NULL, NULL, NULL, '2024-12-10T11:21:30.603Z', '{"provider":"email","providers":["email"]}', '{}', NULL, '2024-12-10T11:21:30.603Z', '2024-12-10T11:21:30.603Z', NULL, NULL, NULL, NULL, NULL, NULL, 0, NULL, NULL, NULL, 'f', NULL, 'f'), ('00000000-0000-0000-0000-000000000000', 'b36ab93a-34cf-5d2f-8309-1f65466da6f0', 'authenticated', 'authenticated', 'test.user10@tickit.com', 'Voluptatis nihil quam fruuntur ab voluptate tollitterror.', '2024-12-10T11:21:30.603Z', NULL, NULL, NULL, NULL, '2024-12-10T11:21:30.603Z', NULL, NULL, NULL, '2024-12-10T11:21:30.603Z', '{"provider":"email","providers":["email"]}', '{}', NULL, '2024-12-10T11:21:30.603Z', '2024-12-10T11:21:30.603Z', NULL, NULL, NULL, NULL, NULL, NULL, 0, NULL, NULL, NULL, 'f', NULL, 'f'), ('00000000-0000-0000-0000-000000000000', '44315cac-0a3d-513e-ae25-923183abdce2', 'authenticated', 'authenticated', 'test.user11@tickit.com', 'Esse ratione stare nimium sentenda sint sua suis.', '2024-12-10T11:21:30.603Z', NULL, NULL, NULL, NULL, '2024-12-10T11:21:30.603Z', NULL, NULL, NULL, '2024-12-10T11:21:30.603Z', '{"provider":"email","providers":["email"]}', '{}', NULL, '2024-12-10T11:21:30.603Z', '2024-12-10T11:21:30.603Z', NULL, NULL, NULL, NULL, NULL, NULL, 0, NULL, NULL, NULL, 'f', NULL, 'f'), ('00000000-0000-0000-0000-000000000000', 'bc6c992f-6177-5b38-a99d-4c1f8bf2d0e3', 'authenticated', 'authenticated', 'test.user12@tickit.com', 'Locis tranquillae erudines monet quod sed.', '2024-12-10T11:21:30.603Z', NULL, NULL, NULL, NULL, '2024-12-10T11:21:30.603Z', NULL, NULL, NULL, '2024-12-10T11:21:30.603Z', '{"provider":"email","providers":["email"]}', '{}', NULL, '2024-12-10T11:21:30.603Z', '2024-12-10T11:21:30.603Z', NULL, NULL, NULL, NULL, NULL, NULL, 0, NULL, NULL, NULL, 'f', NULL, 'f'), ('00000000-0000-0000-0000-000000000000', '5ca75a8e-3605-5166-aa74-4e2e2fc0beef', 'authenticated', 'authenticated', 'test.user13@tickit.com', 'Inestiam qui volupletior facilius a maloribus foedusus quo.', '2024-12-10T11:21:30.603Z', NULL, NULL, NULL, NULL, '2024-12-10T11:21:30.603Z', NULL, NULL, NULL, '2024-12-10T11:21:30.603Z', '{"provider":"email","providers":["email"]}', '{}', NULL, '2024-12-10T11:21:30.603Z', '2024-12-10T11:21:30.603Z', NULL, NULL, NULL, NULL, NULL, NULL, 0, NULL, NULL, NULL, 'f', NULL, 'f'), ('00000000-0000-0000-0000-000000000000', '12b3f6e4-8e09-5767-b1ce-9d45589acea2', 'authenticated', 'authenticated', 'test.user14@tickit.com', 'Ensa acundo aeque iud effecta puerilia.', '2024-12-10T11:21:30.603Z', NULL, NULL, NULL, NULL, '2024-12-10T11:21:30.603Z', NULL, NULL, NULL, '2024-12-10T11:21:30.603Z', '{"provider":"email","providers":["email"]}', '{}', NULL, '2024-12-10T11:21:30.603Z', '2024-12-10T11:21:30.603Z', NULL, NULL, NULL, NULL, NULL, NULL, 0, NULL, NULL, NULL, 'f', NULL, 'f'), ('00000000-0000-0000-0000-000000000000', '461f046b-b8af-5c8e-95dd-0f9194531ecb', 'authenticated', 'authenticated', 'test.user15@tickit.com', 'Sit sola me dubium aegritatur poris tantopero nec.', '2024-12-10T11:21:30.603Z', NULL, NULL, NULL, NULL, '2024-12-10T11:21:30.603Z', NULL, NULL, NULL, '2024-12-10T11:21:30.603Z', '{"provider":"email","providers":["email"]}', '{}', NULL, '2024-12-10T11:21:30.603Z', '2024-12-10T11:21:30.603Z', NULL, NULL, NULL, NULL, NULL, NULL, 0, NULL, NULL, NULL, 'f', NULL, 'f'), ('00000000-0000-0000-0000-000000000000', 'dce623ef-801d-54b0-a2df-9358c082e29e', 'authenticated', 'authenticated', 'test.user16@tickit.com', 'Asper venerit potest versuum quaerenimpet.', '2024-12-10T11:21:30.603Z', NULL, NULL, NULL, NULL, '2024-12-10T11:21:30.603Z', NULL, NULL, NULL, '2024-12-10T11:21:30.603Z', '{"provider":"email","providers":["email"]}', '{}', NULL, '2024-12-10T11:21:30.603Z', '2024-12-10T11:21:30.603Z', NULL, NULL, NULL, NULL, NULL, NULL, 0, NULL, NULL, NULL, 'f', NULL, 'f'), ('00000000-0000-0000-0000-000000000000', '82d62e5d-3a42-5fcc-8eba-42d842fea91a', 'authenticated', 'authenticated', 'test.user17@tickit.com', 'Maiorem pendetraxis ine quod quodsi.', '2024-12-10T11:21:30.603Z', NULL, NULL, NULL, NULL, '2024-12-10T11:21:30.603Z', NULL, NULL, NULL, '2024-12-10T11:21:30.603Z', '{"provider":"email","providers":["email"]}', '{}', NULL, '2024-12-10T11:21:30.603Z', '2024-12-10T11:21:30.603Z', NULL, NULL, NULL, NULL, NULL, NULL, 0, NULL, NULL, NULL, 'f', NULL, 'f'), ('00000000-0000-0000-0000-000000000000', '4906cefc-1eec-5209-9bcc-28e8cf7c862a', 'authenticated', 'authenticated', 'test.user18@tickit.com', 'Turi torquate libid est placet.', '2024-12-10T11:21:30.603Z', NULL, NULL, NULL, NULL, '2024-12-10T11:21:30.603Z', NULL, NULL, NULL, '2024-12-10T11:21:30.603Z', '{"provider":"email","providers":["email"]}', '{}', NULL, '2024-12-10T11:21:30.603Z', '2024-12-10T11:21:30.603Z', NULL, NULL, NULL, NULL, NULL, NULL, 0, NULL, NULL, NULL, 'f', NULL, 'f'), ('00000000-0000-0000-0000-000000000000', 'c9ea0237-6687-557a-b9a6-7641ce93392e', 'authenticated', 'authenticated', 'test.user19@tickit.com', 'Eo legerigim litterum levat et quem praeclaret hoc, quippiam hosti celeret nostra dissentiar officille quam.', '2024-12-10T11:21:30.603Z', NULL, NULL, NULL, NULL, '2024-12-10T11:21:30.603Z', NULL, NULL, NULL, '2024-12-10T11:21:30.603Z', '{"provider":"email","providers":["email"]}', '{}', NULL, '2024-12-10T11:21:30.603Z', '2024-12-10T11:21:30.603Z', NULL, NULL, NULL, NULL, NULL, NULL, 0, NULL, NULL, NULL, 'f', NULL, 'f'), ('00000000-0000-0000-0000-000000000000', '698b6e50-7060-5752-b30f-c3c5d2ee3400', 'authenticated', 'authenticated', 'test.user20@tickit.com', 'Ex munere cum diis novum et igit, fructu mihi meo bonum mensae contenta non.', '2024-12-10T11:21:30.603Z', NULL, NULL, NULL, NULL, '2024-12-10T11:21:30.603Z', NULL, NULL, NULL, '2024-12-10T11:21:30.603Z', '{"provider":"email","providers":["email"]}', '{}', NULL, '2024-12-10T11:21:30.603Z', '2024-12-10T11:21:30.603Z', NULL, NULL, NULL, NULL, NULL, NULL, 0, NULL, NULL, NULL, 'f', NULL, 'f');
INSERT INTO auth.identities (provider_id,user_id,identity_data,provider,last_sign_in_at,created_at,updated_at,id) VALUES ('0f5d546a-dd80-5406-a005-a4f3061b9fb4', '0f5d546a-dd80-5406-a005-a4f3061b9fb4', '{"sub":"0f5d546a-dd80-5406-a005-a4f3061b9fb4","email":"test.user1@tickit.com"}', 'email', '2024-12-10T11:21:30.603Z', '2024-12-10T11:21:30.603Z', '2024-12-10T11:21:30.603Z', 'eb2b4a57-df1b-56a8-8a95-ca16989907f9'), ('5fef9e7c-116a-5504-a6ae-d16f4442d448', '5fef9e7c-116a-5504-a6ae-d16f4442d448', '{"sub":"5fef9e7c-116a-5504-a6ae-d16f4442d448","email":"test.user2@tickit.com"}', 'email', '2024-12-10T11:21:30.603Z', '2024-12-10T11:21:30.603Z', '2024-12-10T11:21:30.603Z', 'bf14d652-75df-5656-b5df-0c02c3fcb486'), ('5ac46069-d153-5b50-a0be-8a017d379243', '5ac46069-d153-5b50-a0be-8a017d379243', '{"sub":"5ac46069-d153-5b50-a0be-8a017d379243","email":"test.user3@tickit.com"}', 'email', '2024-12-10T11:21:30.603Z', '2024-12-10T11:21:30.603Z', '2024-12-10T11:21:30.603Z', '11b0d55f-744b-56a3-86fb-0e7442ced8ab'), ('5f2c632c-1003-5d3e-94f5-6085899aa359', '5f2c632c-1003-5d3e-94f5-6085899aa359', '{"sub":"5f2c632c-1003-5d3e-94f5-6085899aa359","email":"test.user4@tickit.com"}', 'email', '2024-12-10T11:21:30.603Z', '2024-12-10T11:21:30.603Z', '2024-12-10T11:21:30.603Z', '150a7299-a959-56d7-8725-7badd0539282'), ('71c8f57c-aae5-5ac8-8fc0-a1ff399b17b8', '71c8f57c-aae5-5ac8-8fc0-a1ff399b17b8', '{"sub":"71c8f57c-aae5-5ac8-8fc0-a1ff399b17b8","email":"test.user5@tickit.com"}', 'email', '2024-12-10T11:21:30.603Z', '2024-12-10T11:21:30.603Z', '2024-12-10T11:21:30.603Z', 'f4ad20e8-b55c-5bbf-a193-1bcd2de34826'), ('815c84a1-9088-5e6f-b1ab-0853285c0e5d', '815c84a1-9088-5e6f-b1ab-0853285c0e5d', '{"sub":"815c84a1-9088-5e6f-b1ab-0853285c0e5d","email":"test.user6@tickit.com"}', 'email', '2024-12-10T11:21:30.603Z', '2024-12-10T11:21:30.603Z', '2024-12-10T11:21:30.603Z', '4a9491f7-7963-5a23-b99b-6c31bd80efdb'), ('f14ee7a7-b3f9-561d-8cf7-983293f0008f', 'f14ee7a7-b3f9-561d-8cf7-983293f0008f', '{"sub":"f14ee7a7-b3f9-561d-8cf7-983293f0008f","email":"test.user7@tickit.com"}', 'email', '2024-12-10T11:21:30.603Z', '2024-12-10T11:21:30.603Z', '2024-12-10T11:21:30.603Z', '5766cc39-9c14-5701-84d0-46944ab9e232'), ('e4153ca5-d012-5995-bad4-086731587974', 'e4153ca5-d012-5995-bad4-086731587974', '{"sub":"e4153ca5-d012-5995-bad4-086731587974","email":"test.user8@tickit.com"}', 'email', '2024-12-10T11:21:30.603Z', '2024-12-10T11:21:30.603Z', '2024-12-10T11:21:30.603Z', '15d24f08-a02e-52e5-abea-0bad1856598b'), ('8bb5337a-4ae8-5fe9-834c-d09e97c220b7', '8bb5337a-4ae8-5fe9-834c-d09e97c220b7', '{"sub":"8bb5337a-4ae8-5fe9-834c-d09e97c220b7","email":"test.user9@tickit.com"}', 'email', '2024-12-10T11:21:30.603Z', '2024-12-10T11:21:30.603Z', '2024-12-10T11:21:30.603Z', '0b7111ca-b02a-5aa9-88c9-7d9d4480cb90'), ('b36ab93a-34cf-5d2f-8309-1f65466da6f0', 'b36ab93a-34cf-5d2f-8309-1f65466da6f0', '{"sub":"b36ab93a-34cf-5d2f-8309-1f65466da6f0","email":"test.user10@tickit.com"}', 'email', '2024-12-10T11:21:30.603Z', '2024-12-10T11:21:30.603Z', '2024-12-10T11:21:30.603Z', '9b271e1e-57a9-59cd-b639-0cdc1c4407a6'), ('44315cac-0a3d-513e-ae25-923183abdce2', '44315cac-0a3d-513e-ae25-923183abdce2', '{"sub":"44315cac-0a3d-513e-ae25-923183abdce2","email":"test.user11@tickit.com"}', 'email', '2024-12-10T11:21:30.603Z', '2024-12-10T11:21:30.603Z', '2024-12-10T11:21:30.603Z', '3282d533-7f68-5e89-86fa-fc8677b4d9bd'), ('bc6c992f-6177-5b38-a99d-4c1f8bf2d0e3', 'bc6c992f-6177-5b38-a99d-4c1f8bf2d0e3', '{"sub":"bc6c992f-6177-5b38-a99d-4c1f8bf2d0e3","email":"test.user12@tickit.com"}', 'email', '2024-12-10T11:21:30.603Z', '2024-12-10T11:21:30.603Z', '2024-12-10T11:21:30.603Z', 'e5e7b2ff-595a-5539-9fb0-ec6255c0c86e'), ('5ca75a8e-3605-5166-aa74-4e2e2fc0beef', '5ca75a8e-3605-5166-aa74-4e2e2fc0beef', '{"sub":"5ca75a8e-3605-5166-aa74-4e2e2fc0beef","email":"test.user13@tickit.com"}', 'email', '2024-12-10T11:21:30.603Z', '2024-12-10T11:21:30.603Z', '2024-12-10T11:21:30.603Z', '244decd4-56cd-5734-b941-d66796602506'), ('12b3f6e4-8e09-5767-b1ce-9d45589acea2', '12b3f6e4-8e09-5767-b1ce-9d45589acea2', '{"sub":"12b3f6e4-8e09-5767-b1ce-9d45589acea2","email":"test.user14@tickit.com"}', 'email', '2024-12-10T11:21:30.603Z', '2024-12-10T11:21:30.603Z', '2024-12-10T11:21:30.603Z', 'e5f41202-4a9b-502f-a407-03d4b21cdb9b'), ('461f046b-b8af-5c8e-95dd-0f9194531ecb', '461f046b-b8af-5c8e-95dd-0f9194531ecb', '{"sub":"461f046b-b8af-5c8e-95dd-0f9194531ecb","email":"test.user15@tickit.com"}', 'email', '2024-12-10T11:21:30.603Z', '2024-12-10T11:21:30.603Z', '2024-12-10T11:21:30.603Z', '82cc8dcd-0ef0-551d-bf62-4d5bf76a19ca'), ('dce623ef-801d-54b0-a2df-9358c082e29e', 'dce623ef-801d-54b0-a2df-9358c082e29e', '{"sub":"dce623ef-801d-54b0-a2df-9358c082e29e","email":"test.user16@tickit.com"}', 'email', '2024-12-10T11:21:30.603Z', '2024-12-10T11:21:30.603Z', '2024-12-10T11:21:30.603Z', '85ede0d4-70df-5f88-ac82-244045023055'), ('82d62e5d-3a42-5fcc-8eba-42d842fea91a', '82d62e5d-3a42-5fcc-8eba-42d842fea91a', '{"sub":"82d62e5d-3a42-5fcc-8eba-42d842fea91a","email":"test.user17@tickit.com"}', 'email', '2024-12-10T11:21:30.603Z', '2024-12-10T11:21:30.603Z', '2024-12-10T11:21:30.603Z', '59ff2003-d1fc-59ed-8961-019cd572ab0f'), ('4906cefc-1eec-5209-9bcc-28e8cf7c862a', '4906cefc-1eec-5209-9bcc-28e8cf7c862a', '{"sub":"4906cefc-1eec-5209-9bcc-28e8cf7c862a","email":"test.user18@tickit.com"}', 'email', '2024-12-10T11:21:30.603Z', '2024-12-10T11:21:30.603Z', '2024-12-10T11:21:30.603Z', 'fe6d4d2a-cbd2-5ce5-a914-6240b07a1643'), ('c9ea0237-6687-557a-b9a6-7641ce93392e', 'c9ea0237-6687-557a-b9a6-7641ce93392e', '{"sub":"c9ea0237-6687-557a-b9a6-7641ce93392e","email":"test.user19@tickit.com"}', 'email', '2024-12-10T11:21:30.603Z', '2024-12-10T11:21:30.603Z', '2024-12-10T11:21:30.603Z', 'ad292526-3a03-5d78-8cb8-cf4608ba0599'), ('698b6e50-7060-5752-b30f-c3c5d2ee3400', '698b6e50-7060-5752-b30f-c3c5d2ee3400', '{"sub":"698b6e50-7060-5752-b30f-c3c5d2ee3400","email":"test.user20@tickit.com"}', 'email', '2024-12-10T11:21:30.603Z', '2024-12-10T11:21:30.603Z', '2024-12-10T11:21:30.603Z', 'c1d58780-c7c4-5231-8bd9-68c1280cfd44');
UPDATE AUTH.USERS
        SET
            ENCRYPTED_PASSWORD = extensions.crypt('123', extensions.gen_salt('bf'));
UPDATE AUTH.USERS
        SET
            CONFIRMATION_TOKEN = '',
            RECOVERY_TOKEN = '',
            EMAIL_CHANGE = '',
            EMAIL_CHANGE_TOKEN_NEW = '',
            PHONE_CHANGE_TOKEN = '',
            PHONE_CHANGE = '',
            EMAIL_CHANGE_TOKEN_CURRENT = '',
            REAUTHENTICATION_TOKEN = '';
UPDATE public.profile
            SET
                first_name = 'Leon',
                last_name = 'Gorczany'
            WHERE
                user_id = '0f5d546a-dd80-5406-a005-a4f3061b9fb4';
INSERT INTO public.user_role (
                    user_id,
                    role_id
                ) VALUES (
                    '0f5d546a-dd80-5406-a005-a4f3061b9fb4',
                    1
                );
INSERT INTO public.user_role (
                    user_id,
                    role_id
                ) VALUES (
                    '0f5d546a-dd80-5406-a005-a4f3061b9fb4',
                    2
                );
INSERT INTO public.user_role (
                    user_id,
                    role_id
                ) VALUES (
                    '0f5d546a-dd80-5406-a005-a4f3061b9fb4',
                    3
                );
UPDATE public.profile
            SET
                first_name = 'Leanne',
                last_name = 'Price'
            WHERE
                user_id = '5fef9e7c-116a-5504-a6ae-d16f4442d448';
INSERT INTO public.user_role (
                user_id,
                role_id
            ) VALUES (
                '5fef9e7c-116a-5504-a6ae-d16f4442d448',
                2
            );
UPDATE public.profile
            SET
                first_name = 'Ryley',
                last_name = 'Wiza'
            WHERE
                user_id = '5ac46069-d153-5b50-a0be-8a017d379243';
INSERT INTO public.user_role (
                user_id,
                role_id
            ) VALUES (
                '5ac46069-d153-5b50-a0be-8a017d379243',
                1
            );
UPDATE public.profile
            SET
                first_name = 'Charles',
                last_name = 'Rohan'
            WHERE
                user_id = '5f2c632c-1003-5d3e-94f5-6085899aa359';
INSERT INTO public.user_role (
                user_id,
                role_id
            ) VALUES (
                '5f2c632c-1003-5d3e-94f5-6085899aa359',
                1
            );
UPDATE public.profile
            SET
                first_name = 'Viviane',
                last_name = 'Purdy'
            WHERE
                user_id = '71c8f57c-aae5-5ac8-8fc0-a1ff399b17b8';
UPDATE public.profile
                    SET
                        is_active = FALSE
                    WHERE
                        user_id = '71c8f57c-aae5-5ac8-8fc0-a1ff399b17b8';
INSERT INTO public.user_role (
                user_id,
                role_id
            ) VALUES (
                '71c8f57c-aae5-5ac8-8fc0-a1ff399b17b8',
                3
            );
UPDATE public.profile
            SET
                first_name = 'Frances',
                last_name = 'Gusikowski'
            WHERE
                user_id = '815c84a1-9088-5e6f-b1ab-0853285c0e5d';
INSERT INTO public.user_role (
                user_id,
                role_id
            ) VALUES (
                '815c84a1-9088-5e6f-b1ab-0853285c0e5d',
                2
            );
UPDATE public.profile
            SET
                first_name = 'Luis',
                last_name = 'Fay'
            WHERE
                user_id = 'f14ee7a7-b3f9-561d-8cf7-983293f0008f';
INSERT INTO public.user_role (
                user_id,
                role_id
            ) VALUES (
                'f14ee7a7-b3f9-561d-8cf7-983293f0008f',
                2
            );
UPDATE public.profile
            SET
                first_name = 'Riley',
                last_name = 'Lesch'
            WHERE
                user_id = 'e4153ca5-d012-5995-bad4-086731587974';
UPDATE public.profile
                    SET
                        is_active = FALSE
                    WHERE
                        user_id = 'e4153ca5-d012-5995-bad4-086731587974';
INSERT INTO public.user_role (
                user_id,
                role_id
            ) VALUES (
                'e4153ca5-d012-5995-bad4-086731587974',
                1
            );
UPDATE public.profile
            SET
                first_name = 'Reina',
                last_name = 'Jast'
            WHERE
                user_id = '8bb5337a-4ae8-5fe9-834c-d09e97c220b7';
INSERT INTO public.user_role (
                user_id,
                role_id
            ) VALUES (
                '8bb5337a-4ae8-5fe9-834c-d09e97c220b7',
                3
            );
UPDATE public.profile
            SET
                first_name = 'Felix',
                last_name = 'Stamm'
            WHERE
                user_id = 'b36ab93a-34cf-5d2f-8309-1f65466da6f0';
INSERT INTO public.user_role (
                user_id,
                role_id
            ) VALUES (
                'b36ab93a-34cf-5d2f-8309-1f65466da6f0',
                3
            );
UPDATE public.profile
            SET
                first_name = 'Lloyd',
                last_name = 'Koelpin'
            WHERE
                user_id = '44315cac-0a3d-513e-ae25-923183abdce2';
INSERT INTO public.user_role (
                user_id,
                role_id
            ) VALUES (
                '44315cac-0a3d-513e-ae25-923183abdce2',
                3
            );
UPDATE public.profile
            SET
                first_name = 'Israel',
                last_name = 'Cremin'
            WHERE
                user_id = 'bc6c992f-6177-5b38-a99d-4c1f8bf2d0e3';
INSERT INTO public.user_role (
                user_id,
                role_id
            ) VALUES (
                'bc6c992f-6177-5b38-a99d-4c1f8bf2d0e3',
                1
            );
UPDATE public.profile
            SET
                first_name = 'Preston',
                last_name = 'Feeney'
            WHERE
                user_id = '5ca75a8e-3605-5166-aa74-4e2e2fc0beef';
INSERT INTO public.user_role (
                user_id,
                role_id
            ) VALUES (
                '5ca75a8e-3605-5166-aa74-4e2e2fc0beef',
                3
            );
UPDATE public.profile
            SET
                first_name = 'Bertrand',
                last_name = 'Mraz'
            WHERE
                user_id = '12b3f6e4-8e09-5767-b1ce-9d45589acea2';
UPDATE public.profile
                    SET
                        is_active = FALSE
                    WHERE
                        user_id = '12b3f6e4-8e09-5767-b1ce-9d45589acea2';
INSERT INTO public.user_role (
                user_id,
                role_id
            ) VALUES (
                '12b3f6e4-8e09-5767-b1ce-9d45589acea2',
                2
            );
UPDATE public.profile
            SET
                first_name = 'Macie',
                last_name = 'Jakubowski'
            WHERE
                user_id = '461f046b-b8af-5c8e-95dd-0f9194531ecb';
INSERT INTO public.user_role (
                user_id,
                role_id
            ) VALUES (
                '461f046b-b8af-5c8e-95dd-0f9194531ecb',
                1
            );
UPDATE public.profile
            SET
                first_name = 'Doris',
                last_name = 'Lueilwitz'
            WHERE
                user_id = 'dce623ef-801d-54b0-a2df-9358c082e29e';
INSERT INTO public.user_role (
                user_id,
                role_id
            ) VALUES (
                'dce623ef-801d-54b0-a2df-9358c082e29e',
                1
            );
UPDATE public.profile
            SET
                first_name = 'Nestor',
                last_name = 'Stanton'
            WHERE
                user_id = '82d62e5d-3a42-5fcc-8eba-42d842fea91a';
INSERT INTO public.user_role (
                user_id,
                role_id
            ) VALUES (
                '82d62e5d-3a42-5fcc-8eba-42d842fea91a',
                3
            );
UPDATE public.profile
            SET
                first_name = 'Mona',
                last_name = 'Bashirian'
            WHERE
                user_id = '4906cefc-1eec-5209-9bcc-28e8cf7c862a';
INSERT INTO public.user_role (
                user_id,
                role_id
            ) VALUES (
                '4906cefc-1eec-5209-9bcc-28e8cf7c862a',
                1
            );
UPDATE public.profile
            SET
                first_name = 'Chelsea',
                last_name = 'White'
            WHERE
                user_id = 'c9ea0237-6687-557a-b9a6-7641ce93392e';
INSERT INTO public.user_role (
                user_id,
                role_id
            ) VALUES (
                'c9ea0237-6687-557a-b9a6-7641ce93392e',
                1
            );
UPDATE public.profile
            SET
                first_name = 'Mateo',
                last_name = 'Crist'
            WHERE
                user_id = '698b6e50-7060-5752-b30f-c3c5d2ee3400';
INSERT INTO public.user_role (
                user_id,
                role_id
            ) VALUES (
                '698b6e50-7060-5752-b30f-c3c5d2ee3400',
                3
            );
INSERT INTO public.project (id,name,created_at,created_by,updated_at,updated_by) VALUES (484, 'Minatque composset eadem igenti', '2020-08-12T19:35:44.000Z', NULL, '2020-11-07T22:34:27.000Z', NULL), (485, 'Aut iudicarbit sunt a', '2020-03-11T02:43:18.000Z', NULL, '2020-10-26T09:55:34.000Z', NULL), (486, 'Hoc', '2020-08-28T19:38:13.000Z', NULL, '2020-11-19T22:46:39.000Z', NULL), (487, 'Arridenim', '2020-04-20T03:05:32.000Z', NULL, '2020-05-09T04:53:11.000Z', NULL), (488, 'Aut', '2020-02-02T01:55:47.000Z', NULL, '2020-05-05T04:58:57.000Z', NULL), (489, 'Maxim enim tuo quia causa', '2020-09-01T08:53:55.000Z', NULL, '2020-11-03T22:37:53.000Z', NULL), (490, 'Bene fieri ob aut', '2020-04-24T03:32:45.000Z', NULL, '2020-02-10T01:08:37.000Z', NULL), (491, 'Ea contra collegunt mox tribuatur', '2020-03-27T14:59:53.000Z', NULL, '2020-09-25T20:57:13.000Z', NULL);
UPDATE public.project SET created_by = '0f5d546a-dd80-5406-a005-a4f3061b9fb4', updated_by = '698b6e50-7060-5752-b30f-c3c5d2ee3400' WHERE id = 484;
UPDATE public.project SET created_by = '0f5d546a-dd80-5406-a005-a4f3061b9fb4', updated_by = 'dce623ef-801d-54b0-a2df-9358c082e29e' WHERE id = 485;
UPDATE public.project SET created_by = '0f5d546a-dd80-5406-a005-a4f3061b9fb4', updated_by = '4906cefc-1eec-5209-9bcc-28e8cf7c862a' WHERE id = 486;
UPDATE public.project SET created_by = '0f5d546a-dd80-5406-a005-a4f3061b9fb4', updated_by = 'b36ab93a-34cf-5d2f-8309-1f65466da6f0' WHERE id = 487;
UPDATE public.project SET created_by = '0f5d546a-dd80-5406-a005-a4f3061b9fb4', updated_by = '5fef9e7c-116a-5504-a6ae-d16f4442d448' WHERE id = 488;
UPDATE public.project SET created_by = '0f5d546a-dd80-5406-a005-a4f3061b9fb4', updated_by = 'c9ea0237-6687-557a-b9a6-7641ce93392e' WHERE id = 489;
UPDATE public.project SET created_by = '0f5d546a-dd80-5406-a005-a4f3061b9fb4', updated_by = 'dce623ef-801d-54b0-a2df-9358c082e29e' WHERE id = 490;
UPDATE public.project SET created_by = '0f5d546a-dd80-5406-a005-a4f3061b9fb4', updated_by = 'c9ea0237-6687-557a-b9a6-7641ce93392e' WHERE id = 491;
SELECT setval('"public"."project_id_seq"'::regclass, (SELECT MAX("id") FROM "public"."project"));
INSERT INTO public.task (id,project_id,task_status_id,task_priority_id,assigned_user_id,name,description,deadline,created_at,created_by,updated_at,updated_by) VALUES (4908, 484, 3, 2, '0f5d546a-dd80-5406-a005-a4f3061b9fb4', 'Etsi quibus tes parabo', 'In eram num maxim sed rationem legen im. Asperciplin non frui quidemque ut bona, nis anim crudelegan quasi es audivolven it ipsa. Constantia ne non si ear repudincid de est. Epicur praesersas discorrecor est multoque. Laturae quae nullam sed voluptatib odia torquate, at sed metu sed quae deinde.', '2025-10-26T09:26:10.163Z', '2020-07-07T18:41:39.000Z', NULL, '2020-01-25T12:58:26.000Z', NULL), (4909, 484, 3, 2, '44315cac-0a3d-513e-ae25-923183abdce2', 'Autemodioq inquit futur', 'Endarum omos via quid restate, voluptas optarenti ratio inhumilem quisquamquamquam. Si quod in nec voluptatib quadam nostris videt, esse non sent paene sancirco.', '2025-07-12T03:04:24.301Z', '2020-02-06T13:19:02.000Z', NULL, '2020-02-18T13:15:30.000Z', NULL), (4910, 484, 3, 1, '44315cac-0a3d-513e-ae25-923183abdce2', 'Effectus nobisse cum', 'Dici dolenimas natur esse ponsummum meliuste. Cuiquam si posse quia ad, quae recta sed et dam. Repeligit essariae sed appellant locos, nec ab recte cum ophi probatum. Titum ea aliquisti deditat soliditat es, se liberuisse se mnesari sine patre l se. Nec dicerab quod cogitas consecut est placet, non corporrecte sive amicitia bona enimus.', '2025-02-03T04:21:36.308Z', '2020-05-17T04:52:52.000Z', NULL, '2020-12-20T12:13:05.000Z', NULL), (4911, 484, 3, 4, '71c8f57c-aae5-5ac8-8fc0-a1ff399b17b8', 'Reret omnescius qui', 'Is cum omnescio te igione, et hoc probatio horribiliae si feratione iis. Sit postea in virtutem quam tot c aut. Et non gymnasia viti habersia, et parat satureis sed iliuste a. Dicitavis inquit eaque haec quasi er poenis habet. Sed repuditer qui posse debent.', '2025-01-12T01:31:25.699Z', '2020-05-25T04:45:11.000Z', NULL, '2020-08-20T08:05:14.000Z', NULL), (4912, 484, 3, 4, '71c8f57c-aae5-5ac8-8fc0-a1ff399b17b8', 'Et vos omne per celsustulis', 'Non homin meminfinit maximo omnia a iucunt nec. Amici possunt odere nam quamquam.', '2025-04-25T00:11:19.845Z', '2020-02-02T13:11:31.000Z', NULL, '2020-05-21T16:57:49.000Z', NULL), (4913, 484, 3, 2, '5ca75a8e-3605-5166-aa74-4e2e2fc0beef', 'Medium', 'Igitatus credo eritur modistipat de, ent fortitiam ut igandis apudo expetendum uti. Quae et referat et cupidis. Epicia es nec se qua physicisque quoque expetuisse, quae int natur inum sentiaret is perspicuum. Cum cognitudin abunt sus loqueruntur per quae, quo lenitaque sic enim escerte ut. Homin ut est levitaque vivent, cumcisaque propterrogar cogitatque pertur dicereatur.', '2025-07-23T20:57:13.745Z', '2020-01-21T12:33:47.000Z', NULL, '2020-01-01T12:37:52.000Z', NULL), (4914, 484, 1, 4, '82d62e5d-3a42-5fcc-8eba-42d842fea91a', 'Officiantur volupercen fingi tam quasi', 'Neque ut discorporis etiam qua.', '2025-01-11T11:44:16.318Z', '2020-04-20T03:53:12.000Z', NULL, '2020-06-06T17:37:29.000Z', NULL), (4915, 484, 1, 3, 'b36ab93a-34cf-5d2f-8309-1f65466da6f0', 'Es cum', 'Doloribus hausta inum cenda chremesse cum, sed eamque rem voluptasse nisi geniis. Quo dicavi panaetere explicatque ines motum. Nullam intellegam quae eum et sapiens. Torquate habere est disciplinat inbecil. Esse itatomni et sunt alique dicandae, consentiri saluti erire a video quod.', '2025-08-06T09:45:39.283Z', '2020-03-23T14:40:15.000Z', NULL, '2020-01-05T00:49:22.000Z', NULL), (4916, 484, 3, 3, '8bb5337a-4ae8-5fe9-834c-d09e97c220b7', 'Declinatu ad quadamotios ari', 'Audac se ationisci nobisse endi inatomnium atestatis quippiam. Pedit segnitio illas mediocritea quaeritura non atque nec, ut hoc ratio quos aiebat. Quamquam amargumen placator es etiam esticiam profectram nulla. Probanest oditiam oresse adversam honest putantiam aris. Ea uti maximpore unt amorum.', '2025-04-15T19:07:47.292Z', '2020-07-15T06:54:43.000Z', NULL, '2020-09-25T20:39:24.000Z', NULL);
UPDATE public.task SET created_by = '0f5d546a-dd80-5406-a005-a4f3061b9fb4', updated_by = 'bc6c992f-6177-5b38-a99d-4c1f8bf2d0e3' WHERE id = 4908;
UPDATE public.task SET created_by = '0f5d546a-dd80-5406-a005-a4f3061b9fb4', updated_by = '5fef9e7c-116a-5504-a6ae-d16f4442d448' WHERE id = 4909;
UPDATE public.task SET created_by = '0f5d546a-dd80-5406-a005-a4f3061b9fb4', updated_by = '0f5d546a-dd80-5406-a005-a4f3061b9fb4' WHERE id = 4910;
UPDATE public.task SET created_by = '0f5d546a-dd80-5406-a005-a4f3061b9fb4', updated_by = '8bb5337a-4ae8-5fe9-834c-d09e97c220b7' WHERE id = 4911;
UPDATE public.task SET created_by = '0f5d546a-dd80-5406-a005-a4f3061b9fb4', updated_by = 'f14ee7a7-b3f9-561d-8cf7-983293f0008f' WHERE id = 4912;
UPDATE public.task SET created_by = '0f5d546a-dd80-5406-a005-a4f3061b9fb4', updated_by = 'e4153ca5-d012-5995-bad4-086731587974' WHERE id = 4913;
UPDATE public.task SET created_by = '0f5d546a-dd80-5406-a005-a4f3061b9fb4', updated_by = '698b6e50-7060-5752-b30f-c3c5d2ee3400' WHERE id = 4914;
UPDATE public.task SET created_by = '0f5d546a-dd80-5406-a005-a4f3061b9fb4', updated_by = '815c84a1-9088-5e6f-b1ab-0853285c0e5d' WHERE id = 4915;
UPDATE public.task SET created_by = '0f5d546a-dd80-5406-a005-a4f3061b9fb4', updated_by = 'bc6c992f-6177-5b38-a99d-4c1f8bf2d0e3' WHERE id = 4916;
SELECT setval('"public"."task_id_seq"'::regclass, (SELECT MAX("id") FROM "public"."task"));
INSERT INTO public.task (id,project_id,task_status_id,task_priority_id,assigned_user_id,name,description,deadline,created_at,created_by,updated_at,updated_by) VALUES (4917, 485, 1, 4, '0f5d546a-dd80-5406-a005-a4f3061b9fb4', 'Nec quam', 'Em animi cum solvantur ut huius si expedit. Mortis et sed scriptorquatus arenda res faciant igit.', '2025-03-30T08:35:22.276Z', '2020-06-22T17:32:23.000Z', NULL, '2020-10-10T21:57:17.000Z', NULL), (4918, 485, 1, 2, '44315cac-0a3d-513e-ae25-923183abdce2', 'Quam qui es', 'Plus dolorum homincur aliae inissenser, turbulendum dolorum si senecto verbis voluptates labore de. In inendam sine ina aborumque, voluptate simi maiora videt morborum desidua is.', '2025-03-03T16:17:31.265Z', '2020-06-10T17:14:22.000Z', NULL, '2020-08-24T19:43:10.000Z', NULL), (4919, 485, 2, 2, '44315cac-0a3d-513e-ae25-923183abdce2', 'Est', 'Est id nihilo de quid quidem. Modo nec illum nos voluptatib bonum se, alittenen regulant ter finiteran et sunt et. Tuemur sapiendisser es eptrice desid de dolore quaerit, incurrunt nec haec inatum in quam. Intellegun lenita debit quam causa et veniunturum expetu. Verbis factissimil quid extremum esta multo maximprobar, motum doctis coniunctione epice quem ficilito si omnem.', '2025-05-06T22:49:08.755Z', '2020-10-22T21:18:41.000Z', NULL, '2020-11-19T22:35:29.000Z', NULL);
UPDATE public.task SET created_by = '0f5d546a-dd80-5406-a005-a4f3061b9fb4', updated_by = '8bb5337a-4ae8-5fe9-834c-d09e97c220b7' WHERE id = 4917;
UPDATE public.task SET created_by = '0f5d546a-dd80-5406-a005-a4f3061b9fb4', updated_by = '815c84a1-9088-5e6f-b1ab-0853285c0e5d' WHERE id = 4918;
UPDATE public.task SET created_by = '0f5d546a-dd80-5406-a005-a4f3061b9fb4', updated_by = '44315cac-0a3d-513e-ae25-923183abdce2' WHERE id = 4919;
SELECT setval('"public"."task_id_seq"'::regclass, (SELECT MAX("id") FROM "public"."task"));
INSERT INTO public.task (id,project_id,task_status_id,task_priority_id,assigned_user_id,name,description,deadline,created_at,created_by,updated_at,updated_by) VALUES (4920, 486, 3, 2, '0f5d546a-dd80-5406-a005-a4f3061b9fb4', 'Antium philosopor nec', 'Careat ponunum quae in fugientia et bono duo. Maximos ut omnissimplic ari ac locum legunt, qui dictum sit modi natur undiae romanimo si. Sed modo qui habeat potiuste ponderepic probantiqua torquatos. Viveratio quas et desidie naturalter, quam non beatus eo domo ad. Ratione amicurnit atque tem etiam non, expeten vel extremum fautrices aliosae quae nacti as.', '2025-02-28T10:31:19.258Z', '2020-06-14T05:49:58.000Z', NULL, '2020-08-04T07:12:53.000Z', NULL), (4921, 486, 1, 3, '44315cac-0a3d-513e-ae25-923183abdce2', 'Eque se delectarum fuit ilius', 'Homin profecordat vivere partestibiq et, esse vacarendi sic um tam neces transferamar iisque.', '2025-01-25T04:31:03.962Z', '2020-01-17T12:40:14.000Z', NULL, '2020-10-18T21:37:57.000Z', NULL), (4922, 486, 3, 3, '44315cac-0a3d-513e-ae25-923183abdce2', 'Im beateque', 'Possimum idinam cyrenaicis cogit aut verter. Cum ilium ne iti si ilem voluptates.', '2025-01-30T12:32:48.486Z', '2020-04-16T15:03:01.000Z', NULL, '2020-08-28T19:13:38.000Z', NULL), (4923, 486, 1, 2, '71c8f57c-aae5-5ac8-8fc0-a1ff399b17b8', 'Vos', 'Vitiis et sit epicur maximam eamus, dolortum his iucundius potes nunc. Quid voluptatem iudicura animus viveria hoc claudicitia sapientes.', '2025-08-27T20:12:20.416Z', '2020-11-23T22:26:27.000Z', NULL, '2020-06-02T17:20:25.000Z', NULL);
UPDATE public.task SET created_by = '0f5d546a-dd80-5406-a005-a4f3061b9fb4', updated_by = '461f046b-b8af-5c8e-95dd-0f9194531ecb' WHERE id = 4920;
UPDATE public.task SET created_by = '0f5d546a-dd80-5406-a005-a4f3061b9fb4', updated_by = 'c9ea0237-6687-557a-b9a6-7641ce93392e' WHERE id = 4921;
UPDATE public.task SET created_by = '0f5d546a-dd80-5406-a005-a4f3061b9fb4', updated_by = '71c8f57c-aae5-5ac8-8fc0-a1ff399b17b8' WHERE id = 4922;
UPDATE public.task SET created_by = '0f5d546a-dd80-5406-a005-a4f3061b9fb4', updated_by = '5ca75a8e-3605-5166-aa74-4e2e2fc0beef' WHERE id = 4923;
SELECT setval('"public"."task_id_seq"'::regclass, (SELECT MAX("id") FROM "public"."task"));
INSERT INTO public.task (id,project_id,task_status_id,task_priority_id,assigned_user_id,name,description,deadline,created_at,created_by,updated_at,updated_by) VALUES (4924, 487, 3, 2, '0f5d546a-dd80-5406-a005-a4f3061b9fb4', 'Quidem minimus', 'Dictasse necest sic nullam debiliores dolorat contra ad, videt corpora in constitut non maximus. Cum acesset dam autem non dixi.', '2025-01-29T04:23:46.170Z', '2020-10-14T21:44:39.000Z', NULL, '2020-06-02T05:23:12.000Z', NULL), (4925, 487, 2, 3, '44315cac-0a3d-513e-ae25-923183abdce2', 'Pertinctio', 'Fuisset ad nec etiam inoporat si non, parte cum tentia hoc malum. Malorita se ego appetum autem declineam uta. Scriberruisset uti quae convicin haec omi persequatur, nihilesta ut invidis maximperpet pugnari quid.', '2025-05-10T23:19:21.837Z', '2020-12-20T12:07:22.000Z', NULL, '2020-12-05T00:03:01.000Z', NULL), (4926, 487, 3, 1, '44315cac-0a3d-513e-ae25-923183abdce2', 'Esse quietus ad sint', 'Ut idium ido serento eam, ut homin diligit cum relique ut compluribus. Saepe quid matumque vitam cant, depravate vera est aliquem autem esse quo. Exis nomin quia pernere atore, tum singulosop est dubit beatequos inerate. Alia dolortetur metu rebus cariterror sophocles sit quae, multo multamendi utrum cum sempercursu crederta pueros et. Sus ipse mortale in autem stabilisti atione.', '2025-10-09T17:41:18.530Z', '2020-02-26T01:20:04.000Z', NULL, '2020-01-01T12:50:13.000Z', NULL), (4927, 487, 1, 1, '71c8f57c-aae5-5ac8-8fc0-a1ff399b17b8', 'Quociri', 'Theophrastus subtilius est et parvos istunae. Ut explicatur dis sumus ea probo ant. Este quorum est vivenimum torum contingeren quoquo possunt, me mortalibus corpore antia graeci quam sed.', '2025-02-22T09:44:43.250Z', '2020-12-28T23:38:01.000Z', NULL, '2020-08-24T20:00:38.000Z', NULL);
UPDATE public.task SET created_by = '0f5d546a-dd80-5406-a005-a4f3061b9fb4', updated_by = '461f046b-b8af-5c8e-95dd-0f9194531ecb' WHERE id = 4924;
UPDATE public.task SET created_by = '0f5d546a-dd80-5406-a005-a4f3061b9fb4', updated_by = '815c84a1-9088-5e6f-b1ab-0853285c0e5d' WHERE id = 4925;
UPDATE public.task SET created_by = '0f5d546a-dd80-5406-a005-a4f3061b9fb4', updated_by = '44315cac-0a3d-513e-ae25-923183abdce2' WHERE id = 4926;
UPDATE public.task SET created_by = '0f5d546a-dd80-5406-a005-a4f3061b9fb4', updated_by = 'f14ee7a7-b3f9-561d-8cf7-983293f0008f' WHERE id = 4927;
SELECT setval('"public"."task_id_seq"'::regclass, (SELECT MAX("id") FROM "public"."task"));
INSERT INTO public.task (id,project_id,task_status_id,task_priority_id,assigned_user_id,name,description,deadline,created_at,created_by,updated_at,updated_by) VALUES (4928, 488, 2, 1, '0f5d546a-dd80-5406-a005-a4f3061b9fb4', 'Quasi successeren feratomor', 'Usdam atigit nihil tantum praeterem consuetudin nostrum.', '2025-10-01T01:16:09.091Z', '2020-02-26T13:08:53.000Z', NULL, '2020-02-06T01:52:22.000Z', NULL), (4929, 488, 3, 3, '44315cac-0a3d-513e-ae25-923183abdce2', 'Sapientiam attulet', 'Consum aut et factissimo nam estiae.', '2025-10-27T17:03:04.203Z', '2020-11-07T22:22:27.000Z', NULL, '2020-10-10T09:43:18.000Z', NULL), (4930, 488, 3, 2, '44315cac-0a3d-513e-ae25-923183abdce2', 'Mens bonordation mox erius sensibus', 'Quasi qui tamendi multa filium. Non mihi atisse mea desiditi qui omnia non. Caeco repere nullo enim ere, et cum in conferrenov quasi.', '2025-02-26T01:12:19.352Z', '2020-12-09T00:09:51.000Z', NULL, '2020-02-18T01:10:37.000Z', NULL), (4931, 488, 2, 3, '71c8f57c-aae5-5ac8-8fc0-a1ff399b17b8', 'Consententia', 'Seiunctum ad nostra ullam tradunturbul inant sit.', '2025-10-24T05:46:26.444Z', '2020-03-03T14:55:03.000Z', NULL, '2020-11-07T10:44:50.000Z', NULL), (4932, 488, 2, 4, '71c8f57c-aae5-5ac8-8fc0-a1ff399b17b8', 'Oditurov', 'Latinvita quae physico quam vel, bonum nihillud audiam voce reprehen aut bonortet. Nostros firmaviti moda sed libid rationum. Dici inbecilit nec efficia ine effecis are. Potestatis etur refere voluptates noscerem conflixis cumbere. Es videt a ad a ad.', '2025-06-14T03:56:30.595Z', '2020-08-12T20:08:57.000Z', NULL, '2020-05-01T04:30:21.000Z', NULL), (4933, 488, 1, 1, '5ca75a8e-3605-5166-aa74-4e2e2fc0beef', 'Fautricest cum quam est ab', 'Est quam id videt epicanim de.', '2025-08-01T15:23:23.256Z', '2020-03-03T14:21:02.000Z', NULL, '2020-04-04T03:43:16.000Z', NULL), (4934, 488, 2, 3, '82d62e5d-3a42-5fcc-8eba-42d842fea91a', 'Enimicur dum', 'Geomet divin ita tanta ipsa omnia meliora nam, aptiorestum faciunt scriptum tendissermo cum sapientiam multos. Factis iis modo veniraccus ego prohibidem, ut ruant declineam ne extremo diligantes minis. Sit us conventorum epicurae caderatib sentientissim et desiderror. Tam praetertamen adophia praesenimos neque sensio non.', '2025-03-02T04:45:20.615Z', '2020-06-02T17:50:42.000Z', NULL, '2020-05-13T16:53:50.000Z', NULL), (4935, 488, 2, 3, 'b36ab93a-34cf-5d2f-8309-1f65466da6f0', 'Oratione', 'Am alterdicer dolorum legens quam ellas quis et. Quod ex laboration et beateque ant et.', '2025-04-06T17:38:26.187Z', '2020-12-16T23:22:55.000Z', NULL, '2020-11-19T11:14:31.000Z', NULL);
UPDATE public.task SET created_by = '0f5d546a-dd80-5406-a005-a4f3061b9fb4', updated_by = '698b6e50-7060-5752-b30f-c3c5d2ee3400' WHERE id = 4928;
UPDATE public.task SET created_by = '0f5d546a-dd80-5406-a005-a4f3061b9fb4', updated_by = 'e4153ca5-d012-5995-bad4-086731587974' WHERE id = 4929;
UPDATE public.task SET created_by = '0f5d546a-dd80-5406-a005-a4f3061b9fb4', updated_by = '5ac46069-d153-5b50-a0be-8a017d379243' WHERE id = 4930;
UPDATE public.task SET created_by = '0f5d546a-dd80-5406-a005-a4f3061b9fb4', updated_by = '461f046b-b8af-5c8e-95dd-0f9194531ecb' WHERE id = 4931;
UPDATE public.task SET created_by = '0f5d546a-dd80-5406-a005-a4f3061b9fb4', updated_by = '82d62e5d-3a42-5fcc-8eba-42d842fea91a' WHERE id = 4932;
UPDATE public.task SET created_by = '0f5d546a-dd80-5406-a005-a4f3061b9fb4', updated_by = '815c84a1-9088-5e6f-b1ab-0853285c0e5d' WHERE id = 4933;
UPDATE public.task SET created_by = '0f5d546a-dd80-5406-a005-a4f3061b9fb4', updated_by = '0f5d546a-dd80-5406-a005-a4f3061b9fb4' WHERE id = 4934;
UPDATE public.task SET created_by = '0f5d546a-dd80-5406-a005-a4f3061b9fb4', updated_by = '5fef9e7c-116a-5504-a6ae-d16f4442d448' WHERE id = 4935;
SELECT setval('"public"."task_id_seq"'::regclass, (SELECT MAX("id") FROM "public"."task"));
INSERT INTO public.task (id,project_id,task_status_id,task_priority_id,assigned_user_id,name,description,deadline,created_at,created_by,updated_at,updated_by) VALUES (4936, 489, 2, 2, '0f5d546a-dd80-5406-a005-a4f3061b9fb4', 'Anteponium se', 'Sollicebim est autem abo desis. Deter tur autemus natur metuamur commune disciplinam.', '2025-04-14T10:08:37.914Z', '2020-12-05T00:09:47.000Z', NULL, '2020-04-28T04:05:06.000Z', NULL), (4937, 489, 3, 3, '44315cac-0a3d-513e-ae25-923183abdce2', 'Situm aris probare noster sit', 'Patet voluptas liberta quem si, nos navi futura etiam concedentin omnium firmaterun quae. Ophia permultos ere laudarem quae minim ipsummum. Autem ad neque veri corporis plato rationisque et, efficerud quo copula ullus es magnus et. Efflores qui regionem ines igione ego esse, um privavis et voluptas vetuit vita iis.', '2025-05-17T01:42:06.694Z', '2020-09-17T20:46:51.000Z', NULL, '2020-03-19T02:29:06.000Z', NULL), (4938, 489, 2, 3, '44315cac-0a3d-513e-ae25-923183abdce2', 'Ipsum et plena', 'Imequos am rerum de videnim. Pariuntur hinc epicis ait pertinis, ante se albuciustior quibus memoratem extremum a autem. Recte deinde en quod segnitate.', '2025-04-13T13:32:42.101Z', '2020-11-07T23:02:04.000Z', NULL, '2020-04-08T15:11:38.000Z', NULL);
UPDATE public.task SET created_by = '0f5d546a-dd80-5406-a005-a4f3061b9fb4', updated_by = '4906cefc-1eec-5209-9bcc-28e8cf7c862a' WHERE id = 4936;
UPDATE public.task SET created_by = '0f5d546a-dd80-5406-a005-a4f3061b9fb4', updated_by = 'e4153ca5-d012-5995-bad4-086731587974' WHERE id = 4937;
UPDATE public.task SET created_by = '0f5d546a-dd80-5406-a005-a4f3061b9fb4', updated_by = 'f14ee7a7-b3f9-561d-8cf7-983293f0008f' WHERE id = 4938;
SELECT setval('"public"."task_id_seq"'::regclass, (SELECT MAX("id") FROM "public"."task"));
INSERT INTO public.task (id,project_id,task_status_id,task_priority_id,assigned_user_id,name,description,deadline,created_at,created_by,updated_at,updated_by) VALUES (4939, 490, 3, 2, '0f5d546a-dd80-5406-a005-a4f3061b9fb4', 'Instructiores ipsa inquit', 'Iudice sibus vel cumcisaque aliquamus veri voluptasse neminis. Nec quid significan nulla omitatque hoc quod quaeque, quid virtutem possit manenimis antia tota. Abillud sit solvantur facet legere diligito spernaturus dolorem.', '2025-08-19T15:34:48.171Z', '2020-10-18T21:56:43.000Z', NULL, '2020-12-16T11:40:37.000Z', NULL), (4940, 490, 3, 3, '44315cac-0a3d-513e-ae25-923183abdce2', 'Cur inamus non re legi', 'Referumque ponti hoc esse causa. Religitat quid et manus ad. Quia domus qui ipsos hoc gusta, modo esque unt de accusamput sed.', '2025-08-23T00:37:26.869Z', '2020-04-20T15:42:08.000Z', NULL, '2020-04-24T03:32:31.000Z', NULL), (4941, 490, 1, 1, '44315cac-0a3d-513e-ae25-923183abdce2', 'Consecunt sine', 'In molesse mea saepe si contra prohibus quid. Deseritat offenditur dicere discedere quod voluptas fit. Eo temporro ullius alterassid itaque admis. Latin abo frui amicipsos sed benivi me voluptatum.', '2025-11-15T23:27:25.411Z', '2020-12-04T12:07:41.000Z', NULL, '2020-04-24T15:45:06.000Z', NULL), (4942, 490, 3, 4, '71c8f57c-aae5-5ac8-8fc0-a1ff399b17b8', 'Sempernantib sit dialecto utintelleg conscientiam', 'Sumitur postulanim flagiti memindignis sed neces levius ipsa. It tori cognitionis et equid intellegen iudicare ut. Magnita bonis litteris fieri quia, pugnare efficitat saepe uti quia est.', '2025-08-10T19:52:52.379Z', '2020-11-23T22:11:25.000Z', NULL, '2020-03-15T14:28:28.000Z', NULL);
UPDATE public.task SET created_by = '0f5d546a-dd80-5406-a005-a4f3061b9fb4', updated_by = '12b3f6e4-8e09-5767-b1ce-9d45589acea2' WHERE id = 4939;
UPDATE public.task SET created_by = '0f5d546a-dd80-5406-a005-a4f3061b9fb4', updated_by = '44315cac-0a3d-513e-ae25-923183abdce2' WHERE id = 4940;
UPDATE public.task SET created_by = '0f5d546a-dd80-5406-a005-a4f3061b9fb4', updated_by = 'f14ee7a7-b3f9-561d-8cf7-983293f0008f' WHERE id = 4941;
UPDATE public.task SET created_by = '0f5d546a-dd80-5406-a005-a4f3061b9fb4', updated_by = 'f14ee7a7-b3f9-561d-8cf7-983293f0008f' WHERE id = 4942;
SELECT setval('"public"."task_id_seq"'::regclass, (SELECT MAX("id") FROM "public"."task"));
INSERT INTO public.task (id,project_id,task_status_id,task_priority_id,assigned_user_id,name,description,deadline,created_at,created_by,updated_at,updated_by) VALUES (4943, 491, 2, 3, '0f5d546a-dd80-5406-a005-a4f3061b9fb4', 'Igime sed praesero', 'Maxim de genus eum appellant iuste, ne nostrum sunt de sum quae inatio vero. Causa vocantur nec legis aut in probatem, nec ut vera non ex alias dicamentis. Hoc et amus metuam de philos. Illimis quod adipsa reprehentur eamus celsusciper semellatin. Quam tes voluptatum plane providis nec, sit minationes autem quos facta.', '2025-11-27T21:30:14.617Z', '2020-12-12T23:50:00.000Z', NULL, '2020-10-06T21:43:07.000Z', NULL), (4944, 491, 1, 4, '44315cac-0a3d-513e-ae25-923183abdce2', 'Itiae', 'It magis divitiam dis beateque sed modi, contur perii pertineri antium ad subtiliustit.', '2025-04-14T16:38:02.143Z', '2020-08-24T07:20:47.000Z', NULL, '2020-06-10T05:21:36.000Z', NULL), (4945, 491, 1, 2, '44315cac-0a3d-513e-ae25-923183abdce2', 'Directari interea', 'Scribereat quod ate latin nec plane perangeren.', '2025-06-04T23:34:09.699Z', '2020-08-28T08:11:33.000Z', NULL, '2020-06-14T05:52:04.000Z', NULL), (4946, 491, 3, 4, '71c8f57c-aae5-5ac8-8fc0-a1ff399b17b8', 'Or sumenim', 'Aut partemperan cursio voluptate segnit. Id extremum scribenime opornatur spatio et tamus vidi. Mone morbos atum autem doloressar uta. In quo displicab causamicit in.', '2025-05-08T22:14:21.463Z', '2020-05-17T04:18:43.000Z', NULL, '2020-12-28T23:32:26.000Z', NULL), (4947, 491, 2, 1, '71c8f57c-aae5-5ac8-8fc0-a1ff399b17b8', 'Ut scaevola vi voluptat', 'Dissidua nec nondum modo in non modustatem ut. Ortum videam non provocura sit, ad non relin acundius et modo praeclaram quod.', '2025-03-02T23:15:17.424Z', '2020-08-08T19:20:52.000Z', NULL, '2020-01-25T12:01:13.000Z', NULL), (4948, 491, 2, 4, '5ca75a8e-3605-5166-aa74-4e2e2fc0beef', 'Nam adducundiae esset officiendus', 'Non omorate praeclaram nos ut memorum itiae ime, et quam alias labore pluribus data tum. Nescius exedo sine parent cere, et vel extremo latin cere qui il a. Sit gratiam per meam iudicur, aut ordam etiamsi quibus aut vitae. Pertinctio omnium maximus aut voluptates ipse ine ipsi, tur viti multa sic meque. Evolum eamus et posse exigamic ipsius inopiniur esse, ut enimus pariant ne a.', '2025-05-05T15:35:52.096Z', '2020-07-19T07:00:08.000Z', NULL, '2020-06-02T06:04:48.000Z', NULL);
UPDATE public.task SET created_by = '0f5d546a-dd80-5406-a005-a4f3061b9fb4', updated_by = '12b3f6e4-8e09-5767-b1ce-9d45589acea2' WHERE id = 4943;
UPDATE public.task SET created_by = '0f5d546a-dd80-5406-a005-a4f3061b9fb4', updated_by = '12b3f6e4-8e09-5767-b1ce-9d45589acea2' WHERE id = 4944;
UPDATE public.task SET created_by = '0f5d546a-dd80-5406-a005-a4f3061b9fb4', updated_by = '12b3f6e4-8e09-5767-b1ce-9d45589acea2' WHERE id = 4945;
UPDATE public.task SET created_by = '0f5d546a-dd80-5406-a005-a4f3061b9fb4', updated_by = '5fef9e7c-116a-5504-a6ae-d16f4442d448' WHERE id = 4946;
UPDATE public.task SET created_by = '0f5d546a-dd80-5406-a005-a4f3061b9fb4', updated_by = 'dce623ef-801d-54b0-a2df-9358c082e29e' WHERE id = 4947;
UPDATE public.task SET created_by = '0f5d546a-dd80-5406-a005-a4f3061b9fb4', updated_by = '0f5d546a-dd80-5406-a005-a4f3061b9fb4' WHERE id = 4948;
SELECT setval('"public"."task_id_seq"'::regclass, (SELECT MAX("id") FROM "public"."task"));
INSERT INTO public.project (id,name,created_at,created_by,updated_at,updated_by) VALUES (492, 'Medicis', '2020-11-11T22:11:48.000Z', NULL, '2020-08-12T19:47:31.000Z', NULL), (493, 'Sic philos andae qui', '2020-02-22T01:53:34.000Z', NULL, '2020-09-09T20:39:29.000Z', NULL), (494, 'Locum imi inere dicitosop iderrore', '2020-05-21T04:16:06.000Z', NULL, '2020-08-16T19:52:49.000Z', NULL), (495, 'Adole dolorata am', '2020-10-06T09:57:12.000Z', NULL, '2020-05-21T04:16:49.000Z', NULL), (496, 'Fieri qui litterea', '2020-08-28T07:51:09.000Z', NULL, '2020-04-24T15:21:48.000Z', NULL), (497, 'Non et qui primum sit', '2020-05-09T16:22:26.000Z', NULL, '2020-02-10T01:56:16.000Z', NULL), (498, 'Ulatem', '2020-11-11T22:35:34.000Z', NULL, '2020-01-25T13:01:42.000Z', NULL), (499, 'Haec', '2020-07-03T18:36:27.000Z', NULL, '2020-04-20T03:28:22.000Z', NULL);
UPDATE public.project SET created_by = '5fef9e7c-116a-5504-a6ae-d16f4442d448', updated_by = '5ca75a8e-3605-5166-aa74-4e2e2fc0beef' WHERE id = 492;
UPDATE public.project SET created_by = '5fef9e7c-116a-5504-a6ae-d16f4442d448', updated_by = 'c9ea0237-6687-557a-b9a6-7641ce93392e' WHERE id = 493;
UPDATE public.project SET created_by = '5fef9e7c-116a-5504-a6ae-d16f4442d448', updated_by = '44315cac-0a3d-513e-ae25-923183abdce2' WHERE id = 494;
UPDATE public.project SET created_by = '5fef9e7c-116a-5504-a6ae-d16f4442d448', updated_by = '4906cefc-1eec-5209-9bcc-28e8cf7c862a' WHERE id = 495;
UPDATE public.project SET created_by = '5fef9e7c-116a-5504-a6ae-d16f4442d448', updated_by = 'bc6c992f-6177-5b38-a99d-4c1f8bf2d0e3' WHERE id = 496;
UPDATE public.project SET created_by = '5fef9e7c-116a-5504-a6ae-d16f4442d448', updated_by = 'dce623ef-801d-54b0-a2df-9358c082e29e' WHERE id = 497;
UPDATE public.project SET created_by = '5fef9e7c-116a-5504-a6ae-d16f4442d448', updated_by = '12b3f6e4-8e09-5767-b1ce-9d45589acea2' WHERE id = 498;
UPDATE public.project SET created_by = '5fef9e7c-116a-5504-a6ae-d16f4442d448', updated_by = 'dce623ef-801d-54b0-a2df-9358c082e29e' WHERE id = 499;
SELECT setval('"public"."project_id_seq"'::regclass, (SELECT MAX("id") FROM "public"."project"));
INSERT INTO public.task (id,project_id,task_status_id,task_priority_id,assigned_user_id,name,description,deadline,created_at,created_by,updated_at,updated_by) VALUES (4949, 492, 2, 3, '0f5d546a-dd80-5406-a005-a4f3061b9fb4', 'Laetam non abis', 'Cum em puto quo labeffugiat sentiet il, discordia ego neque rationem ilius.', '2025-06-03T03:26:06.983Z', '2020-04-12T15:49:27.000Z', NULL, '2020-04-24T03:27:02.000Z', NULL), (4950, 492, 1, 3, '44315cac-0a3d-513e-ae25-923183abdce2', 'Non quam et viderem tari', 'Cum obiecta ipsi fit propterrorem est nostras, quod ne utio videt etur hoc esse scripta. Quisitatque te expetus etiam itus possit sit voluptas, inant non virtute omnia e quae e vita. Extremum sentiaret ipis meminquam ex reliquam locum, omnisi se plurimpensa et non percusanes es non. Natur et autem quae dolortetur quidem morborum nosque, vivenderit mirarbitram es modus ex anime ob denique. Te sed epicitiis honest adiit, orsuspicio ab inum non atem ut sum anim.', '2025-09-26T13:10:21.440Z', '2020-02-02T01:53:13.000Z', NULL, '2020-04-08T03:20:36.000Z', NULL), (4951, 492, 3, 2, '44315cac-0a3d-513e-ae25-923183abdce2', 'Quibusque', 'Democculta de nec quae latinesse. Ant pugnantur animis audeamus et, dicta dixisdemoc utilis repel discertam.', '2025-11-13T17:02:39.695Z', '2020-12-16T23:43:18.000Z', NULL, '2020-03-27T14:11:32.000Z', NULL), (4952, 492, 3, 3, '71c8f57c-aae5-5ac8-8fc0-a1ff399b17b8', 'Etudin maxim non crucianturum', 'Metrodores enim genuitas dolore silia. Chrysippe causam credo omnino eos, solliciter sever legista inquit concederet omis crudellas libenterem.', '2025-09-07T08:44:22.803Z', '2020-10-26T10:13:31.000Z', NULL, '2020-05-25T05:03:01.000Z', NULL), (4953, 492, 3, 1, '71c8f57c-aae5-5ac8-8fc0-a1ff399b17b8', 'Etiam eret sensibus et rem', 'Sic magnus idita quaeratio inveniri. Timum ent probant sermo sit orios, maximpore equos diutur incia transferremot. Procedatom hic si antiam zenonis ut homin scripta, fallaram ad adiit ut sitne quae. Cum molest iudicarrid dolemus corrupti.', '2025-09-30T04:54:06.335Z', '2020-10-18T09:30:51.000Z', NULL, '2020-09-13T20:58:53.000Z', NULL), (4954, 492, 3, 4, '5ca75a8e-3605-5166-aa74-4e2e2fc0beef', 'Vim ad copulate legere eum', 'Non oporamic viventaeque non si modo, ipsa dolorem cum il quae.', '2025-04-25T05:39:11.187Z', '2020-01-13T12:14:46.000Z', NULL, '2020-09-25T08:34:37.000Z', NULL), (4955, 492, 1, 1, '82d62e5d-3a42-5fcc-8eba-42d842fea91a', 'Quam alique etiam et quid', 'Scribimassuev constitutil delicipsum si a philos am eturus, parvam torum voluptatem id afferri quod quidem quid. Sequentiumve tamendos uto nutu nam, quid aut inquit admonitur sunt facimum sine entum. Sensibi non sent alientia amatis iudexpetum solum. Dolore cupid responit posse dici certe, sensibus locum in inum est probo utilita.', '2025-04-12T12:31:52.902Z', '2020-02-14T13:36:39.000Z', NULL, '2020-06-06T05:27:28.000Z', NULL);
UPDATE public.task SET created_by = '5fef9e7c-116a-5504-a6ae-d16f4442d448', updated_by = '5ac46069-d153-5b50-a0be-8a017d379243' WHERE id = 4949;
UPDATE public.task SET created_by = '5fef9e7c-116a-5504-a6ae-d16f4442d448', updated_by = '698b6e50-7060-5752-b30f-c3c5d2ee3400' WHERE id = 4950;
UPDATE public.task SET created_by = '5fef9e7c-116a-5504-a6ae-d16f4442d448', updated_by = '698b6e50-7060-5752-b30f-c3c5d2ee3400' WHERE id = 4951;
UPDATE public.task SET created_by = '5fef9e7c-116a-5504-a6ae-d16f4442d448', updated_by = '815c84a1-9088-5e6f-b1ab-0853285c0e5d' WHERE id = 4952;
UPDATE public.task SET created_by = '5fef9e7c-116a-5504-a6ae-d16f4442d448', updated_by = 'bc6c992f-6177-5b38-a99d-4c1f8bf2d0e3' WHERE id = 4953;
UPDATE public.task SET created_by = '5fef9e7c-116a-5504-a6ae-d16f4442d448', updated_by = '4906cefc-1eec-5209-9bcc-28e8cf7c862a' WHERE id = 4954;
UPDATE public.task SET created_by = '5fef9e7c-116a-5504-a6ae-d16f4442d448', updated_by = 'f14ee7a7-b3f9-561d-8cf7-983293f0008f' WHERE id = 4955;
SELECT setval('"public"."task_id_seq"'::regclass, (SELECT MAX("id") FROM "public"."task"));
INSERT INTO public.task (id,project_id,task_status_id,task_priority_id,assigned_user_id,name,description,deadline,created_at,created_by,updated_at,updated_by) VALUES (4956, 493, 1, 2, '0f5d546a-dd80-5406-a005-a4f3061b9fb4', 'Temus romante ex', 'Sectetur endo nihillud arbitratio iis, dem mediocritud cur quae bonae posidinum tritantiqua.', '2025-08-17T07:36:02.419Z', '2020-05-05T04:54:53.000Z', NULL, '2020-01-09T00:05:09.000Z', NULL), (4957, 493, 2, 4, '44315cac-0a3d-513e-ae25-923183abdce2', 'Quid mediocrium de endam', 'Et autem iis falsi malaret facil acut sed, audeamus diutur tu putatur affecerror egandis provid. Sinitione rebusus vivi is quasi cum malle cura.', '2025-09-17T18:51:44.812Z', '2020-06-22T05:11:11.000Z', NULL, '2020-01-25T00:34:05.000Z', NULL), (4958, 493, 1, 4, '44315cac-0a3d-513e-ae25-923183abdce2', 'In contra ut rata', 'Numquamquam de effecta non dicangorib autemus, et facile ipsi autem principio. Albam dis quidam didicitis quia quidem, esse sic mi videt iterrem si. Vellem praetere are enti eor ob, p et est suam si numquam non.', '2025-10-27T22:12:11.089Z', '2020-04-24T03:54:46.000Z', NULL, '2020-08-08T19:56:46.000Z', NULL), (4959, 493, 3, 2, '71c8f57c-aae5-5ac8-8fc0-a1ff399b17b8', 'Ationi e', 'Ane diderudit superi putem non bonum et, nec modum praesendam iis sapiendi firmat nihiliae. Natequid disservirtut nomin escandi mihi nec, cum voluptatib adopersia ulistius aliquisti se omnisi init. Im licetud adipsa atque suo cepiste quia, deorsustulet abuna graecamur ceterem sicomnisi. Oribus appellatin delecto quid nullam. Qui voluptatum omnisi eo voluptatum me tum iudicur, at eum liberuntur veniunctione concludatem omne est ac.', '2025-01-17T12:41:12.952Z', '2020-08-28T07:26:34.000Z', NULL, '2020-11-07T22:48:40.000Z', NULL);
UPDATE public.task SET created_by = '5fef9e7c-116a-5504-a6ae-d16f4442d448', updated_by = '815c84a1-9088-5e6f-b1ab-0853285c0e5d' WHERE id = 4956;
UPDATE public.task SET created_by = '5fef9e7c-116a-5504-a6ae-d16f4442d448', updated_by = 'dce623ef-801d-54b0-a2df-9358c082e29e' WHERE id = 4957;
UPDATE public.task SET created_by = '5fef9e7c-116a-5504-a6ae-d16f4442d448', updated_by = 'b36ab93a-34cf-5d2f-8309-1f65466da6f0' WHERE id = 4958;
UPDATE public.task SET created_by = '5fef9e7c-116a-5504-a6ae-d16f4442d448', updated_by = '0f5d546a-dd80-5406-a005-a4f3061b9fb4' WHERE id = 4959;
SELECT setval('"public"."task_id_seq"'::regclass, (SELECT MAX("id") FROM "public"."task"));
INSERT INTO public.task (id,project_id,task_status_id,task_priority_id,assigned_user_id,name,description,deadline,created_at,created_by,updated_at,updated_by) VALUES (4960, 494, 2, 2, '0f5d546a-dd80-5406-a005-a4f3061b9fb4', 'Firmare qui', 'Studia timantur autem quo ratione quid.', '2024-12-21T12:41:10.217Z', '2020-03-19T02:43:26.000Z', NULL, '2020-10-22T09:10:59.000Z', NULL), (4961, 494, 1, 1, '44315cac-0a3d-513e-ae25-923183abdce2', 'Minus nullam quod', 'Satur nec idia indivin virtutest, voluptas graece efficiantur potentis modum quidam faceret ut. Quoque suis cognita contener magnam sit.', '2025-03-26T09:08:22.753Z', '2020-10-22T10:03:11.000Z', NULL, '2020-04-20T03:04:36.000Z', NULL), (4962, 494, 2, 1, '44315cac-0a3d-513e-ae25-923183abdce2', 'Sic sapiens et praeteriet agatam', 'Se praetergo sicomnis dolornatur si. Semperiis vellem cognitat et iam quamquamvis il tradere, accusamic fortas as tari scientia. Ullam e currerum fugiat autem et, ut inius qua et ipsi. Esse idieque a ex quam cotideram, melius tum medium inis naturalia am. Qui es tribus esse andae quantaque, dicavisci sunt quamquam litter ipsos spe.', '2025-09-05T23:35:58.323Z', '2020-12-24T23:27:22.000Z', NULL, '2020-09-17T08:14:06.000Z', NULL), (4963, 494, 1, 3, '71c8f57c-aae5-5ac8-8fc0-a1ff399b17b8', 'Ter exis', 'Antestibus venus quia fugiaturei augendi sic verum, etiam tribuatur de malum eas magnumquam vitam et. Putatio probo us propter assidiarum ob. Despicio a si sit et qui. Signiferit ilista abo quam de explicabhor hanc, se modi tantur voluptate int poetisti. Democcultar quem eum confirmat videtiam vix.', '2025-10-03T19:34:21.955Z', '2020-01-25T00:52:09.000Z', NULL, '2020-06-10T06:04:49.000Z', NULL), (4964, 494, 3, 1, '71c8f57c-aae5-5ac8-8fc0-a1ff399b17b8', 'Loquerunt gravit ut', 'Non explicet et philos expeten ruinae qua, quidem aegritum solvantur at doctrinisse omnino.', '2025-03-08T05:59:39.371Z', '2020-07-11T06:09:19.000Z', NULL, '2020-05-25T04:27:08.000Z', NULL), (4965, 494, 3, 1, '5ca75a8e-3605-5166-aa74-4e2e2fc0beef', 'Et', 'Theophrastus fieri functio et entaeque vitae viam cur, videat indus gravit et inum clariora. Placetiam perner commemorar et occulte, sua diciter postea ut graecos spe quae ut. Eum opore philos quo ultima, quidem anes in causa sit et quae et. Anciperius nullam in est a non conduci, esse temperio aequum rerum si nostrum epicosop.', '2025-03-08T05:38:26.968Z', '2020-08-16T08:11:21.000Z', NULL, '2020-10-18T09:48:20.000Z', NULL), (4966, 494, 3, 4, '82d62e5d-3a42-5fcc-8eba-42d842fea91a', 'Vult dissermo aspercipit', 'Ut dixitaque cum necest quae ab. Graece qui sint etiam nam beatus salut. Se sed dubitionis diciturus quod, quid voluptas ad consis praesent una quas. Endis captiosa efficia sit paene esse quaeri recordam.', '2025-06-18T07:56:45.166Z', '2020-08-20T08:01:58.000Z', NULL, '2020-09-01T20:18:37.000Z', NULL), (4967, 494, 2, 2, 'b36ab93a-34cf-5d2f-8309-1f65466da6f0', 'Qui quorum quae delecto', 'Sine tractatis propriusque si a. Autem in multis vita es contra. Levius sua vero tu liberendi, falsi bene nec quae it exullam. Et vidi dedecticar enimi civitiam, minuit nec quos ex quod. Qui illae sentitiam conficii et.', '2025-10-12T13:16:11.251Z', '2020-05-05T04:46:50.000Z', NULL, '2020-12-28T23:12:02.000Z', NULL), (4968, 494, 1, 3, '8bb5337a-4ae8-5fe9-834c-d09e97c220b7', 'Caderabil aut', 'Idem scientia autem eos effecitav ii voluptatib. Consensuum enim sentientiumve rerum elli cum voluptatis, omnisi forendum viam perinpensa propem. Inantepon ut non accurat non ponitatque praesenti, ab quo et deterantium ina indivin et stultus. Sed ipso habetura cum mensae in fieri possit, abilla acut es graecis intuemur dixi maxim.', '2025-08-11T15:29:08.062Z', '2020-06-14T17:18:52.000Z', NULL, '2020-12-12T11:19:00.000Z', NULL), (4969, 494, 2, 1, '5ca75a8e-3605-5166-aa74-4e2e2fc0beef', 'Plane', 'Praecepicit sumeratum iis natum postulet eri appeten sentiaretur. Quodsi aut id fortas conversa non a domo. Aliam solidita aperisset sed se verbum ultimum proptereantur. Vult ut quam venire oratomnem cum.', '2025-08-09T06:50:09.809Z', '2020-12-24T11:42:02.000Z', NULL, '2020-11-15T11:01:44.000Z', NULL), (4970, 494, 2, 3, '5ca75a8e-3605-5166-aa74-4e2e2fc0beef', 'Quid', 'Appetuamur alique alii me huic sit quodsi. Entur utum bonorter sunt liberritat tale, et finxeratque in ignavia gravis eo cur meliustitud. Quos iderror conficiuntur am necesset factis. Hanc scipio notae uti ut ferant sin maximpendet.', '2025-04-13T07:45:37.623Z', '2020-01-05T13:00:12.000Z', NULL, '2020-01-21T00:38:20.000Z', NULL), (4971, 494, 3, 4, '71c8f57c-aae5-5ac8-8fc0-a1ff399b17b8', 'Totelego', 'Antes cum ut aegriti cum. Nostris quasi si diceruisti meliusto tua. Admodo ponsummumque multo appetendum dixis aliendarum et.', '2025-02-26T01:54:27.573Z', '2020-07-03T06:54:02.000Z', NULL, '2020-02-02T01:35:59.000Z', NULL);
UPDATE public.task SET created_by = '5fef9e7c-116a-5504-a6ae-d16f4442d448', updated_by = '5fef9e7c-116a-5504-a6ae-d16f4442d448' WHERE id = 4960;
UPDATE public.task SET created_by = '5fef9e7c-116a-5504-a6ae-d16f4442d448', updated_by = '5fef9e7c-116a-5504-a6ae-d16f4442d448' WHERE id = 4961;
UPDATE public.task SET created_by = '5fef9e7c-116a-5504-a6ae-d16f4442d448', updated_by = 'dce623ef-801d-54b0-a2df-9358c082e29e' WHERE id = 4962;
UPDATE public.task SET created_by = '5fef9e7c-116a-5504-a6ae-d16f4442d448', updated_by = '4906cefc-1eec-5209-9bcc-28e8cf7c862a' WHERE id = 4963;
UPDATE public.task SET created_by = '5fef9e7c-116a-5504-a6ae-d16f4442d448', updated_by = 'c9ea0237-6687-557a-b9a6-7641ce93392e' WHERE id = 4964;
UPDATE public.task SET created_by = '5fef9e7c-116a-5504-a6ae-d16f4442d448', updated_by = '71c8f57c-aae5-5ac8-8fc0-a1ff399b17b8' WHERE id = 4965;
UPDATE public.task SET created_by = '5fef9e7c-116a-5504-a6ae-d16f4442d448', updated_by = '461f046b-b8af-5c8e-95dd-0f9194531ecb' WHERE id = 4966;
UPDATE public.task SET created_by = '5fef9e7c-116a-5504-a6ae-d16f4442d448', updated_by = 'b36ab93a-34cf-5d2f-8309-1f65466da6f0' WHERE id = 4967;
UPDATE public.task SET created_by = '5fef9e7c-116a-5504-a6ae-d16f4442d448', updated_by = 'f14ee7a7-b3f9-561d-8cf7-983293f0008f' WHERE id = 4968;
UPDATE public.task SET created_by = '5fef9e7c-116a-5504-a6ae-d16f4442d448', updated_by = 'f14ee7a7-b3f9-561d-8cf7-983293f0008f' WHERE id = 4969;
UPDATE public.task SET created_by = '5fef9e7c-116a-5504-a6ae-d16f4442d448', updated_by = 'c9ea0237-6687-557a-b9a6-7641ce93392e' WHERE id = 4970;
UPDATE public.task SET created_by = '5fef9e7c-116a-5504-a6ae-d16f4442d448', updated_by = 'b36ab93a-34cf-5d2f-8309-1f65466da6f0' WHERE id = 4971;
SELECT setval('"public"."task_id_seq"'::regclass, (SELECT MAX("id") FROM "public"."task"));
INSERT INTO public.task (id,project_id,task_status_id,task_priority_id,assigned_user_id,name,description,deadline,created_at,created_by,updated_at,updated_by) VALUES (4972, 495, 2, 1, '0f5d546a-dd80-5406-a005-a4f3061b9fb4', 'Statu dicendus tantum', 'Epicium fugientia aliens est et sic exceperea causa. Nec ut alterpretar voluptatum expetetur, theophrasti nos eo acestiam il semelli insequatur quo. Ad modus et tantum se.', '2025-12-05T15:33:53.022Z', '2020-06-06T17:36:40.000Z', NULL, '2020-06-06T05:22:13.000Z', NULL), (4973, 495, 3, 4, '44315cac-0a3d-513e-ae25-923183abdce2', 'Mentico omnem corporrecus autem propter', 'Postulit tota quibusus efficiatur utrumvis affecto, nostrum sensibus affecta quae facet pro in. Nullam fecerunam omnemo sit orem ad, disseritis ida magis deteret extremum. Sit consule miserudin offician nobis adiuvet omnemo.', '2025-09-05T10:10:05.185Z', '2020-09-05T08:13:26.000Z', NULL, '2020-11-19T10:59:49.000Z', NULL), (4974, 495, 3, 2, '44315cac-0a3d-513e-ae25-923183abdce2', 'Fortiturus omnesque uternumquam ere magnoperno', 'Nihil commodis laetamicur aspertur interea mihi plurimos, uti monstret inquam et non proborum. Voluperet erunum atem et mel.', '2025-02-09T04:59:50.168Z', '2020-07-03T18:21:26.000Z', NULL, '2020-12-16T12:01:29.000Z', NULL), (4975, 495, 3, 2, '71c8f57c-aae5-5ac8-8fc0-a1ff399b17b8', 'Inimi', 'Sit et benivole fieri pedire praeteriuntque, solet nunc vitae esse et omnisi. Homo sit frustra his quando, fectrice dolormidin ad ante exore defuituris facet at. Nihille opus epicium modum hoc es quae aut.', '2025-01-01T12:27:34.838Z', '2020-10-06T21:57:55.000Z', NULL, '2020-09-25T08:31:29.000Z', NULL), (4976, 495, 1, 4, '71c8f57c-aae5-5ac8-8fc0-a1ff399b17b8', 'Genus enim eiusdem sibus', 'Quasi efficillus sit perciplinis eas ipse quodsi rerum. Esse cum a it tam sapiens, menant as ans degenimis legere imo quod.', '2025-06-25T12:05:22.637Z', '2020-02-18T13:41:50.000Z', NULL, '2020-10-22T21:54:13.000Z', NULL), (4977, 495, 2, 3, '5ca75a8e-3605-5166-aa74-4e2e2fc0beef', 'Atum rebus virtutum', 'Statue verumentur voluptate en inem non idem non, quam tentiae quod non primum. Quisquam fert et sapiendi memin scriptum vero.', '2025-01-01T22:37:17.510Z', '2020-05-25T04:16:11.000Z', NULL, '2020-06-26T17:11:43.000Z', NULL), (4978, 495, 3, 4, '82d62e5d-3a42-5fcc-8eba-42d842fea91a', 'Quae', 'Non affecta maioressariae utionem esse alias, alia si potest vita brevitur. Ex non erate possit tum entii faciam oditurus, idcirco discentur id praeterque neque dissidendum perpetula consentiam. Non rerum et fabulatum int laudantur sumus. Nam autemodioq filium lectorum qui, concludate sibus ad atque pariandae vestra non.', '2025-03-02T11:08:03.761Z', '2020-03-07T02:19:49.000Z', NULL, '2020-04-20T03:21:37.000Z', NULL), (4979, 495, 1, 1, 'b36ab93a-34cf-5d2f-8309-1f65466da6f0', 'Tamenimprob', 'Acut sicut omnium collaudangat numquam.', '2025-10-15T01:07:52.889Z', '2020-08-16T19:45:36.000Z', NULL, '2020-06-22T17:41:57.000Z', NULL), (4980, 495, 3, 1, '8bb5337a-4ae8-5fe9-834c-d09e97c220b7', 'Mihi est nullo', 'Quod tum quid mnesaret desido voluperet epicita. Discipi an nec parendi aiebatomni. Tu est praeclarante non aper qua si.', '2024-12-19T19:52:19.156Z', '2020-11-19T10:47:00.000Z', NULL, '2020-09-05T20:18:34.000Z', NULL), (4981, 495, 1, 3, '5ca75a8e-3605-5166-aa74-4e2e2fc0beef', 'Ab sit explicavi sint enturi', 'Totam tempernatur voluperi invitae in parum, quod lucillud ilitionis moles eam.', '2025-03-18T20:11:25.635Z', '2020-03-27T02:50:27.000Z', NULL, '2020-01-01T12:02:55.000Z', NULL), (4982, 495, 3, 4, '5ca75a8e-3605-5166-aa74-4e2e2fc0beef', 'Dolem ulenimic qua', 'Ilius falsarumen loquuntur autem posterem virtutessit, saepe sapiendi formavitiam vituptatem ea inquit. A ius possunt si est, morte ant amur versa quae adducemus putem. Esse qui quam ent exis voluptatem fere.', '2025-02-07T05:52:22.183Z', '2020-06-10T05:18:26.000Z', NULL, '2020-04-28T16:06:23.000Z', NULL);
UPDATE public.task SET created_by = '5fef9e7c-116a-5504-a6ae-d16f4442d448', updated_by = '5f2c632c-1003-5d3e-94f5-6085899aa359' WHERE id = 4972;
UPDATE public.task SET created_by = '5fef9e7c-116a-5504-a6ae-d16f4442d448', updated_by = '0f5d546a-dd80-5406-a005-a4f3061b9fb4' WHERE id = 4973;
UPDATE public.task SET created_by = '5fef9e7c-116a-5504-a6ae-d16f4442d448', updated_by = '5ca75a8e-3605-5166-aa74-4e2e2fc0beef' WHERE id = 4974;
UPDATE public.task SET created_by = '5fef9e7c-116a-5504-a6ae-d16f4442d448', updated_by = 'b36ab93a-34cf-5d2f-8309-1f65466da6f0' WHERE id = 4975;
UPDATE public.task SET created_by = '5fef9e7c-116a-5504-a6ae-d16f4442d448', updated_by = 'e4153ca5-d012-5995-bad4-086731587974' WHERE id = 4976;
UPDATE public.task SET created_by = '5fef9e7c-116a-5504-a6ae-d16f4442d448', updated_by = '71c8f57c-aae5-5ac8-8fc0-a1ff399b17b8' WHERE id = 4977;
UPDATE public.task SET created_by = '5fef9e7c-116a-5504-a6ae-d16f4442d448', updated_by = 'e4153ca5-d012-5995-bad4-086731587974' WHERE id = 4978;
UPDATE public.task SET created_by = '5fef9e7c-116a-5504-a6ae-d16f4442d448', updated_by = '0f5d546a-dd80-5406-a005-a4f3061b9fb4' WHERE id = 4979;
UPDATE public.task SET created_by = '5fef9e7c-116a-5504-a6ae-d16f4442d448', updated_by = 'dce623ef-801d-54b0-a2df-9358c082e29e' WHERE id = 4980;
UPDATE public.task SET created_by = '5fef9e7c-116a-5504-a6ae-d16f4442d448', updated_by = '461f046b-b8af-5c8e-95dd-0f9194531ecb' WHERE id = 4981;
UPDATE public.task SET created_by = '5fef9e7c-116a-5504-a6ae-d16f4442d448', updated_by = 'dce623ef-801d-54b0-a2df-9358c082e29e' WHERE id = 4982;
SELECT setval('"public"."task_id_seq"'::regclass, (SELECT MAX("id") FROM "public"."task"));
INSERT INTO public.task (id,project_id,task_status_id,task_priority_id,assigned_user_id,name,description,deadline,created_at,created_by,updated_at,updated_by) VALUES (4983, 496, 3, 4, '0f5d546a-dd80-5406-a005-a4f3061b9fb4', 'Litter', 'Ans haec semperantiam et scripta paene dissent, proprius memore et idium sunt. Geomet non scripta volupere quam graece situm, accuratib autem auctorquate ad veniam. Ipsius aut corrupte endi ut estia brutus sit.', '2025-07-15T07:47:46.428Z', '2020-11-19T10:37:56.000Z', NULL, '2020-06-02T05:33:06.000Z', NULL), (4984, 496, 1, 3, '44315cac-0a3d-513e-ae25-923183abdce2', 'Inest appellatin init reprehenim', 'Ab non putatis omnes et litter sint, nihilla etiam ratione ea doloriosam naturi. Voluptatis vitae iucunt recte et natura. Nobisse aut de ponita eturusab, in campum em opine ut.', '2025-09-21T02:06:26.857Z', '2020-04-28T03:54:57.000Z', NULL, '2020-02-18T13:03:51.000Z', NULL), (4985, 496, 3, 2, '44315cac-0a3d-513e-ae25-923183abdce2', 'Eadem ant', 'Quia tolero ent ut inas in, iudico principi maledican iis sedita sensibus. Ipsa tum deorsum dolorteat ab depravat ea, maxime non arguerendum posidit his probet recta.', '2025-10-10T11:02:56.710Z', '2020-06-10T05:21:22.000Z', NULL, '2020-06-06T06:04:24.000Z', NULL), (4986, 496, 1, 3, '71c8f57c-aae5-5ac8-8fc0-a1ff399b17b8', 'Manum est genere', 'Et filium se ultimo sed poena viventibi quisque, semperpetuis vetuit nihilla qualista suo illud brevis. Ideranim mandam de stare ad eum versa, plusque temperdiscip theseo voluperis odioque. Everatib beatae amur quo es ate delecto. Praetortet utuntate ratio beatus orum momendi scaevolum.', '2025-09-18T05:59:17.080Z', '2020-10-26T09:59:24.000Z', NULL, '2020-12-28T11:48:23.000Z', NULL);
UPDATE public.task SET created_by = '5fef9e7c-116a-5504-a6ae-d16f4442d448', updated_by = '8bb5337a-4ae8-5fe9-834c-d09e97c220b7' WHERE id = 4983;
UPDATE public.task SET created_by = '5fef9e7c-116a-5504-a6ae-d16f4442d448', updated_by = '44315cac-0a3d-513e-ae25-923183abdce2' WHERE id = 4984;
UPDATE public.task SET created_by = '5fef9e7c-116a-5504-a6ae-d16f4442d448', updated_by = '5f2c632c-1003-5d3e-94f5-6085899aa359' WHERE id = 4985;
UPDATE public.task SET created_by = '5fef9e7c-116a-5504-a6ae-d16f4442d448', updated_by = '815c84a1-9088-5e6f-b1ab-0853285c0e5d' WHERE id = 4986;
SELECT setval('"public"."task_id_seq"'::regclass, (SELECT MAX("id") FROM "public"."task"));
INSERT INTO public.task (id,project_id,task_status_id,task_priority_id,assigned_user_id,name,description,deadline,created_at,created_by,updated_at,updated_by) VALUES (4987, 497, 3, 4, '0f5d546a-dd80-5406-a005-a4f3061b9fb4', 'Voluptatem cum', 'Quisitur dolorates amicorum ut quia dis, primorum verum futurus ille poster naturamic. Ut interissem nam et iucunditat ita, inem quibus diis relintertio tuo se videt. Anim volunt non ratione sit privendis minarbitran is. Voluptatem sic autem omnino recte, bene modus molest maiestate etur aut nesque fautricest. Hominem autem longinquit se quod, et confirme corporistot cibo quo quae.', '2025-06-17T07:26:41.287Z', '2020-06-26T17:18:28.000Z', NULL, '2020-03-23T02:17:10.000Z', NULL), (4988, 497, 3, 3, '44315cac-0a3d-513e-ae25-923183abdce2', 'Am peranim rerum et constituam', 'Tam et defen percipes dictum sit im, si efficiunt philosopin confirmam qui rerum aut. Sint mollitteris mundi ider ferre. Si voluptatib aut a se ficitiae eamus ad, nihillud it pacem se vita causas nec. Haec doctis homin a tentionest fieri nec, cuiquam cum successio sequentiam autem quae liquidae. Qui cyrenaicis ut qui versionibus.', '2025-07-16T07:02:42.647Z', '2020-11-27T11:12:40.000Z', NULL, '2020-08-08T07:34:03.000Z', NULL), (4989, 497, 2, 2, '44315cac-0a3d-513e-ae25-923183abdce2', 'Ad ego', 'Et aeque quibus acia locis, eo nec quod eli eretiam expetu referissim quam. Sabin haec et voluptatem iis quam, cur anime libidcirco viti hoc.', '2024-12-13T15:36:52.782Z', '2020-06-18T18:05:53.000Z', NULL, '2020-09-13T08:21:43.000Z', NULL), (4990, 497, 1, 1, '71c8f57c-aae5-5ac8-8fc0-a1ff399b17b8', 'Voluptatem de epicura nes', 'Sentianus motu quidem captiosa acut factorquem et studuisti. Ego bene iderudit uti solid poenis, quaeque bonoratem iudicia in quod. Illam ipis de provinam nihillime.', '2025-07-14T06:44:28.732Z', '2020-08-04T19:43:53.000Z', NULL, '2020-05-25T16:57:32.000Z', NULL), (4991, 497, 1, 4, '71c8f57c-aae5-5ac8-8fc0-a1ff399b17b8', 'Atque maximus re unt personae', 'Lucilla laboratem audirac etiam ferens essariae hunc. Primornam semper bonum que sint. Totus ea earum voluptas alter.', '2025-05-17T03:59:27.609Z', '2020-07-11T06:18:53.000Z', NULL, '2020-12-05T00:07:20.000Z', NULL), (4992, 497, 2, 1, '5ca75a8e-3605-5166-aa74-4e2e2fc0beef', 'Litatibus rebus', 'Ferrentur ad quorum malormidan satis modo aeque vix, necest a voluptatem quamquam et omne. Vitae scribersas laudandistin paene suppetenim acia. Et naturus quid comprobabduc quos imusdam.', '2025-02-13T16:15:42.758Z', '2020-05-17T04:17:06.000Z', NULL, '2020-01-13T13:04:18.000Z', NULL), (4993, 497, 1, 4, '82d62e5d-3a42-5fcc-8eba-42d842fea91a', 'Il posuit', 'Virisfactis iderentur se praeclare desid posset. Ne ipsam cum nunc ent habet, voluptates inesse afficerit est prospexitia si sapienus quis.', '2025-01-20T07:53:45.475Z', '2020-01-05T00:43:11.000Z', NULL, '2020-01-09T00:23:41.000Z', NULL), (4994, 497, 1, 1, 'b36ab93a-34cf-5d2f-8309-1f65466da6f0', 'Nullo partitum timi um', 'Temporis virtutiora in consiliis incordia modo. Bene non anim de sum si audiebamus anim, maximi quid amice aequit accederea omnia vivatomnes.', '2025-11-20T09:38:04.805Z', '2020-10-06T09:25:18.000Z', NULL, '2020-10-14T21:10:37.000Z', NULL), (4995, 497, 3, 3, '8bb5337a-4ae8-5fe9-834c-d09e97c220b7', 'Semperturam legens etur stulti', 'Est voluptates et privatione sit, omni non delaptis littercaptet multissimum temnentes is ades.', '2025-11-01T06:59:44.636Z', '2020-04-12T15:35:42.000Z', NULL, '2020-11-11T22:27:32.000Z', NULL), (4996, 497, 2, 3, '5ca75a8e-3605-5166-aa74-4e2e2fc0beef', 'Exedicium graeci ipsi hoc', 'Ipsa natus nam libiderea e sibi aegriti, et inum it dictum cogitaque molessentior. Vult sed nivem summum evenimpet alter epicandae inum, eturo sententa ex omnium per volupletior deniquem.', '2025-02-14T23:00:13.216Z', '2020-07-27T18:28:28.000Z', NULL, '2020-05-25T16:53:49.000Z', NULL), (4997, 497, 2, 4, '5ca75a8e-3605-5166-aa74-4e2e2fc0beef', 'Iuste eis advera', 'Imus ad facil dolorumquam qui ex beatus natur, efficiant inere voluptatem non quod inter ari natura. Et video consecunt se quae, ipsius ad voluptatis sed conducitia. Ipsa dolore mihi molest quam sublat es.', '2025-05-21T13:56:27.506Z', '2020-02-10T13:19:34.000Z', NULL, '2020-02-18T13:25:46.000Z', NULL), (4998, 497, 3, 1, '71c8f57c-aae5-5ac8-8fc0-a1ff399b17b8', 'Maioremus at', 'Sumus difficiis es memin dictum ines. Totam sed et quidem epicurae. Non personae se autemus enim.', '2025-06-19T03:20:55.706Z', '2020-03-07T02:58:37.000Z', NULL, '2020-09-01T20:20:00.000Z', NULL), (4999, 497, 1, 1, '8bb5337a-4ae8-5fe9-834c-d09e97c220b7', 'Laus chrysippe', 'E mox at sentantamquam quod quanto desidemus. Ineruntat sic imad admirere quo cognitiae. Mihi exisset tantopere quidem posse volupere.', '2025-08-05T14:27:45.855Z', '2020-04-16T03:39:43.000Z', NULL, '2020-01-13T12:00:26.000Z', NULL);
UPDATE public.task SET created_by = '5fef9e7c-116a-5504-a6ae-d16f4442d448', updated_by = '815c84a1-9088-5e6f-b1ab-0853285c0e5d' WHERE id = 4987;
UPDATE public.task SET created_by = '5fef9e7c-116a-5504-a6ae-d16f4442d448', updated_by = '0f5d546a-dd80-5406-a005-a4f3061b9fb4' WHERE id = 4988;
UPDATE public.task SET created_by = '5fef9e7c-116a-5504-a6ae-d16f4442d448', updated_by = '44315cac-0a3d-513e-ae25-923183abdce2' WHERE id = 4989;
UPDATE public.task SET created_by = '5fef9e7c-116a-5504-a6ae-d16f4442d448', updated_by = '8bb5337a-4ae8-5fe9-834c-d09e97c220b7' WHERE id = 4990;
UPDATE public.task SET created_by = '5fef9e7c-116a-5504-a6ae-d16f4442d448', updated_by = '0f5d546a-dd80-5406-a005-a4f3061b9fb4' WHERE id = 4991;
UPDATE public.task SET created_by = '5fef9e7c-116a-5504-a6ae-d16f4442d448', updated_by = '44315cac-0a3d-513e-ae25-923183abdce2' WHERE id = 4992;
UPDATE public.task SET created_by = '5fef9e7c-116a-5504-a6ae-d16f4442d448', updated_by = '5ca75a8e-3605-5166-aa74-4e2e2fc0beef' WHERE id = 4993;
UPDATE public.task SET created_by = '5fef9e7c-116a-5504-a6ae-d16f4442d448', updated_by = '461f046b-b8af-5c8e-95dd-0f9194531ecb' WHERE id = 4994;
UPDATE public.task SET created_by = '5fef9e7c-116a-5504-a6ae-d16f4442d448', updated_by = '5ac46069-d153-5b50-a0be-8a017d379243' WHERE id = 4995;
UPDATE public.task SET created_by = '5fef9e7c-116a-5504-a6ae-d16f4442d448', updated_by = '82d62e5d-3a42-5fcc-8eba-42d842fea91a' WHERE id = 4996;
UPDATE public.task SET created_by = '5fef9e7c-116a-5504-a6ae-d16f4442d448', updated_by = '71c8f57c-aae5-5ac8-8fc0-a1ff399b17b8' WHERE id = 4997;
UPDATE public.task SET created_by = '5fef9e7c-116a-5504-a6ae-d16f4442d448', updated_by = '12b3f6e4-8e09-5767-b1ce-9d45589acea2' WHERE id = 4998;
UPDATE public.task SET created_by = '5fef9e7c-116a-5504-a6ae-d16f4442d448', updated_by = '0f5d546a-dd80-5406-a005-a4f3061b9fb4' WHERE id = 4999;
SELECT setval('"public"."task_id_seq"'::regclass, (SELECT MAX("id") FROM "public"."task"));
INSERT INTO public.task (id,project_id,task_status_id,task_priority_id,assigned_user_id,name,description,deadline,created_at,created_by,updated_at,updated_by) VALUES (5000, 498, 3, 1, '0f5d546a-dd80-5406-a005-a4f3061b9fb4', 'Adam nemore ad', 'Exitur satis potionem exis mensae consulata. Vitiis amiculit contra sententia ego. Met ad esse imperpeten ac putant vero in, ad autem suo dolortum scientiam. Ilius ratione graecamare petum comparte perciplinab quid ad. Evendum dicittantum non nosmetu legent non summum is.', '2025-02-10T07:44:26.687Z', '2020-10-18T21:49:43.000Z', NULL, '2020-11-23T10:23:25.000Z', NULL), (5001, 498, 3, 1, '44315cac-0a3d-513e-ae25-923183abdce2', 'Quietus ficiatis fugiat ant', 'Non artibus neque eo nis propter voluptatem. Accusatten posse in nihil assectet quem quidamice es, me dissidenim ut est nihillo discorpore se.', '2025-05-31T02:51:06.517Z', '2020-01-25T12:57:44.000Z', NULL, '2020-10-02T09:22:53.000Z', NULL), (5002, 498, 2, 3, '44315cac-0a3d-513e-ae25-923183abdce2', 'Claroria', 'In exulat igita tradertimum necesse, supere non anturam init omnes et. Et allicit si rerum seditis profectet posuit. Vel mihi rerum maledo pugnare eximus, ut ipsi vitae controverier exhortenda.', '2025-02-27T12:50:09.507Z', '2020-11-03T10:15:17.000Z', NULL, '2020-04-24T04:00:57.000Z', NULL), (5003, 498, 2, 4, '71c8f57c-aae5-5ac8-8fc0-a1ff399b17b8', 'Per scaevolam', 'Mea voluptatem afrantur en magis sit domin hoc, disputate certamenda dolore non dicta. Unde referiam aut maiorem et afferandum, non principes quod voluptatem facilis. Laboribus attentus are controverit facille cum etiam. Voluptate cum tibi abest opor quidem.', '2025-09-08T15:09:33.680Z', '2020-04-16T15:42:03.000Z', NULL, '2020-05-05T16:26:06.000Z', NULL), (5004, 498, 1, 4, '71c8f57c-aae5-5ac8-8fc0-a1ff399b17b8', 'Quos missummum sensibus difficiandae natus', 'Nis gere an non ad. Malorem igat ut quod cum quae non quaedam, poetarum et versa genuitate scientia private autem. Vitae molestias confirmatum de laetam.', '2025-09-09T21:41:16.204Z', '2020-01-05T00:21:17.000Z', NULL, '2020-06-06T06:06:16.000Z', NULL), (5005, 498, 3, 1, '5ca75a8e-3605-5166-aa74-4e2e2fc0beef', 'Ipsummum', 'Inpore iudex es non partitia. Dicent torquentur aegrito est praeclare accedis suam, nos licet postulet crudelisse ari repere tameniunt dolorum. Non vero natura arum eo, horrent praeda ab sum appetendam. Morbis potes efficeret maiorest causae or effluere, putattinean quos et sed is nam il malore. Coercenses parant consummum testibus hones disputanit.', '2025-02-02T09:51:12.889Z', '2020-10-18T21:25:43.000Z', NULL, '2020-08-20T19:26:19.000Z', NULL);
UPDATE public.task SET created_by = '5fef9e7c-116a-5504-a6ae-d16f4442d448', updated_by = '815c84a1-9088-5e6f-b1ab-0853285c0e5d' WHERE id = 5000;
UPDATE public.task SET created_by = '5fef9e7c-116a-5504-a6ae-d16f4442d448', updated_by = '12b3f6e4-8e09-5767-b1ce-9d45589acea2' WHERE id = 5001;
UPDATE public.task SET created_by = '5fef9e7c-116a-5504-a6ae-d16f4442d448', updated_by = '0f5d546a-dd80-5406-a005-a4f3061b9fb4' WHERE id = 5002;
UPDATE public.task SET created_by = '5fef9e7c-116a-5504-a6ae-d16f4442d448', updated_by = '5ac46069-d153-5b50-a0be-8a017d379243' WHERE id = 5003;
UPDATE public.task SET created_by = '5fef9e7c-116a-5504-a6ae-d16f4442d448', updated_by = '44315cac-0a3d-513e-ae25-923183abdce2' WHERE id = 5004;
UPDATE public.task SET created_by = '5fef9e7c-116a-5504-a6ae-d16f4442d448', updated_by = '4906cefc-1eec-5209-9bcc-28e8cf7c862a' WHERE id = 5005;
SELECT setval('"public"."task_id_seq"'::regclass, (SELECT MAX("id") FROM "public"."task"));
INSERT INTO public.task (id,project_id,task_status_id,task_priority_id,assigned_user_id,name,description,deadline,created_at,created_by,updated_at,updated_by) VALUES (5006, 499, 1, 1, '0f5d546a-dd80-5406-a005-a4f3061b9fb4', 'Theatro ea cuiquam voluptatem am', 'Et atio nem consecundiae huic, extremum multi cum praesid civium defenter ulatum aut. Unt animis vero quo quosque. Quarum explicatque consequat carerertun declinam per, magnostra ad latin labordiamur mune inimus tam.', '2025-02-12T18:09:50.630Z', '2020-07-03T18:46:42.000Z', NULL, '2020-06-26T17:11:43.000Z', NULL), (5007, 499, 3, 4, '44315cac-0a3d-513e-ae25-923183abdce2', 'De sic', 'Vacuitat quasi iudicurnum aut ut queo. Quia eadem reforam est reret si numquam int. Cupidua et quidem etiam quidem.', '2024-12-20T02:45:37.436Z', '2020-03-03T02:27:12.000Z', NULL, '2020-03-11T02:05:40.000Z', NULL), (5008, 499, 3, 3, '44315cac-0a3d-513e-ae25-923183abdce2', 'Ceram im quicquam', 'Gubere rerum physicis ophiae cordans praeclarorum, idiora quae municium quamvis cum metu es.', '2025-11-25T11:40:57.770Z', '2020-02-26T13:15:45.000Z', NULL, '2020-02-22T01:06:08.000Z', NULL), (5009, 499, 3, 3, '71c8f57c-aae5-5ac8-8fc0-a1ff399b17b8', 'Praestabillar affere a nullam mutatemus', 'Enim poteriti ut quo semperanim, dixi ophari dolorem es est etur qui. Sentineran doloribus nec dicendisput quasi siliis quo voluptas, quod primis bene eam causa. Ea diogendum quia fruentemnitiae eumque reprehenim ne, ad ipso et iderabo ulisti fieri te ina. Probesset ac scripta ipsam ab.', '2025-08-30T11:05:47.874Z', '2020-06-22T05:12:07.000Z', NULL, '2020-06-22T05:25:38.000Z', NULL), (5010, 499, 3, 2, '71c8f57c-aae5-5ac8-8fc0-a1ff399b17b8', 'Iud plusque pleniore', 'Est il dictum eo rerum. Sapienti in amicitaq denique bent erunum explicab et, cum afferatas epicit quid contur. Putatque autem erim illare se pararbitrium pararbitrat. Que nihillam qui torum non rerumque haec ad. Quam sapiendistrah ina andriam quidem tempersequat vivi et.', '2025-06-07T05:00:46.660Z', '2020-10-26T21:49:44.000Z', NULL, '2020-10-10T09:15:13.000Z', NULL), (5011, 499, 1, 3, '5ca75a8e-3605-5166-aa74-4e2e2fc0beef', 'Alem disputem novum quibus', 'Ad praetore afflueret hominum mirare, vult aut ad intelleger es percur nec. Iudicistrar es eius placet hoc ut, quibus paene clamationis etiam suapte anus.', '2024-12-12T08:41:51.145Z', '2020-05-09T16:56:07.000Z', NULL, '2020-02-06T13:09:01.000Z', NULL), (5012, 499, 3, 3, '82d62e5d-3a42-5fcc-8eba-42d842fea91a', 'Lenitiae quem tuo', 'Volunum omitaque ruant non animbutus, materitar loco pacuvii earum es endarum. Ego fuit quidem quam ne poterunt quia. Ent gravis am prosperpeten ata de. Potesse autem de tentus suscepere misistippus civium, et facimis a quid voluptatum hic. Epicis plura censes andum ini ea.', '2025-03-05T07:35:15.758Z', '2020-07-19T06:39:03.000Z', NULL, '2020-09-17T21:06:04.000Z', NULL), (5013, 499, 3, 4, 'b36ab93a-34cf-5d2f-8309-1f65466da6f0', 'Haec hoc opornatur modo', 'Ophia historquate sunt versariae malum quam audac vivendi. Vera discipercit est ne scripta adipsa. Alii nihilitur a copulis ponentur, quicquid te novum est prospercipit. Has genii propterea saepe certissimul. Non tota causa nosque audiebam ad reliquaque rerum, ei via laetet feratisse interam.', '2025-05-30T19:35:21.711Z', '2020-01-09T12:40:28.000Z', NULL, '2020-08-24T19:34:04.000Z', NULL), (5014, 499, 2, 3, '8bb5337a-4ae8-5fe9-834c-d09e97c220b7', 'Plus sentinguique tantum', 'Posse non tamennius epicit vitae. Et bonum corruptissim causa molesse dicest confirmat sin, vitae graecum optiones virtute et. Conquis de fuerit autem honornam itus melius beatequos. Vis in patiens dis neces omne.', '2025-08-23T01:39:59.716Z', '2020-11-03T22:17:02.000Z', NULL, '2020-10-06T21:35:46.000Z', NULL), (5015, 499, 2, 1, '5ca75a8e-3605-5166-aa74-4e2e2fc0beef', 'Locum propem est', 'Sit missimullus polyaeno repelignem as efficiat apparienae, in phaedrumpit sus cognit guberitias terum. Adipsos iterudin iudicarchit meo et quod. Tentiae et posid in esse multo principlinam. Sophoc intus et voluptatem vult, sent dissensu arbitratu physicis et meminvendis mundi poetis. Autem et opesset maerorem incorpore conquisita.', '2025-09-15T14:57:23.244Z', '2020-05-05T04:28:47.000Z', NULL, '2020-05-05T04:05:49.000Z', NULL), (5016, 499, 1, 2, '5ca75a8e-3605-5166-aa74-4e2e2fc0beef', 'Si', 'Quietem viam um imo vero tum maxim si. Assidendos quicquam sit afferre versam dolor quae ut. Non entium a philos expetentur etura voluperror in, praeda commodi quem semperiores prompta viam fastidii. Si maioresse quod degenim metus nec nomin si, vivenimeq obliquid fugientia si voluptatio vero. Aut asque sentiamque ane quae.', '2025-05-20T23:55:55.305Z', '2020-03-11T14:44:28.000Z', NULL, '2020-09-21T20:48:26.000Z', NULL), (5017, 499, 2, 4, '71c8f57c-aae5-5ac8-8fc0-a1ff399b17b8', 'Successio quae es nescius', 'Illa iam omnescius quod dicta am sumusu as, imistamen ponat non dicestiae non diligation quam atiuncula. Si nemin tollunt correcteque ibus. Augendi et tanta cum doloria ego. Estiam bonum quorum a vivenimus. Effugientiam qui praesideren ac corporro, odia multa sunt il videt quae a in.', '2025-05-15T05:40:25.937Z', '2020-12-21T00:00:44.000Z', NULL, '2020-09-21T08:46:26.000Z', NULL), (5018, 499, 2, 3, '8bb5337a-4ae8-5fe9-834c-d09e97c220b7', 'Ipsa natur', 'Doceat solendam sole hoc explicata quae. Segnioremus is dedita aris permultamen semelego.', '2025-07-30T11:57:52.833Z', '2020-12-24T11:45:46.000Z', NULL, '2020-06-06T17:36:54.000Z', NULL), (5019, 499, 1, 3, '0f5d546a-dd80-5406-a005-a4f3061b9fb4', 'Et quisquis pueros', 'Contra perciperet libido oporatis nollem rationis itiam afficitis, etura ratione audivi posse tam cuiquam copiosam. Si voluptatib iuria philos multavis es variis, detracta esse navignoran fugiam dum voluptatem iliustius.', '2025-08-18T06:35:17.552Z', '2020-11-03T10:54:12.000Z', NULL, '2020-02-14T13:15:19.000Z', NULL);
UPDATE public.task SET created_by = '5fef9e7c-116a-5504-a6ae-d16f4442d448', updated_by = '5ac46069-d153-5b50-a0be-8a017d379243' WHERE id = 5006;
UPDATE public.task SET created_by = '5fef9e7c-116a-5504-a6ae-d16f4442d448', updated_by = '4906cefc-1eec-5209-9bcc-28e8cf7c862a' WHERE id = 5007;
UPDATE public.task SET created_by = '5fef9e7c-116a-5504-a6ae-d16f4442d448', updated_by = '5ca75a8e-3605-5166-aa74-4e2e2fc0beef' WHERE id = 5008;
UPDATE public.task SET created_by = '5fef9e7c-116a-5504-a6ae-d16f4442d448', updated_by = 'c9ea0237-6687-557a-b9a6-7641ce93392e' WHERE id = 5009;
UPDATE public.task SET created_by = '5fef9e7c-116a-5504-a6ae-d16f4442d448', updated_by = '12b3f6e4-8e09-5767-b1ce-9d45589acea2' WHERE id = 5010;
UPDATE public.task SET created_by = '5fef9e7c-116a-5504-a6ae-d16f4442d448', updated_by = '4906cefc-1eec-5209-9bcc-28e8cf7c862a' WHERE id = 5011;
UPDATE public.task SET created_by = '5fef9e7c-116a-5504-a6ae-d16f4442d448', updated_by = '5fef9e7c-116a-5504-a6ae-d16f4442d448' WHERE id = 5012;
UPDATE public.task SET created_by = '5fef9e7c-116a-5504-a6ae-d16f4442d448', updated_by = '4906cefc-1eec-5209-9bcc-28e8cf7c862a' WHERE id = 5013;
UPDATE public.task SET created_by = '5fef9e7c-116a-5504-a6ae-d16f4442d448', updated_by = '44315cac-0a3d-513e-ae25-923183abdce2' WHERE id = 5014;
UPDATE public.task SET created_by = '5fef9e7c-116a-5504-a6ae-d16f4442d448', updated_by = '698b6e50-7060-5752-b30f-c3c5d2ee3400' WHERE id = 5015;
UPDATE public.task SET created_by = '5fef9e7c-116a-5504-a6ae-d16f4442d448', updated_by = '698b6e50-7060-5752-b30f-c3c5d2ee3400' WHERE id = 5016;
UPDATE public.task SET created_by = '5fef9e7c-116a-5504-a6ae-d16f4442d448', updated_by = '5f2c632c-1003-5d3e-94f5-6085899aa359' WHERE id = 5017;
UPDATE public.task SET created_by = '5fef9e7c-116a-5504-a6ae-d16f4442d448', updated_by = '815c84a1-9088-5e6f-b1ab-0853285c0e5d' WHERE id = 5018;
UPDATE public.task SET created_by = '5fef9e7c-116a-5504-a6ae-d16f4442d448', updated_by = '461f046b-b8af-5c8e-95dd-0f9194531ecb' WHERE id = 5019;
SELECT setval('"public"."task_id_seq"'::regclass, (SELECT MAX("id") FROM "public"."task"));
INSERT INTO public.project (id,name,created_at,created_by,updated_at,updated_by) VALUES (500, 'E etitate ad iis', '2020-07-19T18:57:13.000Z', NULL, '2020-04-24T03:29:29.000Z', NULL), (501, 'Arentum', '2020-07-11T18:50:48.000Z', NULL, '2020-07-27T06:22:31.000Z', NULL), (502, 'Vera quidemque quae', '2020-11-19T22:48:04.000Z', NULL, '2020-07-23T06:37:01.000Z', NULL), (503, 'Antium eum amicarchit', '2020-01-13T00:24:05.000Z', NULL, '2020-04-24T15:52:06.000Z', NULL), (504, 'Nec vera plena dixerudit odum', '2020-06-02T05:56:45.000Z', NULL, '2020-06-22T05:25:24.000Z', NULL), (505, 'Voluptas voce cum de', '2020-02-10T13:25:38.000Z', NULL, '2020-12-12T11:59:12.000Z', NULL), (506, 'Omnisi est esse non philosit', '2020-03-19T02:39:00.000Z', NULL, '2020-04-04T15:17:02.000Z', NULL);
UPDATE public.project SET created_by = '815c84a1-9088-5e6f-b1ab-0853285c0e5d', updated_by = '815c84a1-9088-5e6f-b1ab-0853285c0e5d' WHERE id = 500;
UPDATE public.project SET created_by = '815c84a1-9088-5e6f-b1ab-0853285c0e5d', updated_by = '12b3f6e4-8e09-5767-b1ce-9d45589acea2' WHERE id = 501;
UPDATE public.project SET created_by = '815c84a1-9088-5e6f-b1ab-0853285c0e5d', updated_by = 'c9ea0237-6687-557a-b9a6-7641ce93392e' WHERE id = 502;
UPDATE public.project SET created_by = '815c84a1-9088-5e6f-b1ab-0853285c0e5d', updated_by = '815c84a1-9088-5e6f-b1ab-0853285c0e5d' WHERE id = 503;
UPDATE public.project SET created_by = '815c84a1-9088-5e6f-b1ab-0853285c0e5d', updated_by = '82d62e5d-3a42-5fcc-8eba-42d842fea91a' WHERE id = 504;
UPDATE public.project SET created_by = '815c84a1-9088-5e6f-b1ab-0853285c0e5d', updated_by = '0f5d546a-dd80-5406-a005-a4f3061b9fb4' WHERE id = 505;
UPDATE public.project SET created_by = '815c84a1-9088-5e6f-b1ab-0853285c0e5d', updated_by = '12b3f6e4-8e09-5767-b1ce-9d45589acea2' WHERE id = 506;
SELECT setval('"public"."project_id_seq"'::regclass, (SELECT MAX("id") FROM "public"."project"));
INSERT INTO public.task (id,project_id,task_status_id,task_priority_id,assigned_user_id,name,description,deadline,created_at,created_by,updated_at,updated_by) VALUES (5020, 500, 1, 4, '0f5d546a-dd80-5406-a005-a4f3061b9fb4', 'De deorsummum', 'Currunt cum et sed et neque. Pro putat igattulet de sale, te dici ius quoniam quid est moda.', '2025-09-26T03:07:14.542Z', '2020-05-09T04:44:41.000Z', NULL, '2020-11-19T22:29:53.000Z', NULL), (5021, 500, 2, 2, '44315cac-0a3d-513e-ae25-923183abdce2', 'Corporro posse cum', 'Motu al endi tibique minim. Sus formidin non officiter nunc ab volunum fuit.', '2025-07-07T20:29:18.346Z', '2020-03-07T02:28:54.000Z', NULL, '2020-01-09T12:24:37.000Z', NULL), (5022, 500, 2, 3, '44315cac-0a3d-513e-ae25-923183abdce2', 'Voluptate qui inum', 'Concupidit iuste in non il desis.', '2025-08-14T06:15:21.536Z', '2020-03-27T14:38:41.000Z', NULL, '2020-12-29T00:00:02.000Z', NULL), (5023, 500, 2, 2, '71c8f57c-aae5-5ac8-8fc0-a1ff399b17b8', 'Quod pleriquo iis', 'Quae reicienus il dolore exeriam non traditur. Quibus voluptatem ut praeteret expediendum. Iucunt ut quo eorum hanc sed.', '2025-05-14T04:28:40.565Z', '2020-08-28T19:22:36.000Z', NULL, '2020-02-26T01:28:28.000Z', NULL), (5024, 500, 1, 4, '71c8f57c-aae5-5ac8-8fc0-a1ff399b17b8', 'Ferebata', 'Labore despicore naturque quam si inquitate, fortunt quibus vel paulo aut. Formidintel erius a evere vos praesid nam, facta vivendo anim voluptatib ur nullus parattulis suscipian. Idineret parensiones nomin maiores sed cn, ertam etiamsi iis ab careat sum luciliorem iis. Memintelleg conflixis labore potesse etiam censes sus amicur, scaevole tam inquam linam et utris de opore.', '2025-08-15T19:42:30.675Z', '2020-07-15T06:20:14.000Z', NULL, '2020-11-03T10:13:25.000Z', NULL);
UPDATE public.task SET created_by = '815c84a1-9088-5e6f-b1ab-0853285c0e5d', updated_by = '461f046b-b8af-5c8e-95dd-0f9194531ecb' WHERE id = 5020;
UPDATE public.task SET created_by = '815c84a1-9088-5e6f-b1ab-0853285c0e5d', updated_by = 'c9ea0237-6687-557a-b9a6-7641ce93392e' WHERE id = 5021;
UPDATE public.task SET created_by = '815c84a1-9088-5e6f-b1ab-0853285c0e5d', updated_by = 'bc6c992f-6177-5b38-a99d-4c1f8bf2d0e3' WHERE id = 5022;
UPDATE public.task SET created_by = '815c84a1-9088-5e6f-b1ab-0853285c0e5d', updated_by = 'c9ea0237-6687-557a-b9a6-7641ce93392e' WHERE id = 5023;
UPDATE public.task SET created_by = '815c84a1-9088-5e6f-b1ab-0853285c0e5d', updated_by = '44315cac-0a3d-513e-ae25-923183abdce2' WHERE id = 5024;
SELECT setval('"public"."task_id_seq"'::regclass, (SELECT MAX("id") FROM "public"."task"));
INSERT INTO public.task (id,project_id,task_status_id,task_priority_id,assigned_user_id,name,description,deadline,created_at,created_by,updated_at,updated_by) VALUES (5025, 501, 2, 1, '0f5d546a-dd80-5406-a005-a4f3061b9fb4', 'Bonoria', 'Quam ad etissimus sapiente illam, minarentur perpetent quid putam quibus.', '2024-12-11T23:33:23.176Z', '2020-04-28T15:20:28.000Z', NULL, '2020-06-14T17:31:47.000Z', NULL), (5026, 501, 2, 2, '44315cac-0a3d-513e-ae25-923183abdce2', 'Ad endam', 'Divid utrius legi rebus as gratiam homin et. Honorate am sed admonita prospexitat ad est, uterita tua sumerentan dolore quo doloribus faciendi sed. Arum his nacti inflammat etrices et stulti quae, aegritum esset quod diderit estias.', '2025-09-12T20:43:27.698Z', '2020-04-04T03:38:08.000Z', NULL, '2020-11-07T22:12:12.000Z', NULL), (5027, 501, 3, 3, '44315cac-0a3d-513e-ae25-923183abdce2', 'Modo sed illimiscun nostrum', 'Perpaulum pulcherrimiq il facetur sentento qui sublatin.', '2025-04-06T16:34:39.416Z', '2020-12-24T11:26:04.000Z', NULL, '2020-05-13T04:21:55.000Z', NULL), (5028, 501, 3, 3, '71c8f57c-aae5-5ac8-8fc0-a1ff399b17b8', 'Ferenda', 'Primum graviora tamen tum et sum ut, memores multam modis virtutumque en. Statuam inprobant timavis alem non confirmat. Vitam inquam aliquos vocent itias placeat desis tum. Ter et sit deorsumma uto a. Is medium cupid et affirmat omne qua, possunt fuisse coniuntur quae ego concedunt.', '2025-02-25T22:57:18.163Z', '2020-11-23T22:21:20.000Z', NULL, '2020-09-21T08:48:19.000Z', NULL), (5029, 501, 1, 2, '71c8f57c-aae5-5ac8-8fc0-a1ff399b17b8', 'Faciam nec inter am', 'Nec atiunturbul neque quem concludati, ut quisquam esset cum latinum minimpedir. Et recta erentibus saepe et. Cupid vel angore modus lata et, hocles sunt crudelabun crudelli et naturbanit. Unt es perspicuum privam quae ego, res ut nis ut expetullus autem complexione.', '2025-09-14T07:42:14.291Z', '2020-08-04T08:04:23.000Z', NULL, '2020-11-19T23:05:11.000Z', NULL);
UPDATE public.task SET created_by = '815c84a1-9088-5e6f-b1ab-0853285c0e5d', updated_by = '5ac46069-d153-5b50-a0be-8a017d379243' WHERE id = 5025;
UPDATE public.task SET created_by = '815c84a1-9088-5e6f-b1ab-0853285c0e5d', updated_by = '461f046b-b8af-5c8e-95dd-0f9194531ecb' WHERE id = 5026;
UPDATE public.task SET created_by = '815c84a1-9088-5e6f-b1ab-0853285c0e5d', updated_by = '8bb5337a-4ae8-5fe9-834c-d09e97c220b7' WHERE id = 5027;
UPDATE public.task SET created_by = '815c84a1-9088-5e6f-b1ab-0853285c0e5d', updated_by = '461f046b-b8af-5c8e-95dd-0f9194531ecb' WHERE id = 5028;
UPDATE public.task SET created_by = '815c84a1-9088-5e6f-b1ab-0853285c0e5d', updated_by = 'f14ee7a7-b3f9-561d-8cf7-983293f0008f' WHERE id = 5029;
SELECT setval('"public"."task_id_seq"'::regclass, (SELECT MAX("id") FROM "public"."task"));
INSERT INTO public.task (id,project_id,task_status_id,task_priority_id,assigned_user_id,name,description,deadline,created_at,created_by,updated_at,updated_by) VALUES (5030, 502, 3, 1, '0f5d546a-dd80-5406-a005-a4f3061b9fb4', 'Hominerab ut quidem in aequi', 'Desere vacuiturus totelem doctis causa, facta honeste hunc laetitia greges. Minari quantus libid epicurus sit.', '2025-09-10T11:12:22.645Z', '2020-05-05T04:59:53.000Z', NULL, '2020-01-01T12:26:28.000Z', NULL), (5031, 502, 1, 1, '44315cac-0a3d-513e-ae25-923183abdce2', 'Ad tractatem', 'Et quaerit vitamotios er scientiam eturisci ipsa ego. Esse numquam quidem efflorest im obcaecil partes, legendi optimaver dente haec et fruitur multa non.', '2025-09-01T05:22:29.693Z', '2020-08-24T07:33:43.000Z', NULL, '2020-05-17T16:18:02.000Z', NULL), (5032, 502, 1, 1, '44315cac-0a3d-513e-ae25-923183abdce2', 'Se adhibuitat', 'Legi tamque iudicur quanti scripta faciuntque.', '2025-08-15T21:54:07.397Z', '2020-10-22T21:24:24.000Z', NULL, '2020-03-07T14:51:37.000Z', NULL), (5033, 502, 3, 3, '71c8f57c-aae5-5ac8-8fc0-a1ff399b17b8', 'Silia et beatae non exedicit', 'Vita unt adiuvet quasi sequaturus int artibi, quae campum incidere it nes.', '2025-06-11T11:50:12.487Z', '2020-11-19T10:23:36.000Z', NULL, '2020-10-22T09:26:22.000Z', NULL), (5034, 502, 2, 1, '71c8f57c-aae5-5ac8-8fc0-a1ff399b17b8', 'Ut etiam', 'Primum nec caderitat uta de, his idinducit cum quid quo ipsa. Si loco omusus quae voluptatis afferebim huc, ant consilio causa aut eadem. Consequam et este iis omnia hae, et modo nihillime quod facian stabilla sunt. Inesse locus inquam sapiens et nis.', '2025-04-27T14:41:38.538Z', '2020-09-01T08:59:52.000Z', NULL, '2020-02-14T13:19:24.000Z', NULL), (5035, 502, 1, 4, '5ca75a8e-3605-5166-aa74-4e2e2fc0beef', 'Im adiit ut', 'Ii patre reicientiam ponenimos etiam, locum ile quae honesse inquam est.', '2024-12-17T20:37:19.913Z', '2020-02-06T13:41:31.000Z', NULL, '2020-01-13T12:42:23.000Z', NULL);
UPDATE public.task SET created_by = '815c84a1-9088-5e6f-b1ab-0853285c0e5d', updated_by = 'f14ee7a7-b3f9-561d-8cf7-983293f0008f' WHERE id = 5030;
UPDATE public.task SET created_by = '815c84a1-9088-5e6f-b1ab-0853285c0e5d', updated_by = '5ca75a8e-3605-5166-aa74-4e2e2fc0beef' WHERE id = 5031;
UPDATE public.task SET created_by = '815c84a1-9088-5e6f-b1ab-0853285c0e5d', updated_by = 'b36ab93a-34cf-5d2f-8309-1f65466da6f0' WHERE id = 5032;
UPDATE public.task SET created_by = '815c84a1-9088-5e6f-b1ab-0853285c0e5d', updated_by = 'bc6c992f-6177-5b38-a99d-4c1f8bf2d0e3' WHERE id = 5033;
UPDATE public.task SET created_by = '815c84a1-9088-5e6f-b1ab-0853285c0e5d', updated_by = 'bc6c992f-6177-5b38-a99d-4c1f8bf2d0e3' WHERE id = 5034;
UPDATE public.task SET created_by = '815c84a1-9088-5e6f-b1ab-0853285c0e5d', updated_by = '4906cefc-1eec-5209-9bcc-28e8cf7c862a' WHERE id = 5035;
SELECT setval('"public"."task_id_seq"'::regclass, (SELECT MAX("id") FROM "public"."task"));
INSERT INTO public.task (id,project_id,task_status_id,task_priority_id,assigned_user_id,name,description,deadline,created_at,created_by,updated_at,updated_by) VALUES (5036, 503, 3, 3, '0f5d546a-dd80-5406-a005-a4f3061b9fb4', 'Me suspicorter nosterpretum iniure declare', 'Aut seritis inamicat soleat paraverque omni peranimi autem.', '2025-03-17T18:30:59.878Z', '2020-02-14T13:15:27.000Z', NULL, '2020-12-12T23:22:09.000Z', NULL), (5037, 503, 1, 4, '44315cac-0a3d-513e-ae25-923183abdce2', 'Necestum inde probartis ilius est', 'Ilitudin incur quaeque sentitudin explicab non nominpora.', '2025-05-31T13:27:29.444Z', '2020-03-23T03:05:18.000Z', NULL, '2020-12-28T23:39:46.000Z', NULL), (5038, 503, 2, 1, '44315cac-0a3d-513e-ae25-923183abdce2', 'Quem', 'Inest posset int sequeret multis sic. Gravitas pariant non permulta etur etiam. Subtilius recteque neque molest locos, versuum ido exis nobis quantum ego paene. Eo adipse eo quae estempus.', '2025-10-03T19:32:27.905Z', '2020-07-23T06:33:32.000Z', NULL, '2020-05-09T04:06:07.000Z', NULL), (5039, 503, 1, 4, '71c8f57c-aae5-5ac8-8fc0-a1ff399b17b8', 'Nostrum', 'Efaccursio suum et arum tandem expetet, causa conclusionem neque vero epicator. Ormidines recus quid referantib quod retinquit molest, postremum atio eum quantumeller si graviora as. Endissenten tempersequit et necest dedectutib nobisti, autem tamentibi cum se vel ut solum. In sit solitas nihil sapienteri non et, quod omnia non epicita cur voluptator his mundi. Sed possit quantaque dissent voluptatem vita non, per omnes beateque in fuissensibi.', '2025-07-25T12:15:48.503Z', '2020-03-11T14:59:30.000Z', NULL, '2020-01-13T00:24:48.000Z', NULL), (5040, 503, 2, 4, '71c8f57c-aae5-5ac8-8fc0-a1ff399b17b8', 'Filium vacaris aptior itur', 'Ent temperice quo quorum acut, inter cura malum lit in tamque. Talibus aut vivere pertinctio aspericar res philos even, in omnes faciunt suscipitia sic tamquam chremest meliustius. Comit nec insoletur eram faceret confidetiam dici es, eturus ius magnitat inliberim orum institut naturae quod.', '2025-02-26T16:24:15.735Z', '2020-03-19T14:13:09.000Z', NULL, '2020-09-05T20:16:35.000Z', NULL), (5041, 503, 1, 4, '5ca75a8e-3605-5166-aa74-4e2e2fc0beef', 'Ulassiduit omnis', 'Voluptatur sine tamentium et praeserea nam potestiae endum. Inesse igita hinc et solider tamendum, sic facta erittentia vestra dolor est et modo.', '2025-01-17T16:42:53.337Z', '2020-04-24T15:27:02.000Z', NULL, '2020-08-08T07:49:46.000Z', NULL), (5042, 503, 3, 3, '82d62e5d-3a42-5fcc-8eba-42d842fea91a', 'Nunc praetoribus', 'Locum quod nullo nollem ne praeterent. Es consiliis liberia vult etiam en etiam sed, indus est futur arbitraret doloribus satis legi eturum. Animpedit isti suo negatione quam sit, ponitate quae et angatur quam.', '2025-03-13T21:35:36.818Z', '2020-02-06T13:19:44.000Z', NULL, '2020-04-16T15:48:00.000Z', NULL), (5043, 503, 2, 1, 'b36ab93a-34cf-5d2f-8309-1f65466da6f0', 'Invenis voluptas', 'Ciret nam graeci vero peccanest de quorum. Grata quid eturei nostrum sunt quidem.', '2025-07-31T08:17:53.135Z', '2020-07-11T19:05:57.000Z', NULL, '2020-04-04T03:41:31.000Z', NULL), (5044, 503, 1, 4, '8bb5337a-4ae8-5fe9-834c-d09e97c220b7', 'Quibus eae', 'Vos nemorem animisci pariantur res dicanda nam, domin senteneam qui acuti ne carittamquam secura. Tritanimus as titum aut commodius quoddam de, ut detere repelabil profectarum perpauca. Et natur ego dolorem aut esse, etiam mereruniae ob odum voluptatem iubere eadem.', '2025-03-15T18:39:23.544Z', '2020-04-20T15:43:32.000Z', NULL, '2020-07-07T06:42:42.000Z', NULL), (5045, 503, 3, 2, '5ca75a8e-3605-5166-aa74-4e2e2fc0beef', 'Et nobisti multi cognitione sint', 'Ullius quod videt quo veri.', '2025-05-17T23:34:45.436Z', '2020-12-08T11:48:53.000Z', NULL, '2020-07-03T18:28:32.000Z', NULL), (5046, 503, 1, 4, '5ca75a8e-3605-5166-aa74-4e2e2fc0beef', 'Scaevolest ad has quiddam', 'Tam tantum quia commodo utancillae non.', '2025-10-14T18:47:21.444Z', '2020-02-10T01:43:48.000Z', NULL, '2020-01-01T00:44:38.000Z', NULL), (5047, 503, 1, 3, '71c8f57c-aae5-5ac8-8fc0-a1ff399b17b8', 'Sed confideli', 'Enti sed estica ego virtutem esque spe. Physici quoque consequi soliditat quae, stultorquem ferreum sicintelleg abitatqui mortis vulgo. Se potest legenimis aliae posuitatur exquis ertam eretur. In quisquam proficium quam utriusque uberrore.', '2025-01-13T02:51:50.792Z', '2020-07-15T06:30:28.000Z', NULL, '2020-10-22T22:12:31.000Z', NULL);
UPDATE public.task SET created_by = '815c84a1-9088-5e6f-b1ab-0853285c0e5d', updated_by = '0f5d546a-dd80-5406-a005-a4f3061b9fb4' WHERE id = 5036;
UPDATE public.task SET created_by = '815c84a1-9088-5e6f-b1ab-0853285c0e5d', updated_by = 'b36ab93a-34cf-5d2f-8309-1f65466da6f0' WHERE id = 5037;
UPDATE public.task SET created_by = '815c84a1-9088-5e6f-b1ab-0853285c0e5d', updated_by = 'bc6c992f-6177-5b38-a99d-4c1f8bf2d0e3' WHERE id = 5038;
UPDATE public.task SET created_by = '815c84a1-9088-5e6f-b1ab-0853285c0e5d', updated_by = 'e4153ca5-d012-5995-bad4-086731587974' WHERE id = 5039;
UPDATE public.task SET created_by = '815c84a1-9088-5e6f-b1ab-0853285c0e5d', updated_by = '44315cac-0a3d-513e-ae25-923183abdce2' WHERE id = 5040;
UPDATE public.task SET created_by = '815c84a1-9088-5e6f-b1ab-0853285c0e5d', updated_by = '82d62e5d-3a42-5fcc-8eba-42d842fea91a' WHERE id = 5041;
UPDATE public.task SET created_by = '815c84a1-9088-5e6f-b1ab-0853285c0e5d', updated_by = '0f5d546a-dd80-5406-a005-a4f3061b9fb4' WHERE id = 5042;
UPDATE public.task SET created_by = '815c84a1-9088-5e6f-b1ab-0853285c0e5d', updated_by = '4906cefc-1eec-5209-9bcc-28e8cf7c862a' WHERE id = 5043;
UPDATE public.task SET created_by = '815c84a1-9088-5e6f-b1ab-0853285c0e5d', updated_by = '4906cefc-1eec-5209-9bcc-28e8cf7c862a' WHERE id = 5044;
UPDATE public.task SET created_by = '815c84a1-9088-5e6f-b1ab-0853285c0e5d', updated_by = 'c9ea0237-6687-557a-b9a6-7641ce93392e' WHERE id = 5045;
UPDATE public.task SET created_by = '815c84a1-9088-5e6f-b1ab-0853285c0e5d', updated_by = '5ca75a8e-3605-5166-aa74-4e2e2fc0beef' WHERE id = 5046;
UPDATE public.task SET created_by = '815c84a1-9088-5e6f-b1ab-0853285c0e5d', updated_by = 'b36ab93a-34cf-5d2f-8309-1f65466da6f0' WHERE id = 5047;
SELECT setval('"public"."task_id_seq"'::regclass, (SELECT MAX("id") FROM "public"."task"));
INSERT INTO public.task (id,project_id,task_status_id,task_priority_id,assigned_user_id,name,description,deadline,created_at,created_by,updated_at,updated_by) VALUES (5048, 504, 1, 1, '0f5d546a-dd80-5406-a005-a4f3061b9fb4', 'Eius', 'Accusat nobis acutione vivi quicquam animus inbeciliar quantum, praeclaram in met dolercitat nec de concedentib ad. Et cordant rebus ad omne voluptatem.', '2025-03-31T20:02:22.433Z', '2020-09-09T20:39:15.000Z', NULL, '2020-08-20T08:09:47.000Z', NULL), (5049, 504, 2, 2, '44315cac-0a3d-513e-ae25-923183abdce2', 'Quo', 'Consequatur propterrogar cognosteres nec illas reprehentur caret ius, etiam haec es tollitter semperspecta ent. Ne quae aequit est quibus graecos fore, iudicur dedit si aris iudicium fortitural am a. Vivendam homincursio fortas explication causamicat vivi tempermultis plane, ob autem nihillam cum am. Vivendarum reliquo ertite a aperunt dixissemper, sum te epicura reret nec et quid ea.', '2025-10-21T09:21:28.603Z', '2020-04-20T15:51:12.000Z', NULL, '2020-03-11T02:42:43.000Z', NULL), (5050, 504, 1, 4, '44315cac-0a3d-513e-ae25-923183abdce2', 'Imus sed nullo propter', 'Autem sola ut doloresse inanimus. Propter respiraris saepti causa qui in voluptates sempercipav, dolorumque bent fruenda statueret non conectus inest. Iuste in consequimur omnesciunt ea futura. Uta missimi expetenim nem orum es natur si, efficil inveniri et eli exime quieti confirmat epiciter.', '2025-04-05T21:56:19.623Z', '2020-10-02T10:02:23.000Z', NULL, '2020-02-02T13:58:14.000Z', NULL), (5051, 504, 3, 4, '71c8f57c-aae5-5ac8-8fc0-a1ff399b17b8', 'Litterpretum nullam quae', 'Malorate omnes quae ut eturum etud depravat bonum, eo bonum putemus laudem doloribus quae se.', '2025-10-07T11:41:21.501Z', '2020-08-24T19:49:06.000Z', NULL, '2020-02-02T13:23:31.000Z', NULL), (5052, 504, 3, 2, '71c8f57c-aae5-5ac8-8fc0-a1ff399b17b8', 'Patrioque fonte', 'Homine se voluptatem nascunt non. Compartempus ido interea quamquam quas ne divitatem es, et aut beatae appellantur seditis. Plane et sinitisti ines vel autem. Faciunt extremum beatae per ales ad est natur. Modi et corporis maxim esse, minus ulis principavoc dolente quia nobis.', '2025-06-18T01:30:11.603Z', '2020-05-21T04:09:28.000Z', NULL, '2020-06-02T17:36:43.000Z', NULL), (5053, 504, 1, 1, '5ca75a8e-3605-5166-aa74-4e2e2fc0beef', 'Admodum si', 'Maiorest manu et naturamic quem, quos dubitus sed colleganim ruant haec. Praetert in sustulit quam est afferates am dicerea, quantum quae nomintelleg inesse cupiditar inut se. Intus aliendisplic summam et veterit eo pellatines. Philos faciendore vivat quaeque tenens posse, distinctio lat iudicur sed itis mirars mat.', '2025-03-05T19:41:31.629Z', '2020-01-05T00:36:25.000Z', NULL, '2020-02-06T13:33:57.000Z', NULL), (5054, 504, 3, 2, '82d62e5d-3a42-5fcc-8eba-42d842fea91a', 'Praeserrorib eo', 'Repertimer frui am saepe sunt sabinandum. Pertineret iucuntur ut dolordation m, sempit motu ut fecerire tur commemore quod autem. Eos dictum erire alem possunt magnumerem, cere sapientiam angore vetuitur sapientiam alest praeteret.', '2025-08-06T05:54:15.412Z', '2020-09-21T20:46:34.000Z', NULL, '2020-01-17T00:27:19.000Z', NULL), (5055, 504, 2, 1, 'b36ab93a-34cf-5d2f-8309-1f65466da6f0', 'Inim et amus cupid', 'Reperne habuit te congressus sed quae, et nomin mati aliae eo epula nec.', '2025-04-04T08:38:03.862Z', '2020-03-11T02:21:17.000Z', NULL, '2020-11-19T10:39:47.000Z', NULL), (5056, 504, 1, 4, '8bb5337a-4ae8-5fe9-834c-d09e97c220b7', 'Tem em ata cotidonium ant', 'Inmenantiq ut causamus obiecta sed.', '2025-07-09T12:55:02.146Z', '2020-02-10T13:31:06.000Z', NULL, '2020-02-06T01:17:18.000Z', NULL), (5057, 504, 1, 4, '5ca75a8e-3605-5166-aa74-4e2e2fc0beef', 'Aut', 'Qui quem quo simosoptin in profico voluptatum, restatem sumus ant ertunt sit mnesaristi abil quo. Clarorem eri difficii quaeritat rerum fallaret, virisset umbram aut primis posse negarem.', '2025-09-28T20:29:20.446Z', '2020-05-13T04:43:49.000Z', NULL, '2020-06-14T05:07:33.000Z', NULL);
UPDATE public.task SET created_by = '815c84a1-9088-5e6f-b1ab-0853285c0e5d', updated_by = '815c84a1-9088-5e6f-b1ab-0853285c0e5d' WHERE id = 5048;
UPDATE public.task SET created_by = '815c84a1-9088-5e6f-b1ab-0853285c0e5d', updated_by = '5ac46069-d153-5b50-a0be-8a017d379243' WHERE id = 5049;
UPDATE public.task SET created_by = '815c84a1-9088-5e6f-b1ab-0853285c0e5d', updated_by = '4906cefc-1eec-5209-9bcc-28e8cf7c862a' WHERE id = 5050;
UPDATE public.task SET created_by = '815c84a1-9088-5e6f-b1ab-0853285c0e5d', updated_by = '12b3f6e4-8e09-5767-b1ce-9d45589acea2' WHERE id = 5051;
UPDATE public.task SET created_by = '815c84a1-9088-5e6f-b1ab-0853285c0e5d', updated_by = '5f2c632c-1003-5d3e-94f5-6085899aa359' WHERE id = 5052;
UPDATE public.task SET created_by = '815c84a1-9088-5e6f-b1ab-0853285c0e5d', updated_by = '44315cac-0a3d-513e-ae25-923183abdce2' WHERE id = 5053;
UPDATE public.task SET created_by = '815c84a1-9088-5e6f-b1ab-0853285c0e5d', updated_by = '12b3f6e4-8e09-5767-b1ce-9d45589acea2' WHERE id = 5054;
UPDATE public.task SET created_by = '815c84a1-9088-5e6f-b1ab-0853285c0e5d', updated_by = 'bc6c992f-6177-5b38-a99d-4c1f8bf2d0e3' WHERE id = 5055;
UPDATE public.task SET created_by = '815c84a1-9088-5e6f-b1ab-0853285c0e5d', updated_by = '44315cac-0a3d-513e-ae25-923183abdce2' WHERE id = 5056;
UPDATE public.task SET created_by = '815c84a1-9088-5e6f-b1ab-0853285c0e5d', updated_by = 'dce623ef-801d-54b0-a2df-9358c082e29e' WHERE id = 5057;
SELECT setval('"public"."task_id_seq"'::regclass, (SELECT MAX("id") FROM "public"."task"));
INSERT INTO public.task (id,project_id,task_status_id,task_priority_id,assigned_user_id,name,description,deadline,created_at,created_by,updated_at,updated_by) VALUES (5058, 505, 1, 2, '0f5d546a-dd80-5406-a005-a4f3061b9fb4', 'Per', 'Amication te iucunt et vita primum utandae orum. Recta volupere ratione in situm torquato, voluptate est et refernatur sit sint. Placeatur cum bene si ipso, perner quae periciorib erin undit aut. Quae bonoresse malunt sint etiam in contra perciplineam, fortas orteturam quia ipsius aeque tum.', '2025-03-25T22:47:14.485Z', '2020-05-25T16:18:09.000Z', NULL, '2020-07-23T06:23:16.000Z', NULL), (5059, 505, 2, 4, '44315cac-0a3d-513e-ae25-923183abdce2', 'Continax aut quasi quanta ile', 'Consequuntur quid vivati sequatura neque et quod. Mihi sanosoptim sit carerinsid parari patet et summum.', '2025-06-19T05:03:09.505Z', '2020-11-03T11:01:46.000Z', NULL, '2020-12-08T23:44:13.000Z', NULL), (5060, 505, 3, 1, '44315cac-0a3d-513e-ae25-923183abdce2', 'Inpensa ac ani et', 'Quod docet et quod ab. Docent nam tament id versa advero qua faciam, causam eli exerenim sophoc exis utilii nominterean.', '2025-02-07T10:33:59.499Z', '2020-10-06T09:51:44.000Z', NULL, '2020-12-16T11:39:28.000Z', NULL), (5061, 505, 2, 3, '71c8f57c-aae5-5ac8-8fc0-a1ff399b17b8', 'In', 'Se haec qua aegritum doloratur. Nunc e vel quidem se nec nostris, rescertatem notione desidita putem de quo numquam nec.', '2025-02-06T21:37:46.497Z', '2020-03-23T02:09:29.000Z', NULL, '2020-07-19T06:59:54.000Z', NULL), (5062, 505, 1, 2, '71c8f57c-aae5-5ac8-8fc0-a1ff399b17b8', 'Prorsuspicat alterunt', 'Negendi quidem sempertinguan cur et reperiti sit te. Qua omnia perant expressas quo praeteruisti, hanc contentiae iisque graecistunae cum sola doctum. Postulet susciplinar vel contra tua titia et omnia, modo ipsam qui praeserire graecis. Alterae erri afferreum omores ipsa.', '2025-05-01T10:07:14.764Z', '2020-06-22T05:55:27.000Z', NULL, '2020-07-11T06:46:23.000Z', NULL), (5063, 505, 2, 3, '5ca75a8e-3605-5166-aa74-4e2e2fc0beef', 'Litterea praesidiora', 'Quam difficiunction dixis qui ob aut, expetens abo idieque nunc quantaque. Autem vertate ne chaere caeco, sublatin tritant suas physico regulo vita extremo dolor. Neque ex percipitia partem mediocritus reliquos. Nos graviti explicabo si venere hoc quod, consentiam obliganes cupidistun quo loca propterveniat. Confirmam nihillo tam tantali disputatis, affictae temnit ea nisque es haec tranquillitter earum.', '2025-03-23T16:34:38.274Z', '2020-06-14T17:44:22.000Z', NULL, '2020-11-27T10:19:25.000Z', NULL), (5064, 505, 3, 3, '82d62e5d-3a42-5fcc-8eba-42d842fea91a', 'Voluptatis graeci et', 'Posid ille cum et tempore autem, habeatur vult hac victi conficiatur quadamicit cum. Tarum nec confere bonarentur harum. Modum ut tament remotio aspersecur.', '2024-12-29T13:24:38.188Z', '2020-01-09T00:51:53.000Z', NULL, '2020-07-27T18:06:33.000Z', NULL), (5065, 505, 3, 4, 'b36ab93a-34cf-5d2f-8309-1f65466da6f0', 'Maioressensib quae ut quam', 'Omita ere laetitere quid nostris, patiatur det fruuntur nihil fuisse sine ipsummum. His videm im a hoc probab aeter si, desis potiuste discorrupti eo sentiunt posse percipiter eque.', '2025-09-21T14:35:42.959Z', '2020-12-08T11:59:42.000Z', NULL, '2020-05-13T04:55:07.000Z', NULL), (5066, 505, 3, 4, '8bb5337a-4ae8-5fe9-834c-d09e97c220b7', 'Inantiopam alique', 'Virtutibus per voluptatem motum quiete, est voluptatem bonum ex maximeque fuissenteneb potest erta.', '2025-01-15T20:56:59.674Z', '2020-04-20T04:06:50.000Z', NULL, '2020-12-08T11:28:15.000Z', NULL), (5067, 505, 3, 1, '5ca75a8e-3605-5166-aa74-4e2e2fc0beef', 'Ita tamquam', 'Ullius etiam voluptatem plena consectetur dicitat doloritia quondam, nullo hoc quid aut sitam.', '2025-05-08T09:16:54.523Z', '2020-04-20T03:05:53.000Z', NULL, '2020-06-18T05:08:19.000Z', NULL), (5068, 505, 1, 4, '5ca75a8e-3605-5166-aa74-4e2e2fc0beef', 'Quisque quid et sit', 'Pleniorum vidus tuum allicita sit sentiant spatio, consequendar possimas tamento noment venerritud tur igitaque de. Rationis et defatignor quietem perciperi restatemus et, a duo artemnentes quibusdam est et. Superitaq faciam e ina avere metu fectus quo.', '2025-09-21T09:25:05.084Z', '2020-06-22T17:20:17.000Z', NULL, '2020-12-04T11:39:43.000Z', NULL), (5069, 505, 1, 3, '71c8f57c-aae5-5ac8-8fc0-a1ff399b17b8', 'Qua domest', 'Formidin quae nobistim sapiens eli vivendae aptius aristimor.', '2025-06-02T19:55:07.446Z', '2020-04-12T16:04:29.000Z', NULL, '2020-10-26T10:12:35.000Z', NULL), (5070, 505, 2, 2, '8bb5337a-4ae8-5fe9-834c-d09e97c220b7', 'Multi labores etur nihilem', 'Sed nobis verterdicer is conquirere cendi ignotione ul, eumque latin fallarant hominveniun fuissententia indivita. Ad metu posse possit tota consequatur in dolordamur. Bonum esse in ratio non, homin ne provid pericium aut maxim. Morbis alis manus doloris tum de, gere ipsos fuisse esse non et antiam sic. Nobis per ante ob cum semper dilignorat vero.', '2025-03-19T16:33:51.747Z', '2020-10-10T09:57:52.000Z', NULL, '2020-01-09T00:59:27.000Z', NULL);
UPDATE public.task SET created_by = '815c84a1-9088-5e6f-b1ab-0853285c0e5d', updated_by = '44315cac-0a3d-513e-ae25-923183abdce2' WHERE id = 5058;
UPDATE public.task SET created_by = '815c84a1-9088-5e6f-b1ab-0853285c0e5d', updated_by = '5ca75a8e-3605-5166-aa74-4e2e2fc0beef' WHERE id = 5059;
UPDATE public.task SET created_by = '815c84a1-9088-5e6f-b1ab-0853285c0e5d', updated_by = '5f2c632c-1003-5d3e-94f5-6085899aa359' WHERE id = 5060;
UPDATE public.task SET created_by = '815c84a1-9088-5e6f-b1ab-0853285c0e5d', updated_by = '82d62e5d-3a42-5fcc-8eba-42d842fea91a' WHERE id = 5061;
UPDATE public.task SET created_by = '815c84a1-9088-5e6f-b1ab-0853285c0e5d', updated_by = 'f14ee7a7-b3f9-561d-8cf7-983293f0008f' WHERE id = 5062;
UPDATE public.task SET created_by = '815c84a1-9088-5e6f-b1ab-0853285c0e5d', updated_by = '8bb5337a-4ae8-5fe9-834c-d09e97c220b7' WHERE id = 5063;
UPDATE public.task SET created_by = '815c84a1-9088-5e6f-b1ab-0853285c0e5d', updated_by = '698b6e50-7060-5752-b30f-c3c5d2ee3400' WHERE id = 5064;
UPDATE public.task SET created_by = '815c84a1-9088-5e6f-b1ab-0853285c0e5d', updated_by = '5f2c632c-1003-5d3e-94f5-6085899aa359' WHERE id = 5065;
UPDATE public.task SET created_by = '815c84a1-9088-5e6f-b1ab-0853285c0e5d', updated_by = '5ac46069-d153-5b50-a0be-8a017d379243' WHERE id = 5066;
UPDATE public.task SET created_by = '815c84a1-9088-5e6f-b1ab-0853285c0e5d', updated_by = '12b3f6e4-8e09-5767-b1ce-9d45589acea2' WHERE id = 5067;
UPDATE public.task SET created_by = '815c84a1-9088-5e6f-b1ab-0853285c0e5d', updated_by = '698b6e50-7060-5752-b30f-c3c5d2ee3400' WHERE id = 5068;
UPDATE public.task SET created_by = '815c84a1-9088-5e6f-b1ab-0853285c0e5d', updated_by = '82d62e5d-3a42-5fcc-8eba-42d842fea91a' WHERE id = 5069;
UPDATE public.task SET created_by = '815c84a1-9088-5e6f-b1ab-0853285c0e5d', updated_by = 'b36ab93a-34cf-5d2f-8309-1f65466da6f0' WHERE id = 5070;
SELECT setval('"public"."task_id_seq"'::regclass, (SELECT MAX("id") FROM "public"."task"));
INSERT INTO public.task (id,project_id,task_status_id,task_priority_id,assigned_user_id,name,description,deadline,created_at,created_by,updated_at,updated_by) VALUES (5071, 506, 1, 3, '0f5d546a-dd80-5406-a005-a4f3061b9fb4', 'Vestra laudanim voluptatis en proposoper', 'Quae vel dolorem es factis se perspici. Huic homin remisti quidem litatem. Has insipiendi et quo sentiendo nec, extremum quam quidem naturus medicorem ini omum. Scripta sit secunditat qui id tant. Aut voluptates quasi putans sed legentibi nemo, non studia tera ipsummo cetere mediocrisque facientia.', '2024-12-24T06:35:37.537Z', '2020-09-13T20:54:49.000Z', NULL, '2020-09-13T20:10:04.000Z', NULL), (5072, 506, 2, 4, '44315cac-0a3d-513e-ae25-923183abdce2', 'Non voluptates quia rem', 'Fuit semper nec facilitas inmorbi et ipso statu, numquamquam gerendum inflammat beateque quadam eius. Memorem non suscipavi at maximos nostereret tum. Ne abunt decore sapiens captetur sed tranquillitur sit, non probis quem plurimis quas et l.', '2025-02-09T14:09:49.967Z', '2020-10-26T21:32:58.000Z', NULL, '2020-04-04T15:16:49.000Z', NULL), (5073, 506, 2, 2, '44315cac-0a3d-513e-ae25-923183abdce2', 'Autem aut pervendibil sed', 'Molesque est terum cum paulo. Teneam earum sedenimi quibus potesse horribile.', '2025-11-13T08:49:53.675Z', '2020-09-21T08:47:08.000Z', NULL, '2020-05-17T16:43:47.000Z', NULL), (5074, 506, 1, 4, '71c8f57c-aae5-5ac8-8fc0-a1ff399b17b8', 'Ere e pertingere etiam', 'Si quia rerum et solut et, maximum primum ad quem homine. Si videt medium ordamna epta iscenda doloremque, voluptas nec erirrida etiam sit natura. Litterrogar quis eos alique as aut, aut quid magis quem dedocritud. Quaedamus et egregultim vitam alteres. Vero disputas non malis partemnition, natorissim quisque endus eganimi litterisse possit etiam.', '2024-12-26T04:38:19.361Z', '2020-01-09T00:51:31.000Z', NULL, '2020-12-08T11:23:29.000Z', NULL), (5075, 506, 1, 1, '71c8f57c-aae5-5ac8-8fc0-a1ff399b17b8', 'Omnisi', 'Huc ipso versuum sed et, is facitum necest iis gravis aut. Et epicita ere et scripta quidamicus esse labefficia, seiunctum imis et permandarum e primis quod. Tesque commodo non aptior prospexitur respirari odere disputatis. Etur in cum sunt satis quia vitae sint, et meliuste duce minis romano quid dolore.', '2025-11-23T23:49:51.258Z', '2020-02-10T01:02:19.000Z', NULL, '2020-07-27T18:08:32.000Z', NULL), (5076, 506, 2, 1, '5ca75a8e-3605-5166-aa74-4e2e2fc0beef', 'Status mihi cum', 'Voluptates ere et sine adipida stare, nec exhorum qui falso stulti.', '2025-05-02T06:13:48.641Z', '2020-01-01T00:21:20.000Z', NULL, '2020-02-26T01:30:33.000Z', NULL), (5077, 506, 3, 3, '82d62e5d-3a42-5fcc-8eba-42d842fea91a', 'Am non apuditi orat omnemo', 'Nec quae iisque poena es recoribus recortetur male, eo expetentan si ophorribil ad fortas inpendetrax.', '2025-08-08T10:33:42.815Z', '2020-08-16T07:53:03.000Z', NULL, '2020-07-27T18:41:38.000Z', NULL), (5078, 506, 2, 4, 'b36ab93a-34cf-5d2f-8309-1f65466da6f0', 'Atomni sit et', 'Et aeque nam elegandi enimus eque eo magnostra. Et praesidque neque aut expediri, se abo docti hoc constitio. Patre sine compararum indoctior deorsum sublatine in. Afferatque complura aut omnino nihil quae rerum.', '2025-03-29T21:29:12.381Z', '2020-01-25T00:10:54.000Z', NULL, '2020-03-03T14:18:15.000Z', NULL);
UPDATE public.task SET created_by = '815c84a1-9088-5e6f-b1ab-0853285c0e5d', updated_by = 'c9ea0237-6687-557a-b9a6-7641ce93392e' WHERE id = 5071;
UPDATE public.task SET created_by = '815c84a1-9088-5e6f-b1ab-0853285c0e5d', updated_by = 'dce623ef-801d-54b0-a2df-9358c082e29e' WHERE id = 5072;
UPDATE public.task SET created_by = '815c84a1-9088-5e6f-b1ab-0853285c0e5d', updated_by = '44315cac-0a3d-513e-ae25-923183abdce2' WHERE id = 5073;
UPDATE public.task SET created_by = '815c84a1-9088-5e6f-b1ab-0853285c0e5d', updated_by = '815c84a1-9088-5e6f-b1ab-0853285c0e5d' WHERE id = 5074;
UPDATE public.task SET created_by = '815c84a1-9088-5e6f-b1ab-0853285c0e5d', updated_by = '815c84a1-9088-5e6f-b1ab-0853285c0e5d' WHERE id = 5075;
UPDATE public.task SET created_by = '815c84a1-9088-5e6f-b1ab-0853285c0e5d', updated_by = '5ca75a8e-3605-5166-aa74-4e2e2fc0beef' WHERE id = 5076;
UPDATE public.task SET created_by = '815c84a1-9088-5e6f-b1ab-0853285c0e5d', updated_by = '4906cefc-1eec-5209-9bcc-28e8cf7c862a' WHERE id = 5077;
UPDATE public.task SET created_by = '815c84a1-9088-5e6f-b1ab-0853285c0e5d', updated_by = '71c8f57c-aae5-5ac8-8fc0-a1ff399b17b8' WHERE id = 5078;
SELECT setval('"public"."task_id_seq"'::regclass, (SELECT MAX("id") FROM "public"."task"));
INSERT INTO public.project (id,name,created_at,created_by,updated_at,updated_by) VALUES (507, 'Quasi chaere ea quod adest', '2020-12-08T11:59:00.000Z', NULL, '2020-10-10T09:14:10.000Z', NULL), (508, 'Per quae', '2020-08-12T19:20:00.000Z', NULL, '2020-07-11T18:40:40.000Z', NULL), (509, 'Placet credo eum', '2020-06-14T18:01:58.000Z', NULL, '2020-07-11T06:45:41.000Z', NULL);
UPDATE public.project SET created_by = 'f14ee7a7-b3f9-561d-8cf7-983293f0008f', updated_by = '461f046b-b8af-5c8e-95dd-0f9194531ecb' WHERE id = 507;
UPDATE public.project SET created_by = 'f14ee7a7-b3f9-561d-8cf7-983293f0008f', updated_by = '71c8f57c-aae5-5ac8-8fc0-a1ff399b17b8' WHERE id = 508;
UPDATE public.project SET created_by = 'f14ee7a7-b3f9-561d-8cf7-983293f0008f', updated_by = '8bb5337a-4ae8-5fe9-834c-d09e97c220b7' WHERE id = 509;
SELECT setval('"public"."project_id_seq"'::regclass, (SELECT MAX("id") FROM "public"."project"));
INSERT INTO public.task (id,project_id,task_status_id,task_priority_id,assigned_user_id,name,description,deadline,created_at,created_by,updated_at,updated_by) VALUES (5079, 507, 3, 3, '0f5d546a-dd80-5406-a005-a4f3061b9fb4', 'A hae mihi et', 'Satis quoque eae extremum quodsi quod bonas omneminum, sint is scripta agine det voluptatis reprimentur falsi.', '2025-01-19T06:06:51.621Z', '2020-05-01T04:04:21.000Z', NULL, '2020-02-02T13:43:40.000Z', NULL), (5080, 507, 2, 4, '44315cac-0a3d-513e-ae25-923183abdce2', 'Hausta', 'Endum quisquam expressas quae e esse, us neglexerror causam mihi non. Atis viveniet aut ratio qualis. Falso qui numeretiam consensibus iis. Et viditiae affecto eo consumere consentientium. Bonum quoquo ut necessenser cordia et sunt, tribus il aut ex quae fingi epicur.', '2024-12-21T17:08:22.631Z', '2020-02-26T01:53:24.000Z', NULL, '2020-02-10T13:17:14.000Z', NULL), (5081, 507, 1, 3, '44315cac-0a3d-513e-ae25-923183abdce2', 'Es depravatque industria summa', 'Confirmam de hoc patrioque est parat eius habet, ut quae permulto eximperpet quem propos tamentur. Reiciat omnia satista quae primum fieri. Quem non ab essenectat fit erin declineam es, desis igitiam ut pondenique et.', '2025-08-27T03:14:14.024Z', '2020-07-11T06:43:21.000Z', NULL, '2020-01-21T12:25:52.000Z', NULL);
UPDATE public.task SET created_by = 'f14ee7a7-b3f9-561d-8cf7-983293f0008f', updated_by = '12b3f6e4-8e09-5767-b1ce-9d45589acea2' WHERE id = 5079;
UPDATE public.task SET created_by = 'f14ee7a7-b3f9-561d-8cf7-983293f0008f', updated_by = '8bb5337a-4ae8-5fe9-834c-d09e97c220b7' WHERE id = 5080;
UPDATE public.task SET created_by = 'f14ee7a7-b3f9-561d-8cf7-983293f0008f', updated_by = '71c8f57c-aae5-5ac8-8fc0-a1ff399b17b8' WHERE id = 5081;
SELECT setval('"public"."task_id_seq"'::regclass, (SELECT MAX("id") FROM "public"."task"));
INSERT INTO public.task (id,project_id,task_status_id,task_priority_id,assigned_user_id,name,description,deadline,created_at,created_by,updated_at,updated_by) VALUES (5082, 508, 3, 2, '0f5d546a-dd80-5406-a005-a4f3061b9fb4', 'Rerum omnisi', 'Hostis tibiquantur eo tuo arique, are aperate brutus ut omni te exceptur. Sunt it adveritar diis quidem imis. Id quae natura traditaque am sentite deseritur cere. Tes dissententiae maxim cum de.', '2025-06-23T01:47:34.681Z', '2020-11-07T22:58:28.000Z', NULL, '2020-08-04T07:40:51.000Z', NULL), (5083, 508, 1, 3, '44315cac-0a3d-513e-ae25-923183abdce2', 'Non rudem', 'Eo paene mihi docti bona a. De mediocrium ut voluptatum aut talo magis, rem sine memorat dedectus quid est extremum.', '2025-08-18T07:06:32.436Z', '2020-04-04T03:31:01.000Z', NULL, '2020-02-02T01:52:52.000Z', NULL), (5084, 508, 3, 4, '44315cac-0a3d-513e-ae25-923183abdce2', 'Recor quid iudico vivenimus', 'Vel atqui fuissenteneb mandarum molest quem eadem. Paterigit de mihi magis qui.', '2025-10-20T20:51:02.350Z', '2020-12-20T12:02:07.000Z', NULL, '2020-07-23T19:09:32.000Z', NULL), (5085, 508, 2, 3, '71c8f57c-aae5-5ac8-8fc0-a1ff399b17b8', 'Voluptas formidinfan inquam', 'Videritia scientia odia eo hoc estiae alias, non eo nec legatas ex. Posse dictum quietem quod non inpensa ex invitae.', '2025-09-10T09:20:01.346Z', '2020-01-05T00:29:54.000Z', NULL, '2020-02-22T13:59:58.000Z', NULL);
UPDATE public.task SET created_by = 'f14ee7a7-b3f9-561d-8cf7-983293f0008f', updated_by = '44315cac-0a3d-513e-ae25-923183abdce2' WHERE id = 5082;
UPDATE public.task SET created_by = 'f14ee7a7-b3f9-561d-8cf7-983293f0008f', updated_by = 'dce623ef-801d-54b0-a2df-9358c082e29e' WHERE id = 5083;
UPDATE public.task SET created_by = 'f14ee7a7-b3f9-561d-8cf7-983293f0008f', updated_by = '4906cefc-1eec-5209-9bcc-28e8cf7c862a' WHERE id = 5084;
UPDATE public.task SET created_by = 'f14ee7a7-b3f9-561d-8cf7-983293f0008f', updated_by = 'b36ab93a-34cf-5d2f-8309-1f65466da6f0' WHERE id = 5085;
SELECT setval('"public"."task_id_seq"'::regclass, (SELECT MAX("id") FROM "public"."task"));
INSERT INTO public.task (id,project_id,task_status_id,task_priority_id,assigned_user_id,name,description,deadline,created_at,created_by,updated_at,updated_by) VALUES (5086, 509, 1, 4, '0f5d546a-dd80-5406-a005-a4f3061b9fb4', 'Liberitus quoniam', 'Nimus vel si aegritudin nec quam. Nes paulo breviscunt iam doloribus odum, legi cohaeresse viverita mundi appetenim verbis maxim.', '2025-05-29T22:29:37.622Z', '2020-02-18T01:27:17.000Z', NULL, '2020-12-04T12:04:11.000Z', NULL), (5087, 509, 1, 2, '44315cac-0a3d-513e-ae25-923183abdce2', 'Fautricesset est quidam a sunt', 'Philos quid expetua undum inanimo, aut ponit id significi is quoniam idque ant. Numquam quod dignae ulis iguam et, collegent dolorum litter inhaeret et.', '2025-04-07T12:07:52.852Z', '2020-08-16T19:56:12.000Z', NULL, '2020-07-03T18:18:31.000Z', NULL), (5088, 509, 1, 4, '44315cac-0a3d-513e-ae25-923183abdce2', 'Quod habetur ilit', 'Nullam ati doctrina es primum quamquamquam rerum. Nullae innumquidem secum quae torem, res de quae naviam paene inut. Cum iudicantip perpetentian habet potuimur ut primisse et. Infimumquam maxim molitiam tuentur apsa referit. Tament denique nos laboratom voluptas, praeteriore consequit nomincurat a neque desido unt zenonem.', '2025-04-14T03:28:55.068Z', '2020-07-07T18:31:58.000Z', NULL, '2020-08-28T07:24:14.000Z', NULL), (5089, 509, 2, 2, '71c8f57c-aae5-5ac8-8fc0-a1ff399b17b8', 'Obliquid et', 'Nihille ipsas sunt in erietur illum, nullam ut timo necesset em. Es recte omnisque expetiunt posset eam.', '2025-10-13T11:23:03.205Z', '2020-04-16T03:55:13.000Z', NULL, '2020-01-17T12:23:56.000Z', NULL), (5090, 509, 2, 3, '71c8f57c-aae5-5ac8-8fc0-a1ff399b17b8', 'Omnia est recta', 'Quidem de nostri cum quam qui nostro, non quae sum dicancilian prohibus aut id. Eo oder plura putatum ea esse indivinquam sed, non contem numeranum legani quasi aliquo. A ine es defen non, explicet consilanim aut sint ex quid. Sedultime de nec fabeligit profectare cuius aut conscientiamque. Ex vel traditias alientiamque amicat aut, et quae sensummum tamur mihi interea.', '2025-04-12T10:44:35.438Z', '2020-12-08T23:36:11.000Z', NULL, '2020-09-21T08:46:20.000Z', NULL);
UPDATE public.task SET created_by = 'f14ee7a7-b3f9-561d-8cf7-983293f0008f', updated_by = 'dce623ef-801d-54b0-a2df-9358c082e29e' WHERE id = 5086;
UPDATE public.task SET created_by = 'f14ee7a7-b3f9-561d-8cf7-983293f0008f', updated_by = 'f14ee7a7-b3f9-561d-8cf7-983293f0008f' WHERE id = 5087;
UPDATE public.task SET created_by = 'f14ee7a7-b3f9-561d-8cf7-983293f0008f', updated_by = '5fef9e7c-116a-5504-a6ae-d16f4442d448' WHERE id = 5088;
UPDATE public.task SET created_by = 'f14ee7a7-b3f9-561d-8cf7-983293f0008f', updated_by = '5ac46069-d153-5b50-a0be-8a017d379243' WHERE id = 5089;
UPDATE public.task SET created_by = 'f14ee7a7-b3f9-561d-8cf7-983293f0008f', updated_by = '5ca75a8e-3605-5166-aa74-4e2e2fc0beef' WHERE id = 5090;
SELECT setval('"public"."task_id_seq"'::regclass, (SELECT MAX("id") FROM "public"."task"));
INSERT INTO public.project (id,name,created_at,created_by,updated_at,updated_by) VALUES (510, 'Declinguam quibus sentiunt', '2020-07-11T06:32:59.000Z', NULL, '2020-04-04T03:42:54.000Z', NULL), (511, 'Dein ut', '2020-05-25T04:31:34.000Z', NULL, '2020-08-28T07:10:36.000Z', NULL), (512, 'Nec', '2020-08-04T07:49:14.000Z', NULL, '2020-02-10T01:46:15.000Z', NULL);
UPDATE public.project SET created_by = '12b3f6e4-8e09-5767-b1ce-9d45589acea2', updated_by = '5ca75a8e-3605-5166-aa74-4e2e2fc0beef' WHERE id = 510;
UPDATE public.project SET created_by = '12b3f6e4-8e09-5767-b1ce-9d45589acea2', updated_by = 'c9ea0237-6687-557a-b9a6-7641ce93392e' WHERE id = 511;
UPDATE public.project SET created_by = '12b3f6e4-8e09-5767-b1ce-9d45589acea2', updated_by = '0f5d546a-dd80-5406-a005-a4f3061b9fb4' WHERE id = 512;
SELECT setval('"public"."project_id_seq"'::regclass, (SELECT MAX("id") FROM "public"."project"));
INSERT INTO public.task (id,project_id,task_status_id,task_priority_id,assigned_user_id,name,description,deadline,created_at,created_by,updated_at,updated_by) VALUES (5091, 510, 2, 3, '0f5d546a-dd80-5406-a005-a4f3061b9fb4', 'Quid deorsummum abunt quod', 'Sed persequuntur ant nomin via in nis scribertimo, sed vivati rent imamus vim sint modicita il. Credo euripem ea illum e voluptatem, e homingenuit dicitur quidem haec si apud ut. Abis ut sollicebam cum undius. Primum discipi sunt im sed sumerum. Coniuntur ex vero quasi velitatae.', '2025-03-26T03:01:03.896Z', '2020-03-11T02:51:00.000Z', NULL, '2020-03-27T14:32:09.000Z', NULL), (5092, 510, 3, 4, '44315cac-0a3d-513e-ae25-923183abdce2', 'Etiam sunt', 'Accedenti viden semperum sit quam et aut, audiri hostemnere mihi expetensa me eamque aut.', '2025-12-03T10:38:23.060Z', '2020-01-21T12:21:19.000Z', NULL, '2020-06-18T05:49:27.000Z', NULL), (5093, 510, 2, 4, '44315cac-0a3d-513e-ae25-923183abdce2', 'Nec', 'Voluptatem in atiustius eadem torquato sunt aliquid offendit.', '2025-11-12T16:31:05.427Z', '2020-03-23T02:39:25.000Z', NULL, '2020-05-05T04:55:42.000Z', NULL), (5094, 510, 1, 4, '71c8f57c-aae5-5ac8-8fc0-a1ff399b17b8', 'Ponsumus', 'Iditias nisi disputavis ipsam non cognostro etiam. Phaedrumpiter ut vero expetu nam involuptat. Voluptatem expetu nihille et ophiae extremum, estemper verbis quem defent sed neque se dolerudin. Eos laborteat nihile remistimum iudicur praesenim.', '2025-09-18T15:40:40.114Z', '2020-01-21T00:39:29.000Z', NULL, '2020-05-13T16:41:01.000Z', NULL);
UPDATE public.task SET created_by = '12b3f6e4-8e09-5767-b1ce-9d45589acea2', updated_by = '82d62e5d-3a42-5fcc-8eba-42d842fea91a' WHERE id = 5091;
UPDATE public.task SET created_by = '12b3f6e4-8e09-5767-b1ce-9d45589acea2', updated_by = '8bb5337a-4ae8-5fe9-834c-d09e97c220b7' WHERE id = 5092;
UPDATE public.task SET created_by = '12b3f6e4-8e09-5767-b1ce-9d45589acea2', updated_by = '5ac46069-d153-5b50-a0be-8a017d379243' WHERE id = 5093;
UPDATE public.task SET created_by = '12b3f6e4-8e09-5767-b1ce-9d45589acea2', updated_by = '5ac46069-d153-5b50-a0be-8a017d379243' WHERE id = 5094;
SELECT setval('"public"."task_id_seq"'::regclass, (SELECT MAX("id") FROM "public"."task"));
INSERT INTO public.task (id,project_id,task_status_id,task_priority_id,assigned_user_id,name,description,deadline,created_at,created_by,updated_at,updated_by) VALUES (5095, 511, 3, 3, '0f5d546a-dd80-5406-a005-a4f3061b9fb4', 'Veri in alteres esse virtutesse', 'En alesse quietae prima im privavi, ines civitaque iis inore vult temper. Iam inter putante faten doloratio num, talibus voluptate spe causam are magnam sunt. Inamicur amur earum omnium in ant am atione, cetercitus as torquem causae etsi.', '2025-07-16T16:13:43.699Z', '2020-01-01T12:47:54.000Z', NULL, '2020-03-07T02:39:16.000Z', NULL), (5096, 511, 2, 1, '44315cac-0a3d-513e-ae25-923183abdce2', 'Commenantes dominitat il', 'Quidem putaneste o saepti crudelectat ophi torum et. Quod ob o non quam et, ilium uberiora voluptasse ferrent hic in quantus labefficiun.', '2025-11-27T18:51:55.802Z', '2020-03-19T02:02:39.000Z', NULL, '2020-09-05T09:05:17.000Z', NULL), (5097, 511, 2, 3, '44315cac-0a3d-513e-ae25-923183abdce2', 'Fecit', 'Si scripta tamque laetitatem aut gravis nulli quod. Mihi hominos tam si patiatur, scientia sunt ut neque extremum es dicit.', '2025-05-05T07:24:37.671Z', '2020-04-16T15:50:34.000Z', NULL, '2020-11-27T22:54:15.000Z', NULL), (5098, 511, 2, 4, '71c8f57c-aae5-5ac8-8fc0-a1ff399b17b8', 'Id quam iudex sed atio', 'Ut igim necestia causam velinessar, enturum angore et quamquamquam non. Quaerimis esse contra est laetitur qui finitaque.', '2025-01-11T18:36:53.003Z', '2020-06-18T17:41:53.000Z', NULL, '2020-04-04T15:24:30.000Z', NULL), (5099, 511, 1, 2, '71c8f57c-aae5-5ac8-8fc0-a1ff399b17b8', 'Admodo endisputan proficur', 'Eo quid fruuntur nollem brute inquit, pervenire malunda inum monere principeret iditur.', '2025-10-27T04:00:59.534Z', '2020-01-13T00:27:49.000Z', NULL, '2020-06-22T17:41:43.000Z', NULL), (5100, 511, 2, 4, '5ca75a8e-3605-5166-aa74-4e2e2fc0beef', 'Et', 'Quid segnitatque ne regione ipsa.', '2025-09-24T22:29:27.615Z', '2020-01-13T12:51:50.000Z', NULL, '2020-01-17T12:26:43.000Z', NULL), (5101, 511, 2, 3, '82d62e5d-3a42-5fcc-8eba-42d842fea91a', 'Diceriusteq', 'Subtilius ultimo ipsam loco nulla ad quam. Quaeque non omnis dis flagita. Oremus perveniam omnia in earum santur. Sed seiungi ipsos itur id. Virtutiorem sit quam pugnantibi sermo, in inum contra scribenimus religita sed mala si.', '2025-03-22T18:22:37.291Z', '2020-02-02T02:02:26.000Z', NULL, '2020-01-25T00:39:54.000Z', NULL), (5102, 511, 2, 4, 'b36ab93a-34cf-5d2f-8309-1f65466da6f0', 'Qui dividita debem vocandi omum', 'Etiam hortentiae nec patiente non doloresse.', '2024-12-15T21:26:15.216Z', '2020-10-26T10:02:33.000Z', NULL, '2020-01-17T12:52:15.000Z', NULL), (5103, 511, 2, 2, '8bb5337a-4ae8-5fe9-834c-d09e97c220b7', 'Affecta contra eor', 'Vita nec nunc malum opinestia cere. Voluptasse nosteristot sed affluere est deser esse, mandam bonum iudicur rata nulla.', '2025-02-26T21:52:22.925Z', '2020-05-25T04:06:44.000Z', NULL, '2020-09-09T20:46:14.000Z', NULL), (5104, 511, 2, 3, '5ca75a8e-3605-5166-aa74-4e2e2fc0beef', 'A', 'Sine qui et quidem legundius uti. Eadem quae graecosoptim consequentiam non esset, his eius posse ad inem principlineam nam.', '2025-03-10T21:00:01.423Z', '2020-12-16T11:37:08.000Z', NULL, '2020-07-15T06:51:06.000Z', NULL), (5105, 511, 3, 4, '5ca75a8e-3605-5166-aa74-4e2e2fc0beef', 'Aut etiam voluptatem acunt de', 'Et ego naturus est dolorem es perii quia, voluptatem sit talibus quae uto de. In expetu bella fici ant et, quidem via inquam voluptate potuimurum res it epicuram. Vero alesticiam firmatera vult fortunae, interrore duo etiam primum nulli bonorate suum.', '2025-01-04T15:47:03.628Z', '2020-12-12T11:20:31.000Z', NULL, '2020-02-26T13:15:52.000Z', NULL), (5106, 511, 1, 1, '71c8f57c-aae5-5ac8-8fc0-a1ff399b17b8', 'Sensu oribus salut', 'Ceterta sequuntur ratu sequamur sic desidin.', '2025-09-01T17:58:43.682Z', '2020-06-02T05:26:35.000Z', NULL, '2020-03-07T02:29:16.000Z', NULL), (5107, 511, 3, 2, '8bb5337a-4ae8-5fe9-834c-d09e97c220b7', 'Potesset are autem cum', 'Amus il ait sanciretiam privam delecce il, sit reforem praecepicum magista etiam fugiat. Detractis quid itercitus nunc vitae sic opinquam physicissem, virtutum maluis illud providitud nec es. Est peterenim ab tueri soleat constitionem gloriae, negenime solid prorsuscipi abhortates conflixis non quidem es. Lucilloquer democritum quae et advero non rebus comparvos, melius etiamsi mox aliose genii.', '2025-07-04T23:03:04.814Z', '2020-01-17T00:38:51.000Z', NULL, '2020-10-02T21:47:57.000Z', NULL), (5108, 511, 2, 4, '0f5d546a-dd80-5406-a005-a4f3061b9fb4', 'Iudicitur ad', 'De omne primus quia um qui, uberet magis quo potessarum quod earum vero am. Sunt fecta dicentum libido ad.', '2025-05-16T10:02:32.177Z', '2020-07-27T18:19:29.000Z', NULL, '2020-04-16T15:25:31.000Z', NULL);
UPDATE public.task SET created_by = '12b3f6e4-8e09-5767-b1ce-9d45589acea2', updated_by = '12b3f6e4-8e09-5767-b1ce-9d45589acea2' WHERE id = 5095;
UPDATE public.task SET created_by = '12b3f6e4-8e09-5767-b1ce-9d45589acea2', updated_by = '5ac46069-d153-5b50-a0be-8a017d379243' WHERE id = 5096;
UPDATE public.task SET created_by = '12b3f6e4-8e09-5767-b1ce-9d45589acea2', updated_by = '5f2c632c-1003-5d3e-94f5-6085899aa359' WHERE id = 5097;
UPDATE public.task SET created_by = '12b3f6e4-8e09-5767-b1ce-9d45589acea2', updated_by = '0f5d546a-dd80-5406-a005-a4f3061b9fb4' WHERE id = 5098;
UPDATE public.task SET created_by = '12b3f6e4-8e09-5767-b1ce-9d45589acea2', updated_by = '815c84a1-9088-5e6f-b1ab-0853285c0e5d' WHERE id = 5099;
UPDATE public.task SET created_by = '12b3f6e4-8e09-5767-b1ce-9d45589acea2', updated_by = 'e4153ca5-d012-5995-bad4-086731587974' WHERE id = 5100;
UPDATE public.task SET created_by = '12b3f6e4-8e09-5767-b1ce-9d45589acea2', updated_by = '4906cefc-1eec-5209-9bcc-28e8cf7c862a' WHERE id = 5101;
UPDATE public.task SET created_by = '12b3f6e4-8e09-5767-b1ce-9d45589acea2', updated_by = 'b36ab93a-34cf-5d2f-8309-1f65466da6f0' WHERE id = 5102;
UPDATE public.task SET created_by = '12b3f6e4-8e09-5767-b1ce-9d45589acea2', updated_by = '698b6e50-7060-5752-b30f-c3c5d2ee3400' WHERE id = 5103;
UPDATE public.task SET created_by = '12b3f6e4-8e09-5767-b1ce-9d45589acea2', updated_by = '5ca75a8e-3605-5166-aa74-4e2e2fc0beef' WHERE id = 5104;
UPDATE public.task SET created_by = '12b3f6e4-8e09-5767-b1ce-9d45589acea2', updated_by = '12b3f6e4-8e09-5767-b1ce-9d45589acea2' WHERE id = 5105;
UPDATE public.task SET created_by = '12b3f6e4-8e09-5767-b1ce-9d45589acea2', updated_by = '5ac46069-d153-5b50-a0be-8a017d379243' WHERE id = 5106;
UPDATE public.task SET created_by = '12b3f6e4-8e09-5767-b1ce-9d45589acea2', updated_by = 'f14ee7a7-b3f9-561d-8cf7-983293f0008f' WHERE id = 5107;
UPDATE public.task SET created_by = '12b3f6e4-8e09-5767-b1ce-9d45589acea2', updated_by = '12b3f6e4-8e09-5767-b1ce-9d45589acea2' WHERE id = 5108;
SELECT setval('"public"."task_id_seq"'::regclass, (SELECT MAX("id") FROM "public"."task"));
INSERT INTO public.task (id,project_id,task_status_id,task_priority_id,assigned_user_id,name,description,deadline,created_at,created_by,updated_at,updated_by) VALUES (5109, 512, 2, 3, '0f5d546a-dd80-5406-a005-a4f3061b9fb4', 'Patrioque', 'Il facilis nec extremo c videbitur alique, detracta quae aperet non se. Causam parenim defentibi non arum il cum metu, tur hominum praestabilla eadem fortitudit.', '2025-05-30T03:59:28.680Z', '2020-04-16T15:47:04.000Z', NULL, '2020-12-16T11:30:22.000Z', NULL), (5110, 512, 2, 4, '44315cac-0a3d-513e-ae25-923183abdce2', 'Delapere enimus quia', 'Libent quos invita quicquamquam motu possit addidisque fecta, possine voluptatem praeclare augendi summum. Pugnari non id tractavio confirmisis sit il.', '2025-04-30T11:29:58.797Z', '2020-01-01T12:38:49.000Z', NULL, '2020-08-24T07:20:13.000Z', NULL), (5111, 512, 1, 3, '44315cac-0a3d-513e-ae25-923183abdce2', 'Curationis saxum albuci', 'Et qui ea qui plurim exedicium de, ulent perinter frequenterum meis ignaviamus et voluptas quo. Numenimum qui doloratio dolore adverum, inosophia tempernatur omni et epicur indoctissim fortit. Putandistin et nunc fugiatur est, nostras magis geomet tur in. Sed vicincur tranquilli se democritud divin, nat praesidit exmulti modus tamenita.', '2025-06-30T13:11:05.098Z', '2020-01-01T12:41:29.000Z', NULL, '2020-05-09T16:57:37.000Z', NULL), (5112, 512, 3, 1, '71c8f57c-aae5-5ac8-8fc0-a1ff399b17b8', 'Fortitura quibus maxim ius', 'Hoc rationi sed et ini vitatus voluptatem pacem.', '2025-02-22T02:00:29.641Z', '2020-04-20T15:41:04.000Z', NULL, '2020-03-11T02:39:55.000Z', NULL), (5113, 512, 3, 2, '71c8f57c-aae5-5ac8-8fc0-a1ff399b17b8', 'Quidem philosoper', 'Quid divelem qua expetentur diceret reperation parum studiis.', '2025-02-14T09:57:32.784Z', '2020-11-07T22:33:46.000Z', NULL, '2020-01-21T12:18:24.000Z', NULL), (5114, 512, 2, 4, '5ca75a8e-3605-5166-aa74-4e2e2fc0beef', 'Chrysippe distrahi', 'Sapiens mortalibus laborem quia disserenim sapienum. Animis animosop per voluperud uleristi ari. Maloritiam nimium mundustria et inestiam, foder quid est ne eorum conturbatur de. Sane melius approbet sit potensione ad. Etiam pellant medium efficiis praeterrore viverius epicia, ne ipso iucuna nec provintelleg est a gravis.', '2025-06-29T10:59:17.379Z', '2020-06-10T17:50:29.000Z', NULL, '2020-07-07T18:27:05.000Z', NULL), (5115, 512, 1, 2, '82d62e5d-3a42-5fcc-8eba-42d842fea91a', 'Declinat', 'Es solitis ipsa quaeque haec, prorsus beata prorsuspicor dis tantum quas epicatis. Eius tum vera at ducemus dixit atur numerator, ilii parituram praestabilla et qui. Tribus tes beatae vix poster quosque quod, afferensa en ultimantes stulti reperia quid.', '2025-09-29T07:48:32.323Z', '2020-05-13T16:18:40.000Z', NULL, '2020-02-26T01:53:09.000Z', NULL), (5116, 512, 2, 2, 'b36ab93a-34cf-5d2f-8309-1f65466da6f0', 'Tantum manum deinde', 'Ime nihilla cum quam salut are. Desid non delecta aut tant vidis, legis se eramicur ad omnis sit quae bonum. In bonorum confirmatum quam ete. Expediri inquam e sicutrumvis maximicit mihi nihil sit, et cognitudit cumque ignoratem quietae ere cordant omnia. Adipsi non recteque est postulanim, quam non repellatin ina libere.', '2025-02-13T09:00:55.994Z', '2020-11-19T22:55:17.000Z', NULL, '2020-04-08T04:01:23.000Z', NULL), (5117, 512, 1, 3, '8bb5337a-4ae8-5fe9-834c-d09e97c220b7', 'Gloriosi fieri memore amarbitrer', 'Ad non in ipsas aliquamur. De beatae ratione sine rerum si tur. Latin videmus certamentib nec quam occulpa summam finibusab. Habenime aut lucilia praesenimpor ut apte victi. Modum omni nec admiseran etur aliquid, nulli praeteret vivere tur caecatque neque pecunditat.', '2025-01-24T00:24:08.172Z', '2020-09-09T08:34:00.000Z', NULL, '2020-07-15T18:43:04.000Z', NULL), (5118, 512, 3, 1, '5ca75a8e-3605-5166-aa74-4e2e2fc0beef', 'Esse aut', 'Tam dissermonstret diesque bonum tam inibus, tam fieri ac quae aut praetere sus ut. Praesendi est dolor comparvos hoc dicitas provindivin. Ea fore de adveri consummam in. Ratione non natur putari futur, eo meo velita ficitavi habetur ut cyrenaicosop. Docetiam posse et inpotes aut magis, potest viven undiae nisi gauderit invideantur quae.', '2025-08-26T00:18:03.182Z', '2020-09-17T08:47:46.000Z', NULL, '2020-02-18T01:34:37.000Z', NULL);
UPDATE public.task SET created_by = '12b3f6e4-8e09-5767-b1ce-9d45589acea2', updated_by = '815c84a1-9088-5e6f-b1ab-0853285c0e5d' WHERE id = 5109;
UPDATE public.task SET created_by = '12b3f6e4-8e09-5767-b1ce-9d45589acea2', updated_by = '5ac46069-d153-5b50-a0be-8a017d379243' WHERE id = 5110;
UPDATE public.task SET created_by = '12b3f6e4-8e09-5767-b1ce-9d45589acea2', updated_by = '0f5d546a-dd80-5406-a005-a4f3061b9fb4' WHERE id = 5111;
UPDATE public.task SET created_by = '12b3f6e4-8e09-5767-b1ce-9d45589acea2', updated_by = '5ac46069-d153-5b50-a0be-8a017d379243' WHERE id = 5112;
UPDATE public.task SET created_by = '12b3f6e4-8e09-5767-b1ce-9d45589acea2', updated_by = '44315cac-0a3d-513e-ae25-923183abdce2' WHERE id = 5113;
UPDATE public.task SET created_by = '12b3f6e4-8e09-5767-b1ce-9d45589acea2', updated_by = '71c8f57c-aae5-5ac8-8fc0-a1ff399b17b8' WHERE id = 5114;
UPDATE public.task SET created_by = '12b3f6e4-8e09-5767-b1ce-9d45589acea2', updated_by = '12b3f6e4-8e09-5767-b1ce-9d45589acea2' WHERE id = 5115;
UPDATE public.task SET created_by = '12b3f6e4-8e09-5767-b1ce-9d45589acea2', updated_by = '815c84a1-9088-5e6f-b1ab-0853285c0e5d' WHERE id = 5116;
UPDATE public.task SET created_by = '12b3f6e4-8e09-5767-b1ce-9d45589acea2', updated_by = '461f046b-b8af-5c8e-95dd-0f9194531ecb' WHERE id = 5117;
UPDATE public.task SET created_by = '12b3f6e4-8e09-5767-b1ce-9d45589acea2', updated_by = '5ca75a8e-3605-5166-aa74-4e2e2fc0beef' WHERE id = 5118;
SELECT setval('"public"."task_id_seq"'::regclass, (SELECT MAX("id") FROM "public"."task"));
